{
"type": "FeatureCollection",
"name": "munis_top50",
"crs": { "type": "name", "properties": { "name": "urn:ogc:def:crs:OGC:1.3:CRS84" } },
"features": [
{ "type": "Feature", "properties": { "codigo_departamento": 20, "departamento": "Chiquimula", "codigo_municipio_shape": 2004, "municipio": "Jocotán", "riesgos": 13.3, "pobreza": 18.1, "indice_san": 15.9, "politicas": 25.0, "ponderacion": 72.255, "ranking": 1, "riesgos_prom_depto": 13.14, "pobreza_prom_depto": 11.48, "indice_san_prom_depto": 7.45, "politicas_prom_depto": 13.25, "ponderacion_prom_depto": 45.29, "riesgos_prom_nacional": 13.19, "pobreza_prom_nacional": 9.78, "indice_san_prom_nacional": 7.92, "politicas_prom_nacional": 7.21, "ponderacion_prom_nacional": 38.07 }, "geometry": { "type": "MultiPolygon", "coordinates": [ [ [ [ -89.408293984490427, 14.902472316727529 ], [ -89.407096509705227, 14.901643451904905 ], [ -89.401400338808827, 14.900473103669043 ], [ -89.398746757814337, 14.899269294355163 ], [ -89.393900608461053, 14.898095234036916 ], [ -89.391946773467055, 14.898068951500157 ], [ -89.389153573839977, 14.897069309178171 ], [ -89.386144149673441, 14.896619040110778 ], [ -89.383756648583443, 14.895470055031772 ], [ -89.378302945076342, 14.894393274848563 ], [ -89.372321038457812, 14.895488787446981 ], [ -89.370448432944656, 14.896433852146577 ], [ -89.365642496485748, 14.897652736365558 ], [ -89.365039670081188, 14.898214019705341 ], [ -89.361260222821684, 14.898925627176155 ], [ -89.358614158784292, 14.900363696102346 ], [ -89.355765530876127, 14.901118216393197 ], [ -89.35091295696671, 14.902859474308951 ], [ -89.350022604230702, 14.903131823296913 ], [ -89.348862280178551, 14.901115339353822 ], [ -89.348269179486266, 14.893706277071896 ], [ -89.350809848479713, 14.888606884723309 ], [ -89.3543455006686, 14.886068421650497 ], [ -89.355481885444206, 14.88399263066464 ], [ -89.356287944634573, 14.879760155418573 ], [ -89.359097567912514, 14.876579377663509 ], [ -89.359960709878948, 14.872911861578419 ], [ -89.361771907952019, 14.86949629859261 ], [ -89.362662035563474, 14.868225429248243 ], [ -89.365218745651745, 14.866762113735707 ], [ -89.366652724993486, 14.862797849658067 ], [ -89.367372197088073, 14.861982289912421 ], [ -89.371026103732845, 14.859443047510718 ], [ -89.371637283068154, 14.857194084876571 ], [ -89.372862039103552, 14.854909692006661 ], [ -89.375090457575311, 14.85294913522617 ], [ -89.376422292990441, 14.850881885061586 ], [ -89.376465022228629, 14.850058980158975 ], [ -89.377113425234143, 14.849709321661503 ], [ -89.377120453430081, 14.848071295173582 ], [ -89.377734560537633, 14.847204379827255 ], [ -89.378042607440491, 14.840171558564577 ], [ -89.37787396578031, 14.838285942141439 ], [ -89.377393594949609, 14.837811294880282 ], [ -89.37750720687491, 14.836735660911122 ], [ -89.376645152836275, 14.835502487359543 ], [ -89.376541543482176, 14.833820972191196 ], [ -89.375976124767988, 14.833231033776864 ], [ -89.375031667229734, 14.829776275837572 ], [ -89.374839991357646, 14.827777480610747 ], [ -89.375066864559258, 14.824498019022023 ], [ -89.374712073047178, 14.821639224878883 ], [ -89.374462930439989, 14.820478899090093 ], [ -89.373167616607233, 14.815741506003876 ], [ -89.374122886918144, 14.812591987760891 ], [ -89.374505836126374, 14.808257863725743 ], [ -89.372562598415016, 14.800925586058034 ], [ -89.372184604633546, 14.797718950890767 ], [ -89.371600834353202, 14.796564639775893 ], [ -89.367118551119532, 14.791550258664792 ], [ -89.364630903478442, 14.791192863733768 ], [ -89.360513511803006, 14.791705474872508 ], [ -89.357964405342884, 14.793189350685292 ], [ -89.3565956463448, 14.792975912479397 ], [ -89.352802660207658, 14.792706042190934 ], [ -89.349970149949399, 14.791202452487976 ], [ -89.347487165079684, 14.790917153911904 ], [ -89.338351102600583, 14.79172427143652 ], [ -89.332999139155746, 14.792771793213035 ], [ -89.329398219740042, 14.792498957514614 ], [ -89.326412619349256, 14.791940310042818 ], [ -89.323400107134262, 14.789575048372011 ], [ -89.318505725708704, 14.787937804034721 ], [ -89.315703895607456, 14.789342661992617 ], [ -89.308005325844078, 14.790452448062148 ], [ -89.302048551038638, 14.792502571340519 ], [ -89.296010734582211, 14.793346391945699 ], [ -89.294838447945239, 14.793997630653578 ], [ -89.292885658547419, 14.794045172657528 ], [ -89.289289498377087, 14.793741330663414 ], [ -89.288475251875397, 14.793009611885738 ], [ -89.280902931024016, 14.789467085448992 ], [ -89.274524522194213, 14.787621133031456 ], [ -89.271501460504894, 14.787206728667575 ], [ -89.262348163410692, 14.787733002096321 ], [ -89.261616861913353, 14.787242835524752 ], [ -89.257784723602697, 14.787396083691931 ], [ -89.254753857499793, 14.787711196693847 ], [ -89.254078113808646, 14.7881728658345 ], [ -89.252695121702743, 14.788533915263129 ], [ -89.251774558913169, 14.788230156011361 ], [ -89.249559706771919, 14.788455817033723 ], [ -89.245833279470602, 14.789473538931151 ], [ -89.241678301152973, 14.788278867700109 ], [ -89.238024981248515, 14.786133486379242 ], [ -89.230590045385739, 14.786396629195504 ], [ -89.230484592031644, 14.785890673457894 ], [ -89.230596069592153, 14.785008118554005 ], [ -89.230654556173931, 14.784273595794604 ], [ -89.229823334280681, 14.783936252038911 ], [ -89.229330170169419, 14.783928182621885 ], [ -89.228852060503314, 14.783753409361365 ], [ -89.22832179254705, 14.783242756019032 ], [ -89.22765090057996, 14.782249260447163 ], [ -89.227338721363822, 14.781764735633587 ], [ -89.227117913731675, 14.781259146819744 ], [ -89.226816157091292, 14.780138585402206 ], [ -89.226512859259941, 14.779107112703365 ], [ -89.226167627563896, 14.777852731908965 ], [ -89.225772774737266, 14.77681976069427 ], [ -89.225239044012653, 14.775873631753418 ], [ -89.224654138129509, 14.775239124577238 ], [ -89.223610264608979, 14.774598231783553 ], [ -89.222292524002853, 14.773906597286945 ], [ -89.221793478461663, 14.773570163491067 ], [ -89.221203960743139, 14.77320292004479 ], [ -89.220152885594317, 14.772979264872404 ], [ -89.219381400937579, 14.772509768090439 ], [ -89.218751894245074, 14.771807969091327 ], [ -89.218277307546799, 14.77139861073857 ], [ -89.217825529370799, 14.771011057976725 ], [ -89.21732756494562, 14.770646436357648 ], [ -89.216827107223594, 14.770392318103864 ], [ -89.216302677340565, 14.770250610181547 ], [ -89.215410496886236, 14.770124296297404 ], [ -89.21445207826919, 14.769840098600589 ], [ -89.213867202902563, 14.769206704429251 ], [ -89.213603182890665, 14.768554890287875 ], [ -89.213566595387036, 14.768024121080623 ], [ -89.213667905019619, 14.767462905008836 ], [ -89.213976373836431, 14.766888166460809 ], [ -89.214306097398065, 14.766357772186408 ], [ -89.214864316108589, 14.76592023674244 ], [ -89.21553473355128, 14.765597342097085 ], [ -89.216155133863651, 14.765518406165908 ], [ -89.216728995894755, 14.765482696811093 ], [ -89.21732660712118, 14.765380824317909 ], [ -89.218360360212827, 14.765263538126842 ], [ -89.218936523491706, 14.765094753571073 ], [ -89.219491631148188, 14.764836509168026 ], [ -89.220141966669075, 14.764333915886374 ], [ -89.220865303292825, 14.763631724942405 ], [ -89.221406692977908, 14.762792318505218 ], [ -89.221703909060238, 14.761525902055014 ], [ -89.221997651865578, 14.760460213921446 ], [ -89.222429886891092, 14.759329110514026 ], [ -89.222927598841807, 14.758399868216376 ], [ -89.223462396856078, 14.757940487826525 ], [ -89.224948411385995, 14.756871737847458 ], [ -89.225972243787865, 14.756017640763789 ], [ -89.226390562322123, 14.755690584376225 ], [ -89.227088945444748, 14.75505450900633 ], [ -89.227490833842339, 14.754369593425972 ], [ -89.227804053318863, 14.753482437708922 ], [ -89.228018405025907, 14.753017808022738 ], [ -89.228232386027884, 14.752574601834256 ], [ -89.228735641570296, 14.751926306349137 ], [ -89.239743080013653, 14.748667554971778 ], [ -89.243468442724804, 14.746757478046888 ], [ -89.245914957994614, 14.746279481887493 ], [ -89.247564315114516, 14.745307955501827 ], [ -89.253046295751261, 14.744615200468246 ], [ -89.260810765911998, 14.745070415730709 ], [ -89.266849208205855, 14.744104308694805 ], [ -89.271002801595841, 14.741743763910943 ], [ -89.277425205553413, 14.736735959159757 ], [ -89.280869709022298, 14.735435445891303 ], [ -89.282795472291326, 14.735138150551277 ], [ -89.284417005991784, 14.736135515845547 ], [ -89.289626284435357, 14.736955856061897 ], [ -89.294875414017838, 14.736487295789141 ], [ -89.296716169047372, 14.737652806355353 ], [ -89.299219311740487, 14.737899348926803 ], [ -89.299707396391113, 14.737758252341083 ], [ -89.30100133134026, 14.735717900600051 ], [ -89.301620296716223, 14.733215488050069 ], [ -89.302415609046236, 14.732144088749092 ], [ -89.303634719899975, 14.73147655968156 ], [ -89.306960126663995, 14.731317618311026 ], [ -89.312740439059851, 14.733511584229429 ], [ -89.314664041532268, 14.735064111037465 ], [ -89.319097060768982, 14.735358119665829 ], [ -89.322236375099848, 14.736380549070683 ], [ -89.323398224510768, 14.737223705841602 ], [ -89.323981683548666, 14.737615426412226 ], [ -89.325351825594836, 14.739965704449235 ], [ -89.325877651083061, 14.743963179178893 ], [ -89.328801001460661, 14.747606187424141 ], [ -89.33030709556742, 14.748077994780367 ], [ -89.330584594130414, 14.748535921315089 ], [ -89.333182208053685, 14.749523695174787 ], [ -89.336178164039154, 14.749294849942419 ], [ -89.337800363163964, 14.748442873092243 ], [ -89.342179273160355, 14.747767680291183 ], [ -89.343889341339519, 14.746928329189062 ], [ -89.346927817462316, 14.745748959718224 ], [ -89.355000859979455, 14.741169742714424 ], [ -89.356002778186109, 14.74003706203203 ], [ -89.358301119000913, 14.73787108717756 ], [ -89.362610043443752, 14.733058421081454 ], [ -89.365329141371134, 14.730676711762987 ], [ -89.367256585519826, 14.725665122934133 ], [ -89.368687770292922, 14.723102912631266 ], [ -89.375539680784243, 14.723176525731683 ], [ -89.378933406840574, 14.722323729124373 ], [ -89.383614548625943, 14.722199519735668 ], [ -89.385091996973088, 14.72296948573519 ], [ -89.386356307682632, 14.724433350728324 ], [ -89.3877748178583, 14.738616825838349 ], [ -89.38951407787421, 14.741689051505354 ], [ -89.390654115792245, 14.74412237166869 ], [ -89.393060676980852, 14.746700701618925 ], [ -89.394680704501042, 14.749663874448469 ], [ -89.39755170789978, 14.752980519437969 ], [ -89.397939387527501, 14.754712744937141 ], [ -89.398852342028206, 14.756053777819121 ], [ -89.404105473423328, 14.760323645051503 ], [ -89.407433907493242, 14.760622562294513 ], [ -89.409251676412595, 14.762646695753601 ], [ -89.409319452739808, 14.763461206585372 ], [ -89.412040849636881, 14.764898038527969 ], [ -89.41855267553241, 14.766294431033051 ], [ -89.418116099254505, 14.769160161285111 ], [ -89.415709440183278, 14.771783166466971 ], [ -89.414862867482483, 14.773310055979382 ], [ -89.412118054027161, 14.778723517640762 ], [ -89.411128156794121, 14.779090580462157 ], [ -89.410206865149945, 14.781278546871311 ], [ -89.410063596168044, 14.784841533420002 ], [ -89.410712700252532, 14.78598439034058 ], [ -89.413427198008335, 14.786199275898575 ], [ -89.415261145561431, 14.784994649042977 ], [ -89.417181017089874, 14.783958319023554 ], [ -89.419119046662971, 14.783828229906185 ], [ -89.423005239078861, 14.785708441494863 ], [ -89.424083752286194, 14.785843645648539 ], [ -89.428520383288458, 14.788991453440646 ], [ -89.430566303226939, 14.79141280305754 ], [ -89.431319808515113, 14.793022086944601 ], [ -89.432536478733425, 14.79339859060441 ], [ -89.432721035761546, 14.794167536054118 ], [ -89.434111703816328, 14.794186815715163 ], [ -89.437757271403981, 14.793001010109636 ], [ -89.443984656784352, 14.788726318682645 ], [ -89.44446061308166, 14.787770121364501 ], [ -89.44409442621135, 14.78455341520951 ], [ -89.445857625415115, 14.782914158183537 ], [ -89.456462488563218, 14.780357155495663 ], [ -89.460094800525766, 14.780613797741637 ], [ -89.468428716101172, 14.781946644547313 ], [ -89.471752832107953, 14.786172257933027 ], [ -89.473647645275264, 14.79022704083059 ], [ -89.476287744363262, 14.789860116612616 ], [ -89.47731706500889, 14.790139880725757 ], [ -89.478198895220714, 14.791186891634553 ], [ -89.478622013195178, 14.793853906001381 ], [ -89.480250494469217, 14.796925227835663 ], [ -89.480469130330263, 14.798252072504281 ], [ -89.48014309837086, 14.802031431870089 ], [ -89.479395168200938, 14.804788859838865 ], [ -89.47833259344138, 14.8062032951227 ], [ -89.475767177087235, 14.808285235128425 ], [ -89.473952993512142, 14.808914116718766 ], [ -89.469785761767156, 14.808891972892079 ], [ -89.468354805484083, 14.808129854426593 ], [ -89.465316234163268, 14.808453284590856 ], [ -89.462008661764784, 14.808130539362278 ], [ -89.457245949775427, 14.805007519780652 ], [ -89.456660264272841, 14.803262078950294 ], [ -89.455230219373433, 14.802057624503895 ], [ -89.452719938403192, 14.801993005763192 ], [ -89.451141050356185, 14.80345009981548 ], [ -89.446190336437098, 14.815955066909551 ], [ -89.446288377529385, 14.817835151002576 ], [ -89.446874358110634, 14.819060480000125 ], [ -89.446602934138951, 14.824708920854427 ], [ -89.44696997813854, 14.825989538985802 ], [ -89.447942895220123, 14.826959092943538 ], [ -89.449814026407651, 14.827400946867472 ], [ -89.452196167748554, 14.829223787800307 ], [ -89.458044598318025, 14.831473527188777 ], [ -89.459338897396236, 14.833154305183887 ], [ -89.459893536909377, 14.833995522855101 ], [ -89.461222209387216, 14.844180710217781 ], [ -89.462479606430605, 14.845853022780908 ], [ -89.464412757697275, 14.846809123865066 ], [ -89.466388367435357, 14.849327419534159 ], [ -89.4670880227293, 14.851525941381597 ], [ -89.467512407230885, 14.856918934586105 ], [ -89.469841662508244, 14.859453951691508 ], [ -89.473657129307526, 14.859124497842512 ], [ -89.480294008235205, 14.859783800452327 ], [ -89.487730118902633, 14.858766073882668 ], [ -89.491908922533682, 14.859786824210698 ], [ -89.494891405484694, 14.859069669127699 ], [ -89.497614547604542, 14.85950617016436 ], [ -89.50198316572795, 14.861567705040743 ], [ -89.500703372960047, 14.863919924889441 ], [ -89.500746361799003, 14.864994745595761 ], [ -89.497625689632258, 14.87074442440054 ], [ -89.497692663085928, 14.871266731190534 ], [ -89.494468589112472, 14.87762291286319 ], [ -89.491922304413251, 14.881227277550542 ], [ -89.491870648476279, 14.882304026895792 ], [ -89.48864501343364, 14.889590886809902 ], [ -89.484919459396735, 14.892958139355791 ], [ -89.482054088693133, 14.894862708193527 ], [ -89.479846483563961, 14.895414360243494 ], [ -89.476142988146407, 14.897626382276263 ], [ -89.470010674854322, 14.899682406154849 ], [ -89.466423425332991, 14.90016636583211 ], [ -89.452567112938567, 14.899577398521256 ], [ -89.445943229374691, 14.900047781625247 ], [ -89.435761130971727, 14.902552095658573 ], [ -89.427841360985241, 14.906037843113818 ], [ -89.421540256917751, 14.905506113420509 ], [ -89.420930396781998, 14.904989993468133 ], [ -89.412753755650485, 14.903452764184468 ], [ -89.410788946778879, 14.902544188743397 ], [ -89.408293984490427, 14.902472316727529 ] ] ] ] } },
{ "type": "Feature", "properties": { "codigo_departamento": 20, "departamento": "Chiquimula", "codigo_municipio_shape": 2005, "municipio": "Camotán", "riesgos": 12.3, "pobreza": 17.4, "indice_san": 15.4, "politicas": 25.0, "ponderacion": 69.981, "ranking": 2, "riesgos_prom_depto": 13.14, "pobreza_prom_depto": 11.48, "indice_san_prom_depto": 7.45, "politicas_prom_depto": 13.25, "ponderacion_prom_depto": 45.29, "riesgos_prom_nacional": 13.19, "pobreza_prom_nacional": 9.78, "indice_san_prom_nacional": 7.92, "politicas_prom_nacional": 7.21, "ponderacion_prom_nacional": 38.07 }, "geometry": { "type": "MultiPolygon", "coordinates": [ [ [ [ -89.179392436511961, 14.922261269557099 ], [ -89.1793163375972, 14.917675933797572 ], [ -89.180027038662487, 14.915925926892395 ], [ -89.181830059928856, 14.914262967833645 ], [ -89.182367298650448, 14.912808961114225 ], [ -89.181609295730951, 14.909653773431414 ], [ -89.182486108926398, 14.907755371311042 ], [ -89.184469991956988, 14.905171579926563 ], [ -89.187585243692126, 14.902527657229784 ], [ -89.190703552484507, 14.900957566668747 ], [ -89.196448168215809, 14.899900340977062 ], [ -89.199587927707327, 14.900472520005129 ], [ -89.204854046546302, 14.900573470810496 ], [ -89.206144769585535, 14.900061334562746 ], [ -89.209444698644788, 14.897155018760911 ], [ -89.210013557704812, 14.895305490685054 ], [ -89.211331092785713, 14.893822545339143 ], [ -89.211432556017371, 14.893028979736451 ], [ -89.213973389744183, 14.890705583610854 ], [ -89.218591436855633, 14.888687189750625 ], [ -89.222183857693793, 14.888309948384858 ], [ -89.225037107268562, 14.885887768500435 ], [ -89.226854411540131, 14.883238661943798 ], [ -89.227378473207011, 14.88211814036306 ], [ -89.228278372428875, 14.874064188677764 ], [ -89.227573778520338, 14.869831518287167 ], [ -89.227486698817941, 14.863336037684046 ], [ -89.225279961106011, 14.850982824869078 ], [ -89.224636393991062, 14.834763657327763 ], [ -89.222410315321781, 14.830837639992566 ], [ -89.22012765857589, 14.828769665090372 ], [ -89.217817344600817, 14.82586084744613 ], [ -89.213202982925438, 14.819659759279103 ], [ -89.21146288035817, 14.817908621337882 ], [ -89.20752675947719, 14.813559570342781 ], [ -89.202408740344296, 14.806849246866472 ], [ -89.19811754374588, 14.802039672824229 ], [ -89.201963425931396, 14.798441677730278 ], [ -89.205805870490366, 14.798197089482082 ], [ -89.206809991200799, 14.797859442883235 ], [ -89.208494571620236, 14.79602823263822 ], [ -89.210067489772257, 14.795616460860925 ], [ -89.212606047981083, 14.797447256271608 ], [ -89.21366891795131, 14.797698237714917 ], [ -89.214308333872324, 14.797664761065851 ], [ -89.215550065817965, 14.79713018992206 ], [ -89.216362253538335, 14.796360693837604 ], [ -89.219092869775437, 14.794643581774489 ], [ -89.221206324902468, 14.794048836484256 ], [ -89.223977486026001, 14.794271391759962 ], [ -89.227575741622928, 14.793162853120032 ], [ -89.228339335213036, 14.792049586298898 ], [ -89.228414063134039, 14.788533606339943 ], [ -89.230590045385739, 14.786396629195504 ], [ -89.238024981248515, 14.786133486379242 ], [ -89.241678301152973, 14.788278867700109 ], [ -89.245833279470602, 14.789473538931151 ], [ -89.249559706771919, 14.788455817033723 ], [ -89.251774558913169, 14.788230156011361 ], [ -89.252695121702743, 14.788533915263129 ], [ -89.254078113808646, 14.7881728658345 ], [ -89.254753857499793, 14.787711196693847 ], [ -89.257784723602697, 14.787396083691931 ], [ -89.261616861913353, 14.787242835524752 ], [ -89.262348163410692, 14.787733002096321 ], [ -89.271501460504894, 14.787206728667575 ], [ -89.274524522194213, 14.787621133031456 ], [ -89.280902931024016, 14.789467085448992 ], [ -89.288475251875397, 14.793009611885738 ], [ -89.289289498377087, 14.793741330663414 ], [ -89.292885658547419, 14.794045172657528 ], [ -89.294838447945239, 14.793997630653578 ], [ -89.296010734582211, 14.793346391945699 ], [ -89.302048551038638, 14.792502571340519 ], [ -89.308005325844078, 14.790452448062148 ], [ -89.315703895607456, 14.789342661992617 ], [ -89.318505725708704, 14.787937804034721 ], [ -89.323400107134262, 14.789575048372011 ], [ -89.326412619349256, 14.791940310042818 ], [ -89.329398219740042, 14.792498957514614 ], [ -89.332999139155746, 14.792771793213035 ], [ -89.338351102600583, 14.79172427143652 ], [ -89.347487165079684, 14.790917153911904 ], [ -89.349970149949399, 14.791202452487976 ], [ -89.352802660207658, 14.792706042190934 ], [ -89.3565956463448, 14.792975912479397 ], [ -89.357964405342884, 14.793189350685292 ], [ -89.360513511803006, 14.791705474872508 ], [ -89.364630903478442, 14.791192863733768 ], [ -89.367118551119532, 14.791550258664792 ], [ -89.371600834353202, 14.796564639775893 ], [ -89.372184604633546, 14.797718950890767 ], [ -89.372562598415016, 14.800925586058034 ], [ -89.374505836126374, 14.808257863725743 ], [ -89.374122886918144, 14.812591987760891 ], [ -89.373167616607233, 14.815741506003876 ], [ -89.374462930439989, 14.820478899090093 ], [ -89.374712073047178, 14.821639224878883 ], [ -89.375066864559258, 14.824498019022023 ], [ -89.374839991357646, 14.827777480610747 ], [ -89.375031667229734, 14.829776275837572 ], [ -89.375976124767988, 14.833231033776864 ], [ -89.376541543482176, 14.833820972191196 ], [ -89.376645152836275, 14.835502487359543 ], [ -89.37750720687491, 14.836735660911122 ], [ -89.377393594949609, 14.837811294880282 ], [ -89.37787396578031, 14.838285942141439 ], [ -89.378042607440491, 14.840171558564577 ], [ -89.377734560537633, 14.847204379827255 ], [ -89.377120453430081, 14.848071295173582 ], [ -89.377113425234143, 14.849709321661503 ], [ -89.376465022228629, 14.850058980158975 ], [ -89.376422292990441, 14.850881885061586 ], [ -89.375090457575311, 14.85294913522617 ], [ -89.372862039103552, 14.854909692006661 ], [ -89.371637283068154, 14.857194084876571 ], [ -89.371026103732845, 14.859443047510718 ], [ -89.367372197088073, 14.861982289912421 ], [ -89.366652724993486, 14.862797849658067 ], [ -89.365218745651745, 14.866762113735707 ], [ -89.362662035563474, 14.868225429248243 ], [ -89.361771907952019, 14.86949629859261 ], [ -89.359960709878948, 14.872911861578419 ], [ -89.359097567912514, 14.876579377663509 ], [ -89.356287944634573, 14.879760155418573 ], [ -89.355481885444206, 14.88399263066464 ], [ -89.3543455006686, 14.886068421650497 ], [ -89.350809848479713, 14.888606884723309 ], [ -89.348269179486266, 14.893706277071896 ], [ -89.348862280178551, 14.901115339353822 ], [ -89.350022604230702, 14.903131823296913 ], [ -89.343045509487439, 14.904956313311782 ], [ -89.341485969166712, 14.906073066680555 ], [ -89.335986400248999, 14.90812512719336 ], [ -89.331323478091122, 14.908862637725381 ], [ -89.330723387525339, 14.909427233207817 ], [ -89.328126547403869, 14.910034231025787 ], [ -89.324722015981393, 14.911575846872022 ], [ -89.321132967896048, 14.911959228014604 ], [ -89.315021797763293, 14.910979757881138 ], [ -89.309538133461743, 14.90763332092364 ], [ -89.301673025326352, 14.904557402356881 ], [ -89.292387788666332, 14.899987208500262 ], [ -89.286382212011844, 14.896372430526597 ], [ -89.281215451778635, 14.894383196971377 ], [ -89.276240287131102, 14.894850557334918 ], [ -89.272761827813, 14.895738136675041 ], [ -89.259467165651927, 14.900367388481435 ], [ -89.255070186961078, 14.904084599801198 ], [ -89.253103651649141, 14.906579235003013 ], [ -89.247025906001753, 14.916221389353604 ], [ -89.246475800804717, 14.916368026436306 ], [ -89.245194193155939, 14.918354893901817 ], [ -89.243737364860394, 14.921644011729587 ], [ -89.242197937640853, 14.923209237443441 ], [ -89.239926083555815, 14.926994777694723 ], [ -89.237834672727317, 14.929174674962061 ], [ -89.237203726679198, 14.930829257975446 ], [ -89.235366810781983, 14.933014439099797 ], [ -89.233425937607478, 14.936367647845044 ], [ -89.229082577340662, 14.94156043391933 ], [ -89.228771622646335, 14.942855905943878 ], [ -89.227051076354627, 14.944976347537953 ], [ -89.226742838663995, 14.946015797284538 ], [ -89.225121415688875, 14.948668023652811 ], [ -89.223535752099963, 14.949706627209519 ], [ -89.220474539806148, 14.94983528125608 ], [ -89.209168135842305, 14.948515149250978 ], [ -89.202547635860199, 14.948502046374442 ], [ -89.200505862131934, 14.947635590431071 ], [ -89.194988397931169, 14.942317678315231 ], [ -89.191520045022841, 14.939593273102583 ], [ -89.189038142129576, 14.935540755438291 ], [ -89.187775216671085, 14.934267614919978 ], [ -89.187384966631271, 14.933275247450133 ], [ -89.184210812502471, 14.929901471669631 ], [ -89.181819703447843, 14.92531916702379 ], [ -89.179392436511961, 14.922261269557099 ] ] ] ] } },
{ "type": "Feature", "properties": { "codigo_departamento": 16, "departamento": "Alta Verapaz", "codigo_municipio_shape": 1607, "municipio": "Panzós", "riesgos": 12.0, "pobreza": 18.6, "indice_san": 15.9, "politicas": 20.8, "ponderacion": 67.381, "ranking": 3, "riesgos_prom_depto": 12.95, "pobreza_prom_depto": 15.54, "indice_san_prom_depto": 15.04, "politicas_prom_depto": 12.5, "ponderacion_prom_depto": 56.02, "riesgos_prom_nacional": 13.19, "pobreza_prom_nacional": 9.78, "indice_san_prom_nacional": 7.92, "politicas_prom_nacional": 7.21, "ponderacion_prom_nacional": 38.07 }, "geometry": { "type": "MultiPolygon", "coordinates": [ [ [ [ -89.583027758909338, 15.521795946133008 ], [ -89.58286542304468, 15.51801678244558 ], [ -89.581586874981326, 15.515447993460651 ], [ -89.576347244728098, 15.511311419214396 ], [ -89.572760254785152, 15.509960389290409 ], [ -89.57249936118761, 15.508952100319904 ], [ -89.569654505456512, 15.506321714700793 ], [ -89.569364473151779, 15.505352464145979 ], [ -89.566985088786979, 15.50269205566252 ], [ -89.566919007341085, 15.498947152310761 ], [ -89.568689112220156, 15.497174932756346 ], [ -89.574137001276853, 15.493383580509343 ], [ -89.580564811404713, 15.490525709758995 ], [ -89.586210253307982, 15.486267634015931 ], [ -89.588936247047542, 15.482883971130079 ], [ -89.589618286353101, 15.480816022262587 ], [ -89.589124225907611, 15.477915241734774 ], [ -89.586200291265897, 15.475429447064156 ], [ -89.582724399183135, 15.474391825310351 ], [ -89.580363147002501, 15.474843913891005 ], [ -89.570939266015444, 15.473744536113893 ], [ -89.564821697394194, 15.469506294837299 ], [ -89.560002247762284, 15.465407716923199 ], [ -89.558106147353556, 15.465704325097629 ], [ -89.55675592413111, 15.466479930341547 ], [ -89.555369621580581, 15.466377110873994 ], [ -89.550144085697639, 15.461105343018438 ], [ -89.550425587306577, 15.458790994018402 ], [ -89.546711149859945, 15.455509425835862 ], [ -89.545416090902137, 15.454996140049573 ], [ -89.542918367944992, 15.455203132562982 ], [ -89.541353911013189, 15.455816206050271 ], [ -89.538907476079629, 15.458466778701766 ], [ -89.535505193017016, 15.460560759770093 ], [ -89.533978674807997, 15.462944699229128 ], [ -89.532561295672579, 15.464257298615516 ], [ -89.532091159839197, 15.465835222963513 ], [ -89.529637445369573, 15.465628634199398 ], [ -89.528221636199504, 15.464333683490525 ], [ -89.526446245513227, 15.46126727211441 ], [ -89.523479095087723, 15.457464537234422 ], [ -89.521922166569709, 15.456335465188447 ], [ -89.518687898326561, 15.455577184779344 ], [ -89.516395798083579, 15.452916693828595 ], [ -89.516899913660367, 15.451084358429043 ], [ -89.520025733756441, 15.44777903860615 ], [ -89.522482006944813, 15.446005547872023 ], [ -89.526617252280431, 15.439706721859347 ], [ -89.53009954203911, 15.436315386424662 ], [ -89.531200463919447, 15.431320617979679 ], [ -89.532472117210972, 15.429276805990011 ], [ -89.532936736249383, 15.42441648504078 ], [ -89.532450276607449, 15.423485912936368 ], [ -89.531074380557925, 15.42214651911164 ], [ -89.526744224843739, 15.420062461847383 ], [ -89.525088837047448, 15.419830059418254 ], [ -89.520092995569328, 15.420322681507752 ], [ -89.516444733322913, 15.418929513991303 ], [ -89.514117778965826, 15.415729201290477 ], [ -89.51499129600252, 15.41144182032985 ], [ -89.51515964423487, 15.410379340451932 ], [ -89.516959429480465, 15.407455934008818 ], [ -89.518098220151785, 15.403888030241768 ], [ -89.518706358013873, 15.399602087204432 ], [ -89.519918747336078, 15.397301277496943 ], [ -89.520781806402923, 15.393066696920155 ], [ -89.522057695961905, 15.390824399358943 ], [ -89.522441851550084, 15.388703538415525 ], [ -89.523496085098799, 15.386499503639167 ], [ -89.52457131543207, 15.380368114438637 ], [ -89.524243574231249, 15.37909476478359 ], [ -89.522599530239944, 15.377253604553502 ], [ -89.518335267908554, 15.373921560600376 ], [ -89.517319674736669, 15.372336182190367 ], [ -89.513331335858112, 15.367947786254408 ], [ -89.512076238251311, 15.365839625246551 ], [ -89.512034607013334, 15.363415370450136 ], [ -89.513464003535674, 15.361266902742369 ], [ -89.517728726058309, 15.358253360253897 ], [ -89.519597018035327, 15.357748876664006 ], [ -89.522141569446504, 15.356292486008188 ], [ -89.524856815966174, 15.355760559971642 ], [ -89.527459220188931, 15.354388495110074 ], [ -89.535688716763417, 15.352432628546063 ], [ -89.537387631107762, 15.351266398726528 ], [ -89.54115972405539, 15.349892013028638 ], [ -89.544444513647193, 15.347038640462122 ], [ -89.546559023443152, 15.344036182344462 ], [ -89.547306608203982, 15.342096858706578 ], [ -89.547201624789253, 15.336956755477987 ], [ -89.546642933772134, 15.335790422671119 ], [ -89.544249201716482, 15.333158151029256 ], [ -89.543528797229996, 15.330303569227841 ], [ -89.541486233196053, 15.328875020759922 ], [ -89.541360858914729, 15.328121604143986 ], [ -89.540012191862871, 15.326743298999039 ], [ -89.535266784928112, 15.319728147055974 ], [ -89.534763376874054, 15.316589209492033 ], [ -89.536391107324761, 15.312948517132654 ], [ -89.537956080633265, 15.311280285890616 ], [ -89.53958125441855, 15.310367829232129 ], [ -89.543305109879668, 15.311384597337609 ], [ -89.546600090245761, 15.310874795383342 ], [ -89.553609502998427, 15.312493957083252 ], [ -89.557764660659828, 15.312562570412208 ], [ -89.564340737215886, 15.311435072353804 ], [ -89.566681153481667, 15.309363284611734 ], [ -89.566221132738164, 15.307346592003777 ], [ -89.565369654386629, 15.305132060811129 ], [ -89.563353273209245, 15.303311463966979 ], [ -89.563201997525368, 15.300080892184294 ], [ -89.564632214702968, 15.296963777471978 ], [ -89.566518163062682, 15.295196403362667 ], [ -89.568029738902879, 15.292859071932872 ], [ -89.568507892551253, 15.28802007007021 ], [ -89.567738778181308, 15.286066344556875 ], [ -89.567723333741981, 15.27605747928998 ], [ -89.567128595163666, 15.275211105703526 ], [ -89.567301350941307, 15.266274821067277 ], [ -89.571828110067557, 15.253645460671303 ], [ -89.573653429415003, 15.250604199139422 ], [ -89.57427727197198, 15.246895733998549 ], [ -89.57603581080545, 15.241871978541896 ], [ -89.57988497811607, 15.236025898340264 ], [ -89.581493515078989, 15.232392194632293 ], [ -89.586447281804723, 15.225948913994163 ], [ -89.586772419772473, 15.22466862049132 ], [ -89.590197905920547, 15.220409092481903 ], [ -89.604242888816486, 15.199021950865516 ], [ -89.609998648819627, 15.191410766574611 ], [ -89.611396209514638, 15.188338835838863 ], [ -89.613094703021872, 15.186574742607174 ], [ -89.615188521545008, 15.182060968604913 ], [ -89.619423096010621, 15.174735686503832 ], [ -89.619454487731787, 15.173931588678288 ], [ -89.621470692724756, 15.170881241821629 ], [ -89.624421227985692, 15.164231627882977 ], [ -89.626826751530956, 15.161528950127252 ], [ -89.628472213497929, 15.161473459864162 ], [ -89.636363120716922, 15.163071934265442 ], [ -89.643414501649502, 15.166487990545436 ], [ -89.648360082329077, 15.16722291828323 ], [ -89.653084302419344, 15.16718822729705 ], [ -89.654578755939042, 15.165954452562069 ], [ -89.655205810639288, 15.163911087778091 ], [ -89.657618629854014, 15.160501691433129 ], [ -89.665787460171359, 15.154480434529303 ], [ -89.670992750925947, 15.151273498084731 ], [ -89.6728153629616, 15.14921271200447 ], [ -89.673179057987227, 15.146349472091039 ], [ -89.673282135860532, 15.143917982681002 ], [ -89.670274375427681, 15.138044990603561 ], [ -89.670114674710746, 15.135888365175338 ], [ -89.670924772445616, 15.134824874208384 ], [ -89.671350955053839, 15.131863251887893 ], [ -89.670945138266916, 15.131218546222927 ], [ -89.670542488394474, 15.126915347261262 ], [ -89.669509470870352, 15.125409385598244 ], [ -89.669462577542546, 15.123801737261072 ], [ -89.668710414319335, 15.122128388625116 ], [ -89.669081577153094, 15.120827081728727 ], [ -89.670189738756534, 15.119380912020366 ], [ -89.671698738928555, 15.118673022463071 ], [ -89.674981192888509, 15.118137938983049 ], [ -89.681226836001628, 15.119292831797409 ], [ -89.685993350440668, 15.123798943450524 ], [ -89.689814025642647, 15.130050457567142 ], [ -89.689855492433679, 15.131119756466166 ], [ -89.690849432626166, 15.132385838555116 ], [ -89.691528964705952, 15.135531909600113 ], [ -89.692284426399382, 15.136334066423426 ], [ -89.69425064154791, 15.137161863992054 ], [ -89.706215626964351, 15.137247695930826 ], [ -89.710764497109338, 15.138420007279297 ], [ -89.714221493225409, 15.140974578473852 ], [ -89.716414883994332, 15.144182189276425 ], [ -89.721012825211744, 15.148141388210357 ], [ -89.722747909237597, 15.14901865456579 ], [ -89.727022054212625, 15.150099807406159 ], [ -89.729798874708706, 15.150330823422252 ], [ -89.730441902661212, 15.149806351002775 ], [ -89.732345251815303, 15.14952923749871 ], [ -89.734268794797075, 15.148579788465122 ], [ -89.7349587159094, 15.147497350322123 ], [ -89.73839803804421, 15.145173787930569 ], [ -89.739129297185386, 15.145106491488267 ], [ -89.743844957915911, 15.14349646742699 ], [ -89.747726564649525, 15.143127003793454 ], [ -89.751864717440867, 15.144675205760928 ], [ -89.755318186875471, 15.146631061927723 ], [ -89.758004486584042, 15.14727799443552 ], [ -89.762681826903744, 15.147154464143156 ], [ -89.769856662348559, 15.146152472624564 ], [ -89.771998109765391, 15.146607480665208 ], [ -89.773967072999554, 15.148093784821626 ], [ -89.775130289696989, 15.149847312519341 ], [ -89.777030275644918, 15.15466193723802 ], [ -89.777918013213935, 15.158801867206009 ], [ -89.780145670583778, 15.163432700982296 ], [ -89.783558798813758, 15.167595167437787 ], [ -89.785808703973458, 15.169155398937844 ], [ -89.787370424061635, 15.169313115187688 ], [ -89.786167810484613, 15.169959568266124 ], [ -89.783248190053399, 15.171531766691464 ], [ -89.78067239346484, 15.172919233338055 ], [ -89.774464983089047, 15.176458780821562 ], [ -89.772180941030825, 15.178981142625394 ], [ -89.770436348526147, 15.180987555778229 ], [ -89.765339268963587, 15.185916181424032 ], [ -89.760376360266832, 15.189881655400804 ], [ -89.756469331760584, 15.19314670754706 ], [ -89.752334206664031, 15.196766128830751 ], [ -89.75157578790035, 15.199276368290645 ], [ -89.749958703039781, 15.205220797049172 ], [ -89.748293678488807, 15.210948946493147 ], [ -89.74693016127317, 15.217129468138911 ], [ -89.745550688620966, 15.223244276543225 ], [ -89.743826520793519, 15.231658552790575 ], [ -89.751199705719628, 15.229360484819239 ], [ -89.757605137218576, 15.227554889042061 ], [ -89.759802555030959, 15.228501891783099 ], [ -89.762584426729049, 15.22935009426396 ], [ -89.765524818625593, 15.231007476420826 ], [ -89.767645878123602, 15.232469068129589 ], [ -89.770414848518342, 15.231884841988776 ], [ -89.773031809307611, 15.231206979902634 ], [ -89.774790386546329, 15.232813400827411 ], [ -89.777052393341847, 15.233994800019397 ], [ -89.779650802920727, 15.234498217960992 ], [ -89.781445279315321, 15.236004671495836 ], [ -89.783855246823563, 15.235373371306922 ], [ -89.786112469965559, 15.234657468915213 ], [ -89.788446824027318, 15.234564497528847 ], [ -89.798323595233938, 15.232888626374786 ], [ -89.798635836728096, 15.241363225121583 ], [ -89.798964032806651, 15.263276273959002 ], [ -89.799379195117211, 15.279474204897252 ], [ -89.799672330332967, 15.289150478887452 ], [ -89.799960718975356, 15.299173163660074 ], [ -89.800371989586992, 15.319191324266798 ], [ -89.799943509469983, 15.340109327378318 ], [ -89.78459617069457, 15.346178081904968 ], [ -89.783392404042857, 15.346674215228354 ], [ -89.777794950730623, 15.346854054046437 ], [ -89.776862049586583, 15.347319077399669 ], [ -89.761589363591227, 15.348754380304021 ], [ -89.760837695685339, 15.349117006558682 ], [ -89.745152613139169, 15.350594794382484 ], [ -89.744433655932539, 15.350983792519619 ], [ -89.728409795950043, 15.352667562153982 ], [ -89.727704465319704, 15.353113126680491 ], [ -89.727191226311689, 15.354924765880964 ], [ -89.725703387326249, 15.372443497495448 ], [ -89.713132026522757, 15.378187331872518 ], [ -89.706293656408306, 15.381132002492157 ], [ -89.704877802355881, 15.382371560964788 ], [ -89.698823878082194, 15.384423654335142 ], [ -89.693756246741444, 15.387099614759515 ], [ -89.683513623919254, 15.39131425936251 ], [ -89.670922175404527, 15.397466862625409 ], [ -89.663827733751333, 15.400174819674955 ], [ -89.659833287092695, 15.40243376796853 ], [ -89.650111803997035, 15.406499838951648 ], [ -89.647600316436169, 15.408173783483383 ], [ -89.646503466421777, 15.417552605336679 ], [ -89.6466450261766, 15.420255098827713 ], [ -89.644778698252352, 15.442379220522364 ], [ -89.644853526249676, 15.445608807485014 ], [ -89.643986717011984, 15.451499647013309 ], [ -89.644000664524185, 15.460959521192864 ], [ -89.644998420579014, 15.462725977283094 ], [ -89.644741647238476, 15.465698893907531 ], [ -89.640511013771885, 15.470995877408932 ], [ -89.640408597230902, 15.471789865320142 ], [ -89.635162208554036, 15.479008770491394 ], [ -89.629234968043534, 15.487968401969864 ], [ -89.629110187759579, 15.488738335658761 ], [ -89.623181239144145, 15.496477861777112 ], [ -89.622655111898752, 15.498168074724605 ], [ -89.617732963988885, 15.504721003620658 ], [ -89.617292348976704, 15.505979194731317 ], [ -89.616432743789247, 15.506632907880128 ], [ -89.611850577709333, 15.514040525241215 ], [ -89.609169561792399, 15.517401453903203 ], [ -89.608314186107208, 15.519286265036245 ], [ -89.606316920935498, 15.521429960061626 ], [ -89.605970351320408, 15.523298885417953 ], [ -89.596835005417546, 15.522583764259071 ], [ -89.583027758909338, 15.521795946133008 ] ] ] ] } },
{ "type": "Feature", "properties": { "codigo_departamento": 16, "departamento": "Alta Verapaz", "codigo_municipio_shape": 1611, "municipio": "Lanquín", "riesgos": 14.0, "pobreza": 18.2, "indice_san": 17.1, "politicas": 16.7, "ponderacion": 65.981, "ranking": 4, "riesgos_prom_depto": 12.95, "pobreza_prom_depto": 15.54, "indice_san_prom_depto": 15.04, "politicas_prom_depto": 12.5, "ponderacion_prom_depto": 56.02, "riesgos_prom_nacional": 13.19, "pobreza_prom_nacional": 9.78, "indice_san_prom_nacional": 7.92, "politicas_prom_nacional": 7.21, "ponderacion_prom_nacional": 38.07 }, "geometry": { "type": "MultiPolygon", "coordinates": [ [ [ [ -89.911611110638688, 15.49351823134471 ], [ -89.912806061471287, 15.49296042668483 ], [ -89.916922528920196, 15.492443392892884 ], [ -89.921603207568623, 15.493047032578717 ], [ -89.94077887113778, 15.493939767975435 ], [ -89.944924715196109, 15.494554712511873 ], [ -89.949352114078238, 15.494428513290481 ], [ -89.960348014197208, 15.495179405137813 ], [ -89.963693841997753, 15.495389073723249 ], [ -89.964095086804633, 15.495014202734428 ], [ -89.967445674194195, 15.495057956713364 ], [ -89.977994896280023, 15.494044392060193 ], [ -89.981794270770905, 15.490640080811255 ], [ -89.98516792363003, 15.489453525207873 ], [ -89.986282969949684, 15.489378432023845 ], [ -89.988123069099544, 15.489994981725165 ], [ -89.990224599391524, 15.491730291842932 ], [ -89.990860208130897, 15.491767166581702 ], [ -89.992797814127272, 15.493169499148083 ], [ -90.000113775100615, 15.499783047917356 ], [ -90.000850368723732, 15.500043636618821 ], [ -90.002279274984673, 15.500528085065326 ], [ -90.010082041470937, 15.50708704679775 ], [ -90.012145051618631, 15.506630724748877 ], [ -90.015051831203934, 15.505420477416916 ], [ -90.01701320129078, 15.505433435066774 ], [ -90.019971256131555, 15.506447514405366 ], [ -90.022074802727644, 15.508196161245341 ], [ -90.028899544309127, 15.507918986059735 ], [ -90.030218065638536, 15.507748215323298 ], [ -90.032001788957245, 15.506469568683698 ], [ -90.032882319658128, 15.503262075932494 ], [ -90.033750845166296, 15.50264500464405 ], [ -90.035418867248552, 15.502616601305723 ], [ -90.038933196774906, 15.503650316903371 ], [ -90.040515453359149, 15.503555257165255 ], [ -90.041714748142795, 15.502803737806595 ], [ -90.045155455460488, 15.501038060168955 ], [ -90.04695226513843, 15.500671520904143 ], [ -90.049099514674296, 15.49886815614316 ], [ -90.049503998228971, 15.498297865731258 ], [ -90.049478363791366, 15.497520899679797 ], [ -90.051231139870396, 15.496276644385379 ], [ -90.059591482617336, 15.498561036206022 ], [ -90.062090449979934, 15.497603176955058 ], [ -90.063489445937748, 15.496470374778397 ], [ -90.066625216788665, 15.495961160877121 ], [ -90.068369313128059, 15.497140227645843 ], [ -90.068430830195553, 15.500081638273834 ], [ -90.069852191479541, 15.502025148068199 ], [ -90.068737138956834, 15.561491529272327 ], [ -90.06737021317636, 15.600977511916954 ], [ -90.061421868965525, 15.604626473986942 ], [ -90.048899189707711, 15.611187318034377 ], [ -90.047284393920009, 15.612031389852234 ], [ -90.045438231969925, 15.613048428014762 ], [ -90.043708657602579, 15.613934947721873 ], [ -90.040616722508148, 15.615602268139876 ], [ -90.036898769272241, 15.617789359965624 ], [ -90.031686456423955, 15.620451695607818 ], [ -90.026388183683991, 15.623452484904915 ], [ -90.019880300624635, 15.627003330551096 ], [ -90.016464859989952, 15.628865641710737 ], [ -90.012773310847479, 15.630767022453421 ], [ -90.009080336138837, 15.632802630661484 ], [ -90.003539019795625, 15.635774609245763 ], [ -90.00010419771418, 15.637310139806239 ], [ -89.995816907273351, 15.638389196870321 ], [ -89.986528157726909, 15.643808313948911 ], [ -89.951924601966923, 15.6628946969995 ], [ -89.949777907026913, 15.663500247584572 ], [ -89.94977634453744, 15.661879399777135 ], [ -89.949171923509397, 15.660454443808835 ], [ -89.94653209805854, 15.656186106750564 ], [ -89.94638903178766, 15.655112966638743 ], [ -89.942663836598228, 15.648599144216089 ], [ -89.942117521803866, 15.646522603523202 ], [ -89.940827372122627, 15.644765256492972 ], [ -89.93985494967184, 15.641970552412783 ], [ -89.93834917026274, 15.63979482462029 ], [ -89.938168506302972, 15.638745993194521 ], [ -89.933599387670711, 15.630430197530368 ], [ -89.931133732760301, 15.624598715639376 ], [ -89.929763200658229, 15.622895522194884 ], [ -89.927875999253487, 15.618273058571303 ], [ -89.92282989312038, 15.608842119638375 ], [ -89.919709481977023, 15.602045422104128 ], [ -89.918535908930565, 15.600931873245553 ], [ -89.91850718246728, 15.599853575173322 ], [ -89.916368778647197, 15.596519901705706 ], [ -89.915388001754252, 15.593535437280567 ], [ -89.913203981923076, 15.590183049959656 ], [ -89.910448001446696, 15.584435458053697 ], [ -89.910437901525071, 15.583631695233851 ], [ -89.909092839304876, 15.58169290386998 ], [ -89.907593145940112, 15.570908742541695 ], [ -89.906216296461125, 15.56888259710272 ], [ -89.906159614950496, 15.567729420372723 ], [ -89.908387608446617, 15.567888277384137 ], [ -89.911748491066518, 15.57027297844833 ], [ -89.913433158000629, 15.57036546993954 ], [ -89.918670325503356, 15.567691659632484 ], [ -89.921009387854582, 15.567157801769344 ], [ -89.922879910554698, 15.565676034447216 ], [ -89.923612677408371, 15.563733639769969 ], [ -89.923540714674658, 15.560509087348134 ], [ -89.922970352928843, 15.559636534244596 ], [ -89.922787272280587, 15.558676844059049 ], [ -89.919962640842883, 15.556052642230775 ], [ -89.91787559398891, 15.553277336610025 ], [ -89.917616463839295, 15.549295081340782 ], [ -89.919592651144484, 15.547077760282688 ], [ -89.923544860496136, 15.547582210492614 ], [ -89.926408852375104, 15.546689887104446 ], [ -89.928076335508962, 15.545261639629882 ], [ -89.930100914619459, 15.544443334122596 ], [ -89.931001146482828, 15.54340505365106 ], [ -89.931261021597834, 15.540167041522945 ], [ -89.929948740488285, 15.538961371440218 ], [ -89.9297400672435, 15.536034001764818 ], [ -89.927148713102667, 15.53551029360109 ], [ -89.92844786952864, 15.529862326352665 ], [ -89.927916628897137, 15.526116670809365 ], [ -89.927228477434696, 15.52561497261739 ], [ -89.924507042076939, 15.523470894465957 ], [ -89.924686527230676, 15.522672022 ], [ -89.926509842599771, 15.521004383464458 ], [ -89.927430292902159, 15.519458468995518 ], [ -89.927601648862591, 15.516220356108134 ], [ -89.925743322092956, 15.513144732884021 ], [ -89.927614281462553, 15.511986777703049 ], [ -89.927794404541615, 15.510395556731218 ], [ -89.928456413021934, 15.509357335386843 ], [ -89.928476251000134, 15.508016713163192 ], [ -89.927052620324844, 15.506718085866158 ], [ -89.927443639143917, 15.503814863851407 ], [ -89.926507698674129, 15.502796167856422 ], [ -89.926462671206792, 15.50064762488806 ], [ -89.924666330766314, 15.498581933485712 ], [ -89.923496373645804, 15.4976085078882 ], [ -89.91759567287535, 15.495399800738378 ], [ -89.913862483257546, 15.494793502464233 ], [ -89.912515696404228, 15.49464150181312 ], [ -89.911611110638688, 15.49351823134471 ] ] ] ] } },
{ "type": "Feature", "properties": { "codigo_departamento": 13, "departamento": "Huehuetenango", "codigo_municipio_shape": 1319, "municipio": "Colotenango", "riesgos": 10.8, "pobreza": 16.7, "indice_san": 16.8, "politicas": 20.8, "ponderacion": 65.053, "ranking": 5, "riesgos_prom_depto": 13.2, "pobreza_prom_depto": 12.49, "indice_san_prom_depto": 13.11, "politicas_prom_depto": 11.36, "ponderacion_prom_depto": 50.13, "riesgos_prom_nacional": 13.19, "pobreza_prom_nacional": 9.78, "indice_san_prom_nacional": 7.92, "politicas_prom_nacional": 7.21, "ponderacion_prom_nacional": 38.07 }, "geometry": { "type": "MultiPolygon", "coordinates": [ [ [ [ -91.659123444288568, 15.466220162896732 ], [ -91.659808990979485, 15.461518517627587 ], [ -91.662833571328832, 15.455930525926092 ], [ -91.670914172072784, 15.444052481075284 ], [ -91.671870757303068, 15.441914886363325 ], [ -91.676884778138131, 15.435139774172775 ], [ -91.680807389828431, 15.427848472154677 ], [ -91.686704188277147, 15.419967670795154 ], [ -91.687475975006961, 15.418368966431784 ], [ -91.691367906290864, 15.413912054107287 ], [ -91.696934887564765, 15.405187220952717 ], [ -91.697975692311431, 15.402820618110725 ], [ -91.699316715250106, 15.396744159099777 ], [ -91.700001555045603, 15.396270229077739 ], [ -91.703701415526467, 15.396857893112029 ], [ -91.706194046023697, 15.397652018806394 ], [ -91.709169349536069, 15.397897530020185 ], [ -91.710850069099195, 15.398627005986357 ], [ -91.715274312980767, 15.406632867692608 ], [ -91.716795570349333, 15.408218948989042 ], [ -91.721828191950564, 15.40965237222073 ], [ -91.725865166642933, 15.40963827102955 ], [ -91.73036529662734, 15.410262855722797 ], [ -91.734984283137024, 15.41223371021921 ], [ -91.739745750774787, 15.415991623681753 ], [ -91.743387448231033, 15.417620057575716 ], [ -91.748053682807281, 15.417878035913647 ], [ -91.752160105731733, 15.417382529617877 ], [ -91.752331315014345, 15.418458008449502 ], [ -91.752927582300543, 15.419059052425537 ], [ -91.753685879141727, 15.422276697635093 ], [ -91.753660909730783, 15.428511234429822 ], [ -91.753033803176606, 15.4328758268326 ], [ -91.750931775996818, 15.437364309522001 ], [ -91.749035708107201, 15.440512757490742 ], [ -91.748766946375781, 15.443955102012605 ], [ -91.749175536426549, 15.447600130328485 ], [ -91.750773876814847, 15.450021425634437 ], [ -91.751168165355111, 15.451489094768485 ], [ -91.75081564968373, 15.456757980072258 ], [ -91.748697988473978, 15.461465523436257 ], [ -91.745841417370201, 15.465139532593758 ], [ -91.743575831564186, 15.467105108402205 ], [ -91.743494652965524, 15.467622127380869 ], [ -91.742750246112848, 15.467902633353301 ], [ -91.741170147203775, 15.471134121945257 ], [ -91.74047018667676, 15.474946838818669 ], [ -91.741404446836682, 15.482483877892298 ], [ -91.740599754647874, 15.484535662283369 ], [ -91.739801026135069, 15.485308461044401 ], [ -91.738563125102331, 15.485684424684539 ], [ -91.731999587251195, 15.486885248411211 ], [ -91.727070984857804, 15.488605967343604 ], [ -91.718640281722443, 15.489122232732816 ], [ -91.717846812774908, 15.489501779200999 ], [ -91.717872544903926, 15.485704479986985 ], [ -91.716313896981703, 15.480841554477422 ], [ -91.714940992622559, 15.479115078808842 ], [ -91.713654786447421, 15.477690755917601 ], [ -91.709649189875378, 15.474878957056267 ], [ -91.706669939208609, 15.473501221500783 ], [ -91.704119755455764, 15.472917995941769 ], [ -91.698901102672295, 15.472699832582284 ], [ -91.692428675795611, 15.474556467404012 ], [ -91.684654711353517, 15.475312610922309 ], [ -91.67970015012601, 15.475062795529062 ], [ -91.674729397469264, 15.474245602968049 ], [ -91.664921917912366, 15.469993837637274 ], [ -91.659123444288568, 15.466220162896732 ] ] ] ] } },
{ "type": "Feature", "properties": { "codigo_departamento": 14, "departamento": "Quiché", "codigo_municipio_shape": 1417, "municipio": "San Bartolomé Jocotenango", "riesgos": 14.5, "pobreza": 17.6, "indice_san": 15.1, "politicas": 16.7, "ponderacion": 63.884, "ranking": 6, "riesgos_prom_depto": 13.55, "pobreza_prom_depto": 13.54, "indice_san_prom_depto": 12.98, "politicas_prom_depto": 11.31, "ponderacion_prom_depto": 51.32, "riesgos_prom_nacional": 13.19, "pobreza_prom_nacional": 9.78, "indice_san_prom_nacional": 7.92, "politicas_prom_nacional": 7.21, "ponderacion_prom_nacional": 38.07 }, "geometry": { "type": "MultiPolygon", "coordinates": [ [ [ [ -90.964230522891839, 15.226525028304437 ], [ -90.965343085222656, 15.225510642717907 ], [ -90.965347463321393, 15.221059271671239 ], [ -90.963503349693482, 15.216675867920367 ], [ -90.960497965025866, 15.209194970426116 ], [ -90.959948621782488, 15.205358685026448 ], [ -90.959984849081664, 15.20129051270311 ], [ -90.961044892154391, 15.194108518070673 ], [ -90.96243906206027, 15.18863961635985 ], [ -90.963584902840097, 15.183587497808279 ], [ -90.96420146868509, 15.181328395907682 ], [ -90.96514897707678, 15.178758272254683 ], [ -90.967076984629216, 15.174233891819657 ], [ -90.971293675452472, 15.169648772480659 ], [ -90.973669672537227, 15.167758996130544 ], [ -90.982122177473713, 15.158518484543102 ], [ -90.986170459037552, 15.154887086015503 ], [ -90.990623983290476, 15.151860119643469 ], [ -90.992487122311474, 15.151720831758352 ], [ -90.998544988808732, 15.150211377549722 ], [ -91.002390215848692, 15.148407692069396 ], [ -91.006714227060399, 15.146633010748308 ], [ -91.010181676797231, 15.144550232008466 ], [ -91.01713249914576, 15.141339097736905 ], [ -91.022659102959821, 15.139831049943375 ], [ -91.026110023776496, 15.139380057547433 ], [ -91.030284276998245, 15.139050538887334 ], [ -91.032227889106011, 15.139000843383279 ], [ -91.033576092650677, 15.139079234608632 ], [ -91.044636137664853, 15.140033769146054 ], [ -91.051020803187555, 15.14144785401462 ], [ -91.057651352655128, 15.143582292269945 ], [ -91.061268486942026, 15.144103625271487 ], [ -91.066616900648583, 15.144149503855072 ], [ -91.069939793380527, 15.143267500642031 ], [ -91.070858165584141, 15.143432365089023 ], [ -91.071683978933407, 15.144187205173107 ], [ -91.071821204000315, 15.144957622747302 ], [ -91.070306547296298, 15.152585168193413 ], [ -91.067804734775976, 15.158186801042662 ], [ -91.066152038082691, 15.160498438189943 ], [ -91.063666758990749, 15.163812747019128 ], [ -91.062614888666587, 15.166101268043056 ], [ -91.062611012669791, 15.167739118597359 ], [ -91.063802424937549, 15.172413377470169 ], [ -91.065434646303558, 15.176134666632569 ], [ -91.067356921867614, 15.180899910340603 ], [ -91.068577064207531, 15.184349942639743 ], [ -91.069350127899071, 15.185675918642469 ], [ -91.07012262838137, 15.187000759134436 ], [ -91.07164262099046, 15.187796583417869 ], [ -91.07377874394416, 15.187734671610391 ], [ -91.075045431816363, 15.186836193135091 ], [ -91.075579893331735, 15.18638780015044 ], [ -91.083795491045052, 15.179079418604355 ], [ -91.088608939806164, 15.176766253628861 ], [ -91.091228839043083, 15.176378426228011 ], [ -91.094975011039821, 15.176401101040518 ], [ -91.103336604521559, 15.17842360189727 ], [ -91.112542894454364, 15.181158890395961 ], [ -91.117203370050831, 15.183418707625661 ], [ -91.121087012287674, 15.18540875523138 ], [ -91.127105599673925, 15.187615327548645 ], [ -91.129875100524245, 15.189734911994286 ], [ -91.130906972877526, 15.191637841530202 ], [ -91.132232719428814, 15.198678426822632 ], [ -91.134258863980875, 15.202012914416999 ], [ -91.138085826399404, 15.206210646870005 ], [ -91.139522686791466, 15.214208919794507 ], [ -91.13976836090832, 15.215377845456564 ], [ -91.142477395314387, 15.219339224559297 ], [ -91.139770218344296, 15.219075090350524 ], [ -91.137879333822625, 15.21799646266888 ], [ -91.13402694755807, 15.216136793922843 ], [ -91.129981511880928, 15.215135093104502 ], [ -91.122521390477971, 15.214894422707138 ], [ -91.11372527452933, 15.213864001731755 ], [ -91.107337153844242, 15.21148784869078 ], [ -91.095764587807892, 15.205722961735722 ], [ -91.090988146910107, 15.204436528280668 ], [ -91.089031020603386, 15.203655176534166 ], [ -91.082085837611089, 15.202237167891395 ], [ -91.075826632117654, 15.201765762985556 ], [ -91.066655166658109, 15.202141206342898 ], [ -91.062734894234467, 15.201714385438088 ], [ -91.058712239216604, 15.201546413175938 ], [ -91.055081948828786, 15.200960434574521 ], [ -91.054281312311844, 15.200997562400769 ], [ -91.053513035279778, 15.200994304599334 ], [ -91.052769339352963, 15.201100824687208 ], [ -91.052248469931286, 15.201390002325251 ], [ -91.051798094157007, 15.201792746002743 ], [ -91.051600270297087, 15.202243988601923 ], [ -91.051636916381995, 15.20312988574792 ], [ -91.051720476135188, 15.204480441769638 ], [ -91.051407436533466, 15.20506397253653 ], [ -91.051028916560711, 15.205431191534394 ], [ -91.050511084809614, 15.205578064541861 ], [ -91.049829834343697, 15.205027706778047 ], [ -91.049458625974339, 15.204346747425507 ], [ -91.049257237008902, 15.203857029440014 ], [ -91.048493087339097, 15.203593989175392 ], [ -91.048098287988793, 15.20421295202703 ], [ -91.047918947735226, 15.205056310642478 ], [ -91.047797223563435, 15.205832393253784 ], [ -91.047836418799918, 15.206565820974117 ], [ -91.047841530594596, 15.207210844411662 ], [ -91.047456523000491, 15.208028694638825 ], [ -91.046904742459063, 15.208324366924941 ], [ -91.046388919784548, 15.208441878127546 ], [ -91.045822537225561, 15.2090593440678 ], [ -91.045635037579359, 15.209524222949369 ], [ -91.045515518088649, 15.210122981441316 ], [ -91.045258461905007, 15.210687786143557 ], [ -91.044618581828487, 15.210570396324226 ], [ -91.043879107181937, 15.210152802957063 ], [ -91.043044357125297, 15.210101484117139 ], [ -91.042219393909321, 15.210250180397287 ], [ -91.041608281315305, 15.210733958011351 ], [ -91.041052290542027, 15.211483659760495 ], [ -91.04030460291203, 15.211954946530192 ], [ -91.039620000689425, 15.211704990541064 ], [ -91.038928156534197, 15.211043812745817 ], [ -91.038309800476739, 15.211115229191329 ], [ -91.037540025985024, 15.21145867214916 ], [ -91.036668232104788, 15.211701821840448 ], [ -91.03595865813476, 15.211762267401502 ], [ -91.034941691476646, 15.211603148321915 ], [ -91.034428892457512, 15.211393085969398 ], [ -91.033996616333155, 15.211155487267238 ], [ -91.033231733336535, 15.21097145716721 ], [ -91.032522714472705, 15.21090990520878 ], [ -91.031676927583135, 15.210857318557592 ], [ -91.03068197110828, 15.21077179586363 ], [ -91.029975088276984, 15.210543080539983 ], [ -91.029509888527741, 15.210093959908649 ], [ -91.028952132119727, 15.209778443692491 ], [ -91.02812830152557, 15.209805105747829 ], [ -91.02784708003675, 15.210524422338322 ], [ -91.027509484281509, 15.21117659987187 ], [ -91.026416603446322, 15.21180068554599 ], [ -91.024223211327254, 15.212680538031107 ], [ -91.023719307177103, 15.212765341914437 ], [ -91.023065935303677, 15.212848832476455 ], [ -91.02242230142916, 15.213197847520275 ], [ -91.02277094681574, 15.21385718363782 ], [ -91.023142392766232, 15.214504292445987 ], [ -91.023193066350402, 15.21518246590969 ], [ -91.022584770882659, 15.21542109904105 ], [ -91.021852640157206, 15.215404488787039 ], [ -91.020653043013425, 15.215182702431827 ], [ -91.020118563372634, 15.214866240453766 ], [ -91.019675279833308, 15.214563003636743 ], [ -91.018713500456357, 15.214598580688822 ], [ -91.018193492720471, 15.215161027440759 ], [ -91.017786193744058, 15.215923265815732 ], [ -91.017153688352863, 15.216262196928062 ], [ -91.016559340117112, 15.216190311055055 ], [ -91.015933378969791, 15.21583010760282 ], [ -91.015366360152143, 15.215324713755477 ], [ -91.014864162159625, 15.215164401792062 ], [ -91.0142235162498, 15.215192628237919 ], [ -91.013489738635485, 15.215352184950378 ], [ -91.012787974344377, 15.215757134249239 ], [ -91.0120190402872, 15.2156961154952 ], [ -91.011484821679915, 15.215291532325528 ], [ -91.010986019710487, 15.214831914481222 ], [ -91.010349276547629, 15.214382368410002 ], [ -91.009733934175429, 15.214131808532526 ], [ -91.008923296117402, 15.213991344841757 ], [ -91.008064983220279, 15.213972443516921 ], [ -91.007435144127868, 15.214088850709143 ], [ -91.00698294360572, 15.214674461701522 ], [ -91.006461343494053, 15.215402904414267 ], [ -91.005798379816639, 15.215330379644573 ], [ -91.004772736643346, 15.214921420898682 ], [ -91.00409809557047, 15.21491543063066 ], [ -91.003055698362331, 15.215050752960803 ], [ -91.002424537888189, 15.215245070273385 ], [ -91.001607769329198, 15.215693013113402 ], [ -91.001020774094712, 15.216076351291912 ], [ -91.000708178533927, 15.216473427561592 ], [ -91.000383107145623, 15.216959622437416 ], [ -90.999571871354021, 15.218052568051444 ], [ -90.999111012611991, 15.218381678638634 ], [ -90.998639526718435, 15.21866550916449 ], [ -90.997777267900403, 15.219124326432338 ], [ -90.997168456792821, 15.219352711940159 ], [ -90.996665377137205, 15.219348226975704 ], [ -90.995967569329778, 15.219330710482764 ], [ -90.995361180007833, 15.21930270903032 ], [ -90.994775736326744, 15.219520002521616 ], [ -90.994371288873467, 15.219971594735258 ], [ -90.993310599423793, 15.220807011420353 ], [ -90.992727256034868, 15.220801800325029 ], [ -90.992006550787778, 15.220806656094958 ], [ -90.991224689743035, 15.22118822317197 ], [ -90.990978383689566, 15.221829853351251 ], [ -90.990847379907208, 15.222395704722958 ], [ -90.990681691115, 15.222938656024652 ], [ -90.990197022150852, 15.223383872075582 ], [ -90.989658410064777, 15.22350668803287 ], [ -90.989018116631655, 15.223434314390271 ], [ -90.988278987573196, 15.222928445333405 ], [ -90.98758376146111, 15.222699701604462 ], [ -90.986971870013349, 15.223249947360276 ], [ -90.986436543495415, 15.224189432778079 ], [ -90.986042486600525, 15.224707739824089 ], [ -90.985450311360722, 15.224468617086028 ], [ -90.984985706881019, 15.223965199685153 ], [ -90.984440479066635, 15.223560457047483 ], [ -90.983953622656998, 15.224233803676084 ], [ -90.983920264227621, 15.225355120891702 ], [ -90.983834710457018, 15.225910077635078 ], [ -90.983110613153244, 15.226269543866561 ], [ -90.982055672466061, 15.226493877288483 ], [ -90.98155945334122, 15.226927674232163 ], [ -90.980745511372206, 15.227131577268333 ], [ -90.980223917127645, 15.226627638307974 ], [ -90.979692718433455, 15.225911263439281 ], [ -90.979283905826875, 15.225596967449604 ], [ -90.978759459417631, 15.225392322410009 ], [ -90.978049319941391, 15.225507918686288 ], [ -90.977507624463925, 15.2258915973622 ], [ -90.976872908866653, 15.226452899416156 ], [ -90.976250999575697, 15.226891197892876 ], [ -90.975402849336561, 15.227083476780816 ], [ -90.974864224403689, 15.227145262304154 ], [ -90.97408692891716, 15.227105495277749 ], [ -90.973481911695984, 15.226932867709197 ], [ -90.973051700581209, 15.226485086903493 ], [ -90.972591383434548, 15.225536655831688 ], [ -90.971793071473456, 15.225262881243658 ], [ -90.970649697615301, 15.225185911832179 ], [ -90.969937316332704, 15.225535272111753 ], [ -90.969901272732827, 15.226867775386021 ], [ -90.969357695588968, 15.227506683629969 ], [ -90.968418283553149, 15.227631470623074 ], [ -90.96785003764758, 15.227203890281974 ], [ -90.967557315474622, 15.226734752497231 ], [ -90.96684469882058, 15.225895851801276 ], [ -90.965952048911987, 15.225876473456445 ], [ -90.964230522891839, 15.226525028304437 ] ] ] ] } },
{ "type": "Feature", "properties": { "codigo_departamento": 13, "departamento": "Huehuetenango", "codigo_municipio_shape": 1316, "municipio": "San Juan Atitán", "riesgos": 15.5, "pobreza": 13.6, "indice_san": 17.3, "politicas": 16.7, "ponderacion": 63.043, "ranking": 7, "riesgos_prom_depto": 13.2, "pobreza_prom_depto": 12.49, "indice_san_prom_depto": 13.11, "politicas_prom_depto": 11.36, "ponderacion_prom_depto": 50.13, "riesgos_prom_nacional": 13.19, "pobreza_prom_nacional": 9.78, "indice_san_prom_nacional": 7.92, "politicas_prom_nacional": 7.21, "ponderacion_prom_nacional": 38.07 }, "geometry": { "type": "MultiPolygon", "coordinates": [ [ [ [ -91.575875023411058, 15.500452193193146 ], [ -91.577490539068364, 15.498915897454316 ], [ -91.584108713009002, 15.493934142614885 ], [ -91.59018767217384, 15.487326311335796 ], [ -91.593558149418968, 15.48122531929163 ], [ -91.594988877368692, 15.475523201550159 ], [ -91.595192495223557, 15.472627656698354 ], [ -91.595610357171424, 15.472337687900261 ], [ -91.596009994952027, 15.468962073383326 ], [ -91.595861344881826, 15.461719031152489 ], [ -91.593730090892734, 15.456709477864283 ], [ -91.593117741371429, 15.452075616257893 ], [ -91.593637012431714, 15.439760537939225 ], [ -91.594534944011258, 15.437965303043843 ], [ -91.597140752924091, 15.433181199862551 ], [ -91.598615262962809, 15.431374907382841 ], [ -91.602460577845775, 15.429054767096591 ], [ -91.605700099168018, 15.426130835670254 ], [ -91.611076257653764, 15.42136389987259 ], [ -91.613465626164768, 15.419267190836242 ], [ -91.619370508765059, 15.414188107011528 ], [ -91.620626729964201, 15.413555304943749 ], [ -91.62253763453532, 15.411132381771314 ], [ -91.627529071126858, 15.413316717301299 ], [ -91.634409038614919, 15.414901343354511 ], [ -91.637397896421987, 15.414684685836122 ], [ -91.64260577927044, 15.412725781397892 ], [ -91.644993510072823, 15.410820763163308 ], [ -91.645675681973316, 15.409973032218033 ], [ -91.647765286738249, 15.40877456237291 ], [ -91.649852248988893, 15.408796293412667 ], [ -91.649838618497014, 15.409824366288573 ], [ -91.649056787354667, 15.411679326048027 ], [ -91.647807161660566, 15.418237228649486 ], [ -91.647542368101185, 15.428196278250729 ], [ -91.648115079233591, 15.43419130126307 ], [ -91.651792846416328, 15.449446164173967 ], [ -91.654754281311057, 15.456810363843232 ], [ -91.655869802052237, 15.458603406217836 ], [ -91.65628075054039, 15.460362795042006 ], [ -91.657043814019787, 15.460722190012406 ], [ -91.657133560010635, 15.462163282139569 ], [ -91.659123444288568, 15.466220162896732 ], [ -91.65736386076243, 15.469631776295506 ], [ -91.655891787618074, 15.477494434983326 ], [ -91.656965141113773, 15.481414701389424 ], [ -91.660385453658449, 15.490066273394476 ], [ -91.660999952770936, 15.492797406562758 ], [ -91.661317344632153, 15.504846784769796 ], [ -91.658887188192267, 15.513708042886607 ], [ -91.657336643816137, 15.516525469081545 ], [ -91.653270716167242, 15.521597384093175 ], [ -91.652069269698174, 15.524471119308476 ], [ -91.651862809338013, 15.526562303326816 ], [ -91.650843870206984, 15.529407774001251 ], [ -91.650830944691961, 15.531036906253094 ], [ -91.649630957156319, 15.534655191838098 ], [ -91.64961620279071, 15.537367813300683 ], [ -91.641600768248907, 15.537438365777124 ], [ -91.640146295901431, 15.53691534294342 ], [ -91.637740126269961, 15.534643094095038 ], [ -91.632199280249836, 15.526704582258484 ], [ -91.625287859130779, 15.520354982702028 ], [ -91.616974898021169, 15.51122951069701 ], [ -91.612261637221962, 15.507989005145729 ], [ -91.609821271672828, 15.507092416753078 ], [ -91.60504470661364, 15.506455602738543 ], [ -91.593449013619278, 15.50683403150234 ], [ -91.587002490676753, 15.506160206805145 ], [ -91.579089751210432, 15.502828514563127 ], [ -91.575875023411058, 15.500452193193146 ] ] ] ] } },
{ "type": "Feature", "properties": { "codigo_departamento": 14, "departamento": "Quiché", "codigo_municipio_shape": 1409, "municipio": "San Pedro Jocopilas", "riesgos": 15.5, "pobreza": 15.1, "indice_san": 15.4, "politicas": 16.7, "ponderacion": 62.628, "ranking": 8, "riesgos_prom_depto": 13.55, "pobreza_prom_depto": 13.54, "indice_san_prom_depto": 12.98, "politicas_prom_depto": 11.31, "ponderacion_prom_depto": 51.32, "riesgos_prom_nacional": 13.19, "pobreza_prom_nacional": 9.78, "indice_san_prom_nacional": 7.92, "politicas_prom_nacional": 7.21, "ponderacion_prom_nacional": 38.07 }, "geometry": { "type": "MultiPolygon", "coordinates": [ [ [ [ -91.142477395314387, 15.219339224559297 ], [ -91.13976836090832, 15.215377845456564 ], [ -91.139522686791466, 15.214208919794507 ], [ -91.138085826399404, 15.206210646870005 ], [ -91.134258863980875, 15.202012914416999 ], [ -91.132232719428814, 15.198678426822632 ], [ -91.130906972877526, 15.191637841530202 ], [ -91.129875100524245, 15.189734911994286 ], [ -91.127105599673925, 15.187615327548645 ], [ -91.121087012287674, 15.18540875523138 ], [ -91.117203370050831, 15.183418707625661 ], [ -91.112542894454364, 15.181158890395961 ], [ -91.103336604521559, 15.17842360189727 ], [ -91.094975011039821, 15.176401101040518 ], [ -91.091228839043083, 15.176378426228011 ], [ -91.088608939806164, 15.176766253628861 ], [ -91.083795491045052, 15.179079418604355 ], [ -91.075579893331735, 15.18638780015044 ], [ -91.075045431816363, 15.186836193135091 ], [ -91.07377874394416, 15.187734671610391 ], [ -91.07164262099046, 15.187796583417869 ], [ -91.07012262838137, 15.187000759134436 ], [ -91.069350127899071, 15.185675918642469 ], [ -91.068577064207531, 15.184349942639743 ], [ -91.067356921867614, 15.180899910340603 ], [ -91.065434646303558, 15.176134666632569 ], [ -91.063802424937549, 15.172413377470169 ], [ -91.062611012669791, 15.167739118597359 ], [ -91.062614888666587, 15.166101268043056 ], [ -91.063666758990749, 15.163812747019128 ], [ -91.066152038082691, 15.160498438189943 ], [ -91.067804734775976, 15.158186801042662 ], [ -91.070306547296298, 15.152585168193413 ], [ -91.071821204000315, 15.144957622747302 ], [ -91.071683978933407, 15.144187205173107 ], [ -91.070858165584141, 15.143432365089023 ], [ -91.069939793380527, 15.143267500642031 ], [ -91.066616900648583, 15.144149503855072 ], [ -91.061268486942026, 15.144103625271487 ], [ -91.057651352655128, 15.143582292269945 ], [ -91.051020803187555, 15.14144785401462 ], [ -91.044636137664853, 15.140033769146054 ], [ -91.033576092650677, 15.139079234608632 ], [ -91.032227889106011, 15.139000843383279 ], [ -91.030284276998245, 15.139050538887334 ], [ -91.026110023776496, 15.139380057547433 ], [ -91.022659102959821, 15.139831049943375 ], [ -91.01713249914576, 15.141339097736905 ], [ -91.010181676797231, 15.144550232008466 ], [ -91.006714227060399, 15.146633010748308 ], [ -91.002390215848692, 15.148407692069396 ], [ -90.998544988808732, 15.150211377549722 ], [ -90.992487122311474, 15.151720831758352 ], [ -90.990623983290476, 15.151860119643469 ], [ -90.989420355818893, 15.147675769227687 ], [ -90.989416205234676, 15.144975015056385 ], [ -90.990635769265552, 15.141123996633251 ], [ -90.99357394535258, 15.134494894591477 ], [ -90.994705959267932, 15.129798163807781 ], [ -90.998984424191264, 15.11809338594059 ], [ -90.999039717819372, 15.110833175252527 ], [ -90.998738323661996, 15.108876398152084 ], [ -90.998479561233992, 15.107209161452795 ], [ -90.998076568641281, 15.103874574884177 ], [ -90.997913039836973, 15.102653220612419 ], [ -91.001212190986394, 15.101396966095002 ], [ -91.008113654737272, 15.101272579476484 ], [ -91.016243049903224, 15.103259720973002 ], [ -91.020424566855979, 15.104828024502458 ], [ -91.028654857094708, 15.105175506524921 ], [ -91.030187623291098, 15.105011515040031 ], [ -91.039701992863471, 15.104048180047741 ], [ -91.050896574305938, 15.103447953377232 ], [ -91.052885619932894, 15.103354382461289 ], [ -91.062324672676581, 15.102611951635449 ], [ -91.066869360152282, 15.101870283712804 ], [ -91.068533255715735, 15.101667614253413 ], [ -91.069770914819955, 15.10134833550023 ], [ -91.070139009946743, 15.101014859115805 ], [ -91.070373071073305, 15.100395583030656 ], [ -91.071353125896309, 15.098151541605967 ], [ -91.072960352832155, 15.098169750299871 ], [ -91.078700506465651, 15.099780775934812 ], [ -91.083194846678126, 15.102114221896752 ], [ -91.087016557301297, 15.10510836377682 ], [ -91.091382894388389, 15.110663326369767 ], [ -91.092948789983652, 15.111155485421104 ], [ -91.094207559227485, 15.111275667586479 ], [ -91.098156743157048, 15.110701190388534 ], [ -91.101320237903963, 15.109499892270621 ], [ -91.1044289166894, 15.107855282675928 ], [ -91.106177546033351, 15.106559587700323 ], [ -91.107210045844042, 15.106101699832053 ], [ -91.108378150835279, 15.105823422148426 ], [ -91.110592379468301, 15.106108512546909 ], [ -91.115903218251773, 15.107751207404895 ], [ -91.118484509588882, 15.107950042003996 ], [ -91.122479392274983, 15.108516417237318 ], [ -91.131709606575143, 15.108488920937647 ], [ -91.138058844772928, 15.107091967053243 ], [ -91.142270589867806, 15.104726139424475 ], [ -91.144917860214846, 15.102619642826768 ], [ -91.14524937824612, 15.097046513746179 ], [ -91.146530223789952, 15.087982690329136 ], [ -91.148623224236019, 15.085943880815817 ], [ -91.148788995966598, 15.090162150392624 ], [ -91.149172465422112, 15.091126601249725 ], [ -91.150725364758742, 15.09265525534418 ], [ -91.154094149037221, 15.094080103764153 ], [ -91.159483999001495, 15.09655722540159 ], [ -91.162930657668454, 15.097054025291181 ], [ -91.176925956812411, 15.096551523470165 ], [ -91.183857238686443, 15.095833433169746 ], [ -91.193544567227192, 15.096097340406914 ], [ -91.196829966396592, 15.096910907202675 ], [ -91.203741024886497, 15.099844232422722 ], [ -91.207236227931716, 15.100818602827546 ], [ -91.211246440145729, 15.101253626590545 ], [ -91.213398965968153, 15.101989100324502 ], [ -91.212674823004505, 15.104041630199564 ], [ -91.209585918150296, 15.109377458113448 ], [ -91.208953778937683, 15.109880803495258 ], [ -91.206123496326072, 15.11050340793072 ], [ -91.205560579052104, 15.111416227648048 ], [ -91.205827277364349, 15.112681304143303 ], [ -91.208054837442759, 15.115777292797871 ], [ -91.2097692709782, 15.116422356629316 ], [ -91.214177140288569, 15.116897785730945 ], [ -91.216067901973446, 15.117667329972752 ], [ -91.218222312841576, 15.118964232413283 ], [ -91.219824750223438, 15.119451317423161 ], [ -91.221418641412498, 15.120197016977226 ], [ -91.22302653388131, 15.121985504434113 ], [ -91.223943893899289, 15.122493157953253 ], [ -91.225327323338249, 15.122891501284029 ], [ -91.226789987389537, 15.122992225445371 ], [ -91.227857203561115, 15.12380040457329 ], [ -91.228603025386718, 15.124871532476321 ], [ -91.230032163784642, 15.127191780135357 ], [ -91.231338945332737, 15.128424318434886 ], [ -91.23318019564428, 15.129716387141718 ], [ -91.234605787275299, 15.131702201129068 ], [ -91.235374677110414, 15.132452665976006 ], [ -91.235888880654016, 15.133203397662312 ], [ -91.236271743718234, 15.134437732153183 ], [ -91.236268769390918, 15.13767761536243 ], [ -91.236433425712633, 15.138157883058119 ], [ -91.23678741663133, 15.138525532619301 ], [ -91.238016705087631, 15.139156450057477 ], [ -91.239027422800007, 15.139568760721417 ], [ -91.240084316357525, 15.140727011839585 ], [ -91.240759208277424, 15.141669902323866 ], [ -91.240744562904197, 15.142387132823766 ], [ -91.240625461856737, 15.143007526391186 ], [ -91.240323740673773, 15.143560976473557 ], [ -91.240304279081371, 15.144227331589558 ], [ -91.2406099057105, 15.144679327215277 ], [ -91.241365935803856, 15.144952950571984 ], [ -91.242509051591469, 15.144687344010782 ], [ -91.243339124415982, 15.144374107591469 ], [ -91.248492624453789, 15.144779043838057 ], [ -91.249750625264937, 15.145322011692832 ], [ -91.250916739401433, 15.146078900150233 ], [ -91.253172767081537, 15.148094780594239 ], [ -91.253290239154282, 15.148590490992687 ], [ -91.253239019053666, 15.149234012358511 ], [ -91.253096539004844, 15.149943481056061 ], [ -91.252909361795545, 15.15099715377842 ], [ -91.252918729056972, 15.152052350557394 ], [ -91.253279774626606, 15.152771362907306 ], [ -91.257158059209488, 15.156673913858537 ], [ -91.25890271314374, 15.158022674868993 ], [ -91.259597556722099, 15.16102170380208 ], [ -91.25988217401617, 15.161632800166171 ], [ -91.260476312723341, 15.162085869753076 ], [ -91.261818161185701, 15.162490478357533 ], [ -91.26317960546649, 15.163131334188888 ], [ -91.263336485197357, 15.164145870044761 ], [ -91.26372356195516, 15.165102306194626 ], [ -91.264173348160014, 15.165429991740856 ], [ -91.265481794671132, 15.165298851277269 ], [ -91.266430239521824, 15.164669002490168 ], [ -91.267627797525947, 15.163656970664166 ], [ -91.267955055039195, 15.162748955918387 ], [ -91.268352892937912, 15.162029011534257 ], [ -91.269281550278265, 15.16132669677595 ], [ -91.270186005879694, 15.160810589750524 ], [ -91.27098228931635, 15.160795232969043 ], [ -91.271884122031778, 15.161746567571443 ], [ -91.272359952389081, 15.162306020809934 ], [ -91.273087919112427, 15.162539796653377 ], [ -91.274466050679692, 15.161988890263501 ], [ -91.275787528920333, 15.161323442993071 ], [ -91.276772415824141, 15.161717326849839 ], [ -91.27818603174849, 15.162816020621083 ], [ -91.279439560286491, 15.164079551292602 ], [ -91.280869759886329, 15.16456945197119 ], [ -91.282469858409215, 15.164834699065588 ], [ -91.283946135956157, 15.165814092100881 ], [ -91.284329776529006, 15.166415752310639 ], [ -91.285003703647206, 15.166936023041686 ], [ -91.285559915233762, 15.166980921600103 ], [ -91.286132468755625, 15.166874566141912 ], [ -91.287059312498243, 15.166610482722083 ], [ -91.287776393240676, 15.166900615080324 ], [ -91.288183015673226, 15.167755496259764 ], [ -91.288608376782051, 15.168883905999584 ], [ -91.291378186444319, 15.172828368797163 ], [ -91.291099387195757, 15.174663146827349 ], [ -91.291186287726788, 15.175284011470316 ], [ -91.291538678099457, 15.175870738227866 ], [ -91.292140035216562, 15.176091069368285 ], [ -91.29292244396045, 15.176073277077263 ], [ -91.293697659096495, 15.175792204239752 ], [ -91.294558057589811, 15.175115249398836 ], [ -91.295278992261174, 15.175292420217103 ], [ -91.295929242729869, 15.175943528862904 ], [ -91.296285518592981, 15.176917768277475 ], [ -91.29663087701195, 15.180632579089483 ], [ -91.297141619280751, 15.180622885280846 ], [ -91.299406423097921, 15.183751198355363 ], [ -91.299660906942336, 15.184874916764537 ], [ -91.299587943735361, 15.185851559113051 ], [ -91.299052992345565, 15.186558100622044 ], [ -91.298735467390443, 15.187495613953493 ], [ -91.299036630710376, 15.188600479618255 ], [ -91.299547207336317, 15.189195169325378 ], [ -91.301618393746139, 15.190075028242646 ], [ -91.304007416248581, 15.19143513000909 ], [ -91.304561195253854, 15.192594989041224 ], [ -91.305551396345436, 15.193587549523606 ], [ -91.306882346324485, 15.194011039731812 ], [ -91.308239931415656, 15.194669699330085 ], [ -91.30939276766388, 15.196424889271379 ], [ -91.309599399194795, 15.197429621230112 ], [ -91.309664793882774, 15.198785760590201 ], [ -91.309241551828862, 15.199269483819096 ], [ -91.308599439741286, 15.199553862341851 ], [ -91.308162655298219, 15.199838653989099 ], [ -91.307769449422025, 15.200420883143911 ], [ -91.307750047349984, 15.202050903623695 ], [ -91.307956406113689, 15.202724630352106 ], [ -91.308407568805848, 15.203117772491762 ], [ -91.309119429116549, 15.203133291276687 ], [ -91.309985393413754, 15.202789591447253 ], [ -91.310519363184753, 15.202499878930785 ], [ -91.311155140776009, 15.20235440174736 ], [ -91.311977827412775, 15.202404636748394 ], [ -91.312925583974675, 15.20260040838407 ], [ -91.314436563004108, 15.202411776660144 ], [ -91.316199782495104, 15.202103014321628 ], [ -91.31970881310059, 15.202359714867844 ], [ -91.319757547631184, 15.203330500470255 ], [ -91.319555512552355, 15.20416158979913 ], [ -91.319070086453792, 15.204712650121781 ], [ -91.318403300430461, 15.205393399053541 ], [ -91.318380653730529, 15.206342186229408 ], [ -91.318495270612345, 15.207072836458355 ], [ -91.318596620157066, 15.20756953913294 ], [ -91.318214957739983, 15.208311163118131 ], [ -91.317610266604689, 15.208715593581998 ], [ -91.31718658014853, 15.209034391032613 ], [ -91.316685203492085, 15.209760430566554 ], [ -91.316527596293909, 15.210634776049321 ], [ -91.316702355035375, 15.211336504454767 ], [ -91.317163874983237, 15.211894646383728 ], [ -91.317688907099139, 15.212073679135809 ], [ -91.318665663816674, 15.212139731233702 ], [ -91.319565995791081, 15.212306883678449 ], [ -91.320076022938679, 15.212471113924133 ], [ -91.320673660119013, 15.212957965868634 ], [ -91.320994910486263, 15.214188359965844 ], [ -91.320921035484758, 15.214848690311197 ], [ -91.321248240906598, 15.215401303379014 ], [ -91.322031826533944, 15.216062386804145 ], [ -91.32229850334393, 15.21654563543539 ], [ -91.322804725204065, 15.217192219197228 ], [ -91.323369255020879, 15.218042586532006 ], [ -91.323379524029761, 15.21865609626251 ], [ -91.322893378691191, 15.219294145087444 ], [ -91.322186378936649, 15.21931823994391 ], [ -91.32158779078047, 15.218948873103272 ], [ -91.3209155536114, 15.218477281168225 ], [ -91.320164804400662, 15.218296564792761 ], [ -91.319231304008284, 15.218494063096212 ], [ -91.3183541273835, 15.219143860922923 ], [ -91.317792920484862, 15.219782464458111 ], [ -91.317682770182557, 15.220393942240834 ], [ -91.317631833447109, 15.221167410404966 ], [ -91.317629912035784, 15.223313843635495 ], [ -91.317863088694082, 15.224205799715453 ], [ -91.318217721871477, 15.224967619350409 ], [ -91.318496627214842, 15.225815859978264 ], [ -91.318582962717585, 15.226298889606936 ], [ -91.31860939109626, 15.226780344117865 ], [ -91.318604753656857, 15.227364368359302 ], [ -91.318449223115806, 15.22804893851643 ], [ -91.317977573958004, 15.228688210376868 ], [ -91.317597838310022, 15.229181307470522 ], [ -91.317266572668018, 15.229724474435436 ], [ -91.317068521645353, 15.230195209286517 ], [ -91.31639625937747, 15.23096740839137 ], [ -91.315720206951951, 15.231484262420032 ], [ -91.315308987832395, 15.232130759426191 ], [ -91.315508099475124, 15.232989699758953 ], [ -91.315904273845035, 15.234234219630576 ], [ -91.31600492222509, 15.23481903250074 ], [ -91.315951886344493, 15.235781146220569 ], [ -91.315582142063192, 15.236917115374263 ], [ -91.315367708515481, 15.237397890869531 ], [ -91.314987022849039, 15.238007334373274 ], [ -91.314425748057488, 15.238645922325812 ], [ -91.313600168570801, 15.239087085210949 ], [ -91.312607044810875, 15.239088658492147 ], [ -91.309799476911323, 15.234555499289259 ], [ -91.306819799852775, 15.232788786467365 ], [ -91.302973274528796, 15.230740973018987 ], [ -91.298974502579412, 15.229550516745261 ], [ -91.29174177278297, 15.228149022706104 ], [ -91.285959283751737, 15.227918566286695 ], [ -91.282413161031741, 15.227317592390035 ], [ -91.276018337159954, 15.225920882923401 ], [ -91.260710791512494, 15.225452676501224 ], [ -91.254201582217036, 15.22427363515421 ], [ -91.233783377362727, 15.223867760963202 ], [ -91.228714672485779, 15.223606438226458 ], [ -91.223751024177304, 15.223723141907207 ], [ -91.209157173642097, 15.223270638923385 ], [ -91.206246082759549, 15.222880278700858 ], [ -91.204691527481458, 15.222150533314831 ], [ -91.203621682653619, 15.221542137708928 ], [ -91.202482644096492, 15.220999833599961 ], [ -91.199811130093693, 15.22055708741147 ], [ -91.178837780953316, 15.220898665366336 ], [ -91.169547009334408, 15.221555169063413 ], [ -91.161357080595593, 15.221910773411352 ], [ -91.15920669652013, 15.222026461019629 ], [ -91.152102740760711, 15.222056252962737 ], [ -91.147688832476149, 15.221257411054292 ], [ -91.143431811865938, 15.220018102592219 ], [ -91.142477395314387, 15.219339224559297 ] ] ] ] } },
{ "type": "Feature", "properties": { "codigo_departamento": 13, "departamento": "Huehuetenango", "codigo_municipio_shape": 1320, "municipio": "San Sebastián Huehuetenango", "riesgos": 14.0, "pobreza": 12.0, "indice_san": 15.6, "politicas": 20.8, "ponderacion": 62.491, "ranking": 9, "riesgos_prom_depto": 13.2, "pobreza_prom_depto": 12.49, "indice_san_prom_depto": 13.11, "politicas_prom_depto": 11.36, "ponderacion_prom_depto": 50.13, "riesgos_prom_nacional": 13.19, "pobreza_prom_nacional": 9.78, "indice_san_prom_nacional": 7.92, "politicas_prom_nacional": 7.21, "ponderacion_prom_nacional": 38.07 }, "geometry": { "type": "MultiPolygon", "coordinates": [ [ [ [ -91.512263904638104, 15.47874939853568 ], [ -91.510812818088866, 15.475665512877912 ], [ -91.50984305466622, 15.471176045072815 ], [ -91.511310073942425, 15.4630616811496 ], [ -91.5125301029544, 15.460806928927706 ], [ -91.51274369836257, 15.454382180467146 ], [ -91.511396235915129, 15.449201006639257 ], [ -91.506955875383937, 15.437725366181814 ], [ -91.506962837507174, 15.436099663879862 ], [ -91.506370443099144, 15.434406668953336 ], [ -91.505988565480735, 15.42697692824745 ], [ -91.506069851990091, 15.423997113827767 ], [ -91.507322594813289, 15.416318520186159 ], [ -91.510745359919639, 15.406364394771138 ], [ -91.511353211980008, 15.405883782079616 ], [ -91.511532545803902, 15.404494215810386 ], [ -91.51505105094806, 15.396741445345027 ], [ -91.515581718136232, 15.395068388993703 ], [ -91.518330895098117, 15.391326788073314 ], [ -91.522064764544723, 15.384500576162285 ], [ -91.522892544530308, 15.379321460375815 ], [ -91.525147741050944, 15.377717427931584 ], [ -91.52617854766018, 15.377512974961661 ], [ -91.527527321549002, 15.376137904174133 ], [ -91.527792461157659, 15.370797998313558 ], [ -91.528406222903385, 15.369620285637852 ], [ -91.528619198255441, 15.365901275714721 ], [ -91.530253469206826, 15.358413615957183 ], [ -91.531607640671709, 15.355328033666691 ], [ -91.533931894478741, 15.353289356560932 ], [ -91.534846041985872, 15.353767617744568 ], [ -91.53524399088748, 15.353386100168112 ], [ -91.537930770469501, 15.354454445203336 ], [ -91.541995384154092, 15.357310094836519 ], [ -91.552268392904821, 15.366841429579894 ], [ -91.559575002600241, 15.373621313654207 ], [ -91.562525030294466, 15.375670637581221 ], [ -91.57580673798158, 15.383219527254452 ], [ -91.577792868304911, 15.383808433693915 ], [ -91.587885061061655, 15.384065902988903 ], [ -91.595240435238253, 15.385841071148377 ], [ -91.619984981736735, 15.386181181169103 ], [ -91.621717991596427, 15.386863043744363 ], [ -91.62559610671363, 15.391356649406195 ], [ -91.627209622529961, 15.396950253874909 ], [ -91.626745425786154, 15.401402316761523 ], [ -91.626134172932666, 15.403327164095661 ], [ -91.624738745785336, 15.406369082651967 ], [ -91.622539731116476, 15.408691951310866 ], [ -91.62253763453532, 15.411132381771314 ], [ -91.620626729964201, 15.413555304943749 ], [ -91.619370508765059, 15.414188107011528 ], [ -91.613465626164768, 15.419267190836242 ], [ -91.611076257653764, 15.42136389987259 ], [ -91.605700099168018, 15.426130835670254 ], [ -91.602460577845775, 15.429054767096591 ], [ -91.598615262962809, 15.431374907382841 ], [ -91.597140752924091, 15.433181199862551 ], [ -91.594534944011258, 15.437965303043843 ], [ -91.593637012431714, 15.439760537939225 ], [ -91.593117741371429, 15.452075616257893 ], [ -91.593730090892734, 15.456709477864283 ], [ -91.595861344881826, 15.461719031152489 ], [ -91.596009994952027, 15.468962073383326 ], [ -91.595610357171424, 15.472337687900261 ], [ -91.595192495223557, 15.472627656698354 ], [ -91.594988877368692, 15.475523201550159 ], [ -91.593558149418968, 15.48122531929163 ], [ -91.59018767217384, 15.487326311335796 ], [ -91.584108713009002, 15.493934142614885 ], [ -91.577490539068364, 15.498915897454316 ], [ -91.575875023411058, 15.500452193193146 ], [ -91.570645647158742, 15.497342000693019 ], [ -91.565329775285591, 15.494972271788111 ], [ -91.552526532888436, 15.491174076279016 ], [ -91.550860155906648, 15.491133788164852 ], [ -91.545650276668241, 15.489575512516975 ], [ -91.54272677474728, 15.489206034681414 ], [ -91.541831553862238, 15.488604737007105 ], [ -91.538216686600336, 15.487808105087979 ], [ -91.53307712778944, 15.487377525923623 ], [ -91.530331909110458, 15.486598963752058 ], [ -91.52095706255983, 15.482535935906947 ], [ -91.514446345747075, 15.480572835371413 ], [ -91.512263904638104, 15.47874939853568 ] ] ] ] } },
{ "type": "Feature", "properties": { "codigo_departamento": 14, "departamento": "Quiché", "codigo_municipio_shape": 1419, "municipio": "Chicamán", "riesgos": 15.8, "pobreza": 14.7, "indice_san": 15.2, "politicas": 16.7, "ponderacion": 62.34, "ranking": 10, "riesgos_prom_depto": 13.55, "pobreza_prom_depto": 13.54, "indice_san_prom_depto": 12.98, "politicas_prom_depto": 11.31, "ponderacion_prom_depto": 51.32, "riesgos_prom_nacional": 13.19, "pobreza_prom_nacional": 9.78, "indice_san_prom_nacional": 7.92, "politicas_prom_nacional": 7.21, "ponderacion_prom_nacional": 38.07 }, "geometry": { "type": "MultiPolygon", "coordinates": [ [ [ [ -90.635537102165415, 15.590420789292557 ], [ -90.636902790299061, 15.589947632017742 ], [ -90.638343243342177, 15.589252800597967 ], [ -90.639785212777028, 15.588424722866229 ], [ -90.640742931808404, 15.587812775732198 ], [ -90.641263445186738, 15.58742989087299 ], [ -90.641688654672009, 15.586311959164986 ], [ -90.641753084528091, 15.585668964897579 ], [ -90.641776528762861, 15.584635934858944 ], [ -90.641640732648483, 15.582447083136287 ], [ -90.640944151011709, 15.58126178336301 ], [ -90.640471662813013, 15.580501233919065 ], [ -90.639440718807265, 15.579469311451273 ], [ -90.638362132925124, 15.578580292941917 ], [ -90.637484169412019, 15.578181267871472 ], [ -90.636150802239712, 15.57756730562892 ], [ -90.635582828314753, 15.577161439849855 ], [ -90.634867452296845, 15.576554109724377 ], [ -90.634324743067182, 15.575926050056996 ], [ -90.633904535959843, 15.575588399043047 ], [ -90.632809705959943, 15.575155405109394 ], [ -90.631975490693719, 15.574956712414055 ], [ -90.630716098853625, 15.574855071921652 ], [ -90.629100487316919, 15.574881708667213 ], [ -90.627323230099677, 15.574984510400707 ], [ -90.626189222863317, 15.574972278575101 ], [ -90.625285255272331, 15.574863150674224 ], [ -90.623756204903742, 15.574302339167389 ], [ -90.622868498963527, 15.573792489880692 ], [ -90.621803204470439, 15.572770293241316 ], [ -90.620898853303729, 15.571683206306687 ], [ -90.620147056806289, 15.570298514422573 ], [ -90.619688618009761, 15.569338205424872 ], [ -90.619370250432212, 15.568101614571068 ], [ -90.619112856733537, 15.56657772444855 ], [ -90.618815361819557, 15.565552529276072 ], [ -90.618527849272638, 15.564671988003132 ], [ -90.618203733160229, 15.563935594226955 ], [ -90.617720430645207, 15.56316360039769 ], [ -90.617042717788763, 15.562278835915452 ], [ -90.616271726620766, 15.561604229994753 ], [ -90.615469502957495, 15.560607448176716 ], [ -90.615133062046226, 15.559981586756502 ], [ -90.614813383589038, 15.558912107119031 ], [ -90.614618995193993, 15.557888028876988 ], [ -90.614281586505641, 15.557296033864779 ], [ -90.613787561557842, 15.556445999288629 ], [ -90.613454910046201, 15.555997469741026 ], [ -90.613276573623082, 15.555249101244442 ], [ -90.61365058168218, 15.554585765161519 ], [ -90.614060856749603, 15.553807638163503 ], [ -90.614002247742008, 15.552929571514969 ], [ -90.613665430203071, 15.552337583016236 ], [ -90.613348960979692, 15.551900522607212 ], [ -90.612773293438735, 15.551161400026638 ], [ -90.612632020023398, 15.550482318954787 ], [ -90.612686474933469, 15.549750023286753 ], [ -90.612958150082932, 15.549020080748916 ], [ -90.613366943008231, 15.548369542195283 ], [ -90.613840124905607, 15.547589835455629 ], [ -90.613459522120138, 15.546097357344493 ], [ -90.613182984959977, 15.545228226366007 ], [ -90.612891416666557, 15.544703352105707 ], [ -90.612519497851309, 15.544176481086625 ], [ -90.611849146872629, 15.543670089218883 ], [ -90.610823138022482, 15.543247922707241 ], [ -90.610021131844945, 15.542239838974005 ], [ -90.6091318120355, 15.540875094183313 ], [ -90.608505138318762, 15.539613699710319 ], [ -90.607959803826745, 15.538218806075522 ], [ -90.607817008780955, 15.537672957646611 ], [ -90.607605334158094, 15.5361823112059 ], [ -90.60741802470919, 15.534548512403784 ], [ -90.607221261199641, 15.532724895158257 ], [ -90.607059973980668, 15.529845817775525 ], [ -90.60719690513821, 15.527871114800403 ], [ -90.607233147747792, 15.526749031627766 ], [ -90.607006690761992, 15.525530372427305 ], [ -90.606737922227978, 15.524950409316641 ], [ -90.606166187768437, 15.523878195580652 ], [ -90.605748525993192, 15.522374021517365 ], [ -90.605306807256724, 15.52093620989773 ], [ -90.604674708949972, 15.519141749010858 ], [ -90.60432608696803, 15.517560404266554 ], [ -90.60431131578018, 15.516872530861006 ], [ -90.604375015734391, 15.515339702442205 ], [ -90.604491653760221, 15.514164288472758 ], [ -90.604741481113507, 15.513356197914725 ], [ -90.605178428672176, 15.512228299155835 ], [ -90.60529237492905, 15.511285481433836 ], [ -90.605242806351697, 15.51058480822627 ], [ -90.604887200591506, 15.509659482582014 ], [ -90.604529362512466, 15.508877549247888 ], [ -90.604230182745923, 15.508008167982663 ], [ -90.60419513570686, 15.507108905301212 ], [ -90.604142192372876, 15.505741937520888 ], [ -90.604228496926169, 15.505175990140193 ], [ -90.604533124754255, 15.504613538691201 ], [ -90.604928016139667, 15.504151439996917 ], [ -90.605561637831713, 15.503791302724157 ], [ -90.608629988039525, 15.502914357878714 ], [ -90.609813937183276, 15.502548867066826 ], [ -90.610895452762378, 15.502128059704164 ], [ -90.611451852147056, 15.501544604952411 ], [ -90.611870994021359, 15.499983986525621 ], [ -90.611917854173768, 15.498895888565922 ], [ -90.612385701634551, 15.498061905932543 ], [ -90.612880034508279, 15.497912537412441 ], [ -90.613727288808349, 15.497910396264388 ], [ -90.614583259397037, 15.498163556333314 ], [ -90.61586027692519, 15.498666304294678 ], [ -90.618147996477063, 15.499945581470204 ], [ -90.618623271527667, 15.500138161877706 ], [ -90.619586261034797, 15.500048033145749 ], [ -90.620371382489523, 15.499523477534694 ], [ -90.620993393227693, 15.498241686068122 ], [ -90.62158147045082, 15.496871444004846 ], [ -90.622370902116259, 15.495968622274209 ], [ -90.622868207249965, 15.495507583040188 ], [ -90.623757877421525, 15.494850884734561 ], [ -90.6248014323196, 15.494740137598482 ], [ -90.625365098521812, 15.494535021625666 ], [ -90.626129438373795, 15.493787751935669 ], [ -90.62716904739878, 15.49203273877143 ], [ -90.627593412430301, 15.490971264143091 ], [ -90.627971276537139, 15.489953329479345 ], [ -90.628482804476931, 15.489315134269372 ], [ -90.629108567710489, 15.48866686885934 ], [ -90.630182532128757, 15.487877728304666 ], [ -90.631382377323675, 15.487180272532225 ], [ -90.632163046037704, 15.486988750751763 ], [ -90.633322526642431, 15.486767402288152 ], [ -90.634171588917894, 15.48665452574137 ], [ -90.634768932560704, 15.486506204415933 ], [ -90.635263800482207, 15.486255151531282 ], [ -90.635819018699507, 15.485817282219063 ], [ -90.636289540227935, 15.485197822221336 ], [ -90.637607791115855, 15.484581771459467 ], [ -90.638263033942621, 15.484410344731151 ], [ -90.638917182657437, 15.484284073465259 ], [ -90.639433418508972, 15.484201499975558 ], [ -90.640009746978308, 15.483851927151981 ], [ -90.640605355643828, 15.482880326815824 ], [ -90.640947779381207, 15.481951195910911 ], [ -90.641240251651055, 15.481370478085514 ], [ -90.641660363811127, 15.480726749874657 ], [ -90.641920383279441, 15.480029368259281 ], [ -90.641869798553998, 15.479406597035942 ], [ -90.641773293542443, 15.478828505702776 ], [ -90.641618668815198, 15.477778886086666 ], [ -90.641679586539979, 15.477027436068646 ], [ -90.641846220393077, 15.476452151511605 ], [ -90.64206923688738, 15.475988133566428 ], [ -90.642429769528633, 15.475514291579001 ], [ -90.642829554851275, 15.475070225766389 ], [ -90.643137119168884, 15.474491921218346 ], [ -90.643535486147542, 15.473915713869282 ], [ -90.643861281672528, 15.473475374575017 ], [ -90.644728274511209, 15.47275056948421 ], [ -90.645408300862911, 15.472391917937287 ], [ -90.646258354741335, 15.472134447372396 ], [ -90.647212911774375, 15.471800164919678 ], [ -90.648145188653103, 15.471376428386996 ], [ -90.649136230934729, 15.470852802668718 ], [ -90.649760739860213, 15.470304955495285 ], [ -90.650365358028893, 15.469662034037642 ], [ -90.650770465857633, 15.469105080082574 ], [ -90.651091243896801, 15.468075185016518 ], [ -90.65108895635052, 15.466264915404125 ], [ -90.65112556738903, 15.465032122450431 ], [ -90.651241249889608, 15.463911968259588 ], [ -90.651326099301102, 15.462479801794043 ], [ -90.651290329108491, 15.4616245514454 ], [ -90.651114349428994, 15.45993440174971 ], [ -90.650775862028013, 15.458509039235256 ], [ -90.650375907828973, 15.457372122418018 ], [ -90.64996311174275, 15.456445116305087 ], [ -90.649607966794775, 15.455413697864758 ], [ -90.649539665391274, 15.454397744578671 ], [ -90.649245648209899, 15.453005603161124 ], [ -90.6491064688298, 15.452183134564875 ], [ -90.649114363966049, 15.451483060379839 ], [ -90.64921865072148, 15.450340198439244 ], [ -90.649362397576823, 15.44951847354103 ], [ -90.649463770533643, 15.448943612967101 ], [ -90.649892361029956, 15.44810683764547 ], [ -90.650453556427934, 15.446971077472609 ], [ -90.651657831968819, 15.445697580469878 ], [ -90.65391004773987, 15.443537378666562 ], [ -90.65573690426298, 15.441874057801982 ], [ -90.659012332095188, 15.43889344643218 ], [ -90.659709080902587, 15.438017692607255 ], [ -90.661236065889128, 15.436612016264291 ], [ -90.662785568353911, 15.435273192687196 ], [ -90.663937942717368, 15.434619045447306 ], [ -90.664856596820613, 15.434406246136842 ], [ -90.665680796641212, 15.434414920804191 ], [ -90.667006574658132, 15.434651340269372 ], [ -90.668146028937471, 15.435152307400859 ], [ -90.669567479836772, 15.436049232604031 ], [ -90.677150485339695, 15.440904613575309 ], [ -90.677766763491547, 15.441133541908602 ], [ -90.679184737119598, 15.441304231531573 ], [ -90.680079104223225, 15.441340695205326 ], [ -90.680638299324428, 15.441363484542276 ], [ -90.682013381471236, 15.441255898068269 ], [ -90.68343630381986, 15.440981664198308 ], [ -90.684094891865783, 15.440808982416232 ], [ -90.684975360879548, 15.440576502388666 ], [ -90.685709448394462, 15.440472364457015 ], [ -90.687025627223306, 15.440531269827108 ], [ -90.688167890162447, 15.440787112859946 ], [ -90.689674535323277, 15.441257928295482 ], [ -90.69121777486987, 15.441473891793772 ], [ -90.692098267260889, 15.441502254865904 ], [ -90.692843184877617, 15.441524689181174 ], [ -90.694218116994023, 15.441483654693126 ], [ -90.69497343760105, 15.441512964472265 ], [ -90.695590635664232, 15.441608595128056 ], [ -90.696970870421652, 15.442089343862524 ], [ -90.698131078725581, 15.44277898532242 ], [ -90.698859169576835, 15.443219072953289 ], [ -90.700012614892898, 15.443520147982946 ], [ -90.700825074642452, 15.443595205024913 ], [ -90.701651534148596, 15.443403882778759 ], [ -90.702078364340267, 15.44313049381474 ], [ -90.702813887630228, 15.441839391420636 ], [ -90.703606721284217, 15.440206694608582 ], [ -90.703903364194971, 15.439595414275098 ], [ -90.705618399277697, 15.436736768434956 ], [ -90.706830303593392, 15.434788789041065 ], [ -90.707411242981635, 15.434050564994424 ], [ -90.708537579699978, 15.432629085023114 ], [ -90.709069226688683, 15.432190748517998 ], [ -90.709496546369593, 15.431816835480745 ], [ -90.709879884626517, 15.431365671326171 ], [ -90.710233414756573, 15.430447787958416 ], [ -90.710327164825614, 15.429171481064044 ], [ -90.71042101020609, 15.427939219954482 ], [ -90.710748424760268, 15.427331631088316 ], [ -90.711524341210833, 15.426540065773706 ], [ -90.713410242615154, 15.424749181950569 ], [ -90.714386801370779, 15.424026304165425 ], [ -90.715245979788335, 15.423390298760518 ], [ -90.715871762162351, 15.422697679634652 ], [ -90.716219787837787, 15.422278890594802 ], [ -90.717196805933625, 15.420872751252151 ], [ -90.717592499454284, 15.420299730024068 ], [ -90.717769789874254, 15.419789962943399 ], [ -90.717778523141845, 15.418990481364299 ], [ -90.717872294482703, 15.417600101370972 ], [ -90.717803511251475, 15.416702702730445 ], [ -90.716486463302417, 15.41465635711695 ], [ -90.715772512192657, 15.413938663748453 ], [ -90.715298437917653, 15.413322816140044 ], [ -90.715051766522748, 15.412831277749472 ], [ -90.714748198306708, 15.412060206820614 ], [ -90.71473591442286, 15.411373443810012 ], [ -90.714779846278617, 15.410496402588686 ], [ -90.71490820006106, 15.409830285881627 ], [ -90.715582365628322, 15.407581934248752 ], [ -90.716141886835942, 15.406502393195863 ], [ -90.716620754847128, 15.405505594685351 ], [ -90.716805170138073, 15.404342013131995 ], [ -90.716756168854971, 15.403552103299242 ], [ -90.716241950257839, 15.402402800441717 ], [ -90.715749071867791, 15.40143215266216 ], [ -90.715323090758957, 15.40057173730021 ], [ -90.715138317253604, 15.40006276557847 ], [ -90.714489652230995, 15.398275132554028 ], [ -90.714215321231748, 15.39717346775533 ], [ -90.713915136726797, 15.394282669617102 ], [ -90.713856900502975, 15.389116487007211 ], [ -90.71338955009675, 15.387889741621787 ], [ -90.712971341087567, 15.387386275520814 ], [ -90.712019064381565, 15.386543032343249 ], [ -90.711007481589959, 15.385855023654145 ], [ -90.710167667319183, 15.385213955509267 ], [ -90.709430167136119, 15.384584098812331 ], [ -90.709002622150948, 15.383924683329449 ], [ -90.708804523562875, 15.383199870552211 ], [ -90.708718035915325, 15.382699814422592 ], [ -90.708657026217111, 15.38199899906871 ], [ -90.708551837732571, 15.381187054997325 ], [ -90.708273422381254, 15.380462543766265 ], [ -90.707494323342601, 15.37948780852769 ], [ -90.707109018104006, 15.379117935751557 ], [ -90.706607755144631, 15.378867706627828 ], [ -90.705293990549677, 15.378621520942039 ], [ -90.704015666204739, 15.378275185336941 ], [ -90.703367715513025, 15.377868717771429 ], [ -90.701959745747843, 15.376820846575821 ], [ -90.70069058467385, 15.37564114308246 ], [ -90.699526988509604, 15.374229884491303 ], [ -90.699121581403077, 15.373626021465599 ], [ -90.698865291573824, 15.372957068702508 ], [ -90.698913863665723, 15.37213767740994 ], [ -90.699215360412722, 15.371338970673474 ], [ -90.699131190252885, 15.370683090913069 ], [ -90.698281334492748, 15.369852156738817 ], [ -90.697873135479767, 15.369503492280463 ], [ -90.697602996916117, 15.369089624168007 ], [ -90.697232665925071, 15.368419491508881 ], [ -90.69686612035153, 15.367404953219944 ], [ -90.696291145472259, 15.366610736112859 ], [ -90.695335519360071, 15.366033927948203 ], [ -90.694158450704819, 15.365855735354746 ], [ -90.692631593187059, 15.365786843537458 ], [ -90.691320762633367, 15.365759708415208 ], [ -90.690394932898684, 15.365649599837544 ], [ -90.689630093284592, 15.365453070431764 ], [ -90.688295347106632, 15.365062027527664 ], [ -90.686942847920989, 15.364170504601491 ], [ -90.685352627733664, 15.363042735072229 ], [ -90.684671170263442, 15.36256924485915 ], [ -90.684137728796827, 15.362130040020649 ], [ -90.683455900676961, 15.361690422287243 ], [ -90.68271485765159, 15.361448948280193 ], [ -90.681799113321389, 15.361429255841951 ], [ -90.68081937253298, 15.361460843472134 ], [ -90.679706859640348, 15.361184999302758 ], [ -90.679138030151833, 15.36084253877952 ], [ -90.678537325870366, 15.360593477204706 ], [ -90.677391719280379, 15.360416657948964 ], [ -90.676212871854418, 15.360404365329719 ], [ -90.675469004610875, 15.360419190660378 ], [ -90.674841158772338, 15.360256794314916 ], [ -90.674350633327975, 15.360095829777636 ], [ -90.673640891906231, 15.360077126171108 ], [ -90.672793425010468, 15.360146199066449 ], [ -90.672095432504221, 15.36011745046283 ], [ -90.671581605651994, 15.360011572392754 ], [ -90.670966506766291, 15.359749918864564 ], [ -90.67013565026015, 15.359318869619665 ], [ -90.669532476271414, 15.358979416376325 ], [ -90.668895308029946, 15.358662191335734 ], [ -90.667927522591356, 15.358195823286124 ], [ -90.667217160910681, 15.358233560224479 ], [ -90.666755792261426, 15.358539288800531 ], [ -90.666166262967423, 15.359014197562825 ], [ -90.665539747535036, 15.359518081224234 ], [ -90.66509250115061, 15.35980927383399 ], [ -90.664072382646921, 15.359966846904912 ], [ -90.662985984340509, 15.359910281098992 ], [ -90.662370179862378, 15.359243176920016 ], [ -90.661823485529268, 15.358432249409978 ], [ -90.661155260033979, 15.357770238438722 ], [ -90.659154823647469, 15.356084643479624 ], [ -90.657324227118679, 15.354408722785831 ], [ -90.655084138485847, 15.353085341280547 ], [ -90.653137658051023, 15.352099305160801 ], [ -90.651849472851438, 15.351619339097095 ], [ -90.650148618249204, 15.351201642807155 ], [ -90.648502273736511, 15.351061189110228 ], [ -90.647839654475973, 15.35094352820955 ], [ -90.647259692995064, 15.35061555832247 ], [ -90.646555847739251, 15.350075102255291 ], [ -90.645770562191757, 15.349688497801612 ], [ -90.64494844306958, 15.349525100998903 ], [ -90.643024678279502, 15.349581561018059 ], [ -90.641653202809238, 15.349423637193643 ], [ -90.640660470706877, 15.34916807590267 ], [ -90.640057385563168, 15.348828553341889 ], [ -90.639546847798826, 15.348434672189027 ], [ -90.638874742163111, 15.348127165974502 ], [ -90.636850579989442, 15.348006342017875 ], [ -90.633622664391964, 15.348027438960397 ], [ -90.631711043501411, 15.348041019185759 ], [ -90.630849312870609, 15.348038640347269 ], [ -90.629970796370287, 15.347873462571144 ], [ -90.629007193352834, 15.347256792022012 ], [ -90.627514789254121, 15.34662997737413 ], [ -90.626419486408494, 15.346340515455347 ], [ -90.625185252367828, 15.346194120241293 ], [ -90.623914232539249, 15.346213326472023 ], [ -90.622986033655323, 15.34632652603209 ], [ -90.622338707428398, 15.346300425441061 ], [ -90.621648451707358, 15.346211756818496 ], [ -90.621078983016375, 15.345939171581705 ], [ -90.620491416993303, 15.345569277024468 ], [ -90.619374640372783, 15.344866239969912 ], [ -90.618428222942939, 15.344534290270493 ], [ -90.616441542321667, 15.344090717306196 ], [ -90.614395089740043, 15.343890408122586 ], [ -90.613238388722493, 15.343989829671113 ], [ -90.612395928809292, 15.343932251636579 ], [ -90.611526206902141, 15.343560443648647 ], [ -90.610959487323214, 15.343099276572357 ], [ -90.610096297667397, 15.342511842100787 ], [ -90.609492906435463, 15.342206120078171 ], [ -90.608945478812814, 15.342044413156511 ], [ -90.608259735679127, 15.34197043320143 ], [ -90.607741193582555, 15.342286713386576 ], [ -90.606986210168273, 15.343233971021185 ], [ -90.606329604685811, 15.343615392596385 ], [ -90.604811830972039, 15.343233214871361 ], [ -90.602189105888698, 15.34239422064743 ], [ -90.601164101721594, 15.341916810736524 ], [ -90.600641866036483, 15.341588224184308 ], [ -90.60024532943217, 15.341206784386516 ], [ -90.599566951575625, 15.340489179984012 ], [ -90.598787778632783, 15.340547419700528 ], [ -90.598348120827609, 15.340986485745264 ], [ -90.598107520748741, 15.341572238620003 ], [ -90.597806506785645, 15.342301886836001 ], [ -90.597662464683793, 15.342889807444044 ], [ -90.597633305883377, 15.343455252579664 ], [ -90.596950235497118, 15.344114156128523 ], [ -90.596250817015701, 15.344218415378457 ], [ -90.594710378902789, 15.344090007787729 ], [ -90.593851049824366, 15.343931674238394 ], [ -90.59300844374431, 15.343532989727541 ], [ -90.592419900013724, 15.342949585837738 ], [ -90.591908344010406, 15.342654973053367 ], [ -90.591050601307501, 15.342612960744884 ], [ -90.589184925688016, 15.342636842529956 ], [ -90.587293556302853, 15.342871599938711 ], [ -90.586202263040704, 15.343204212192296 ], [ -90.584606575842074, 15.34363185932969 ], [ -90.583706834138368, 15.343750844919532 ], [ -90.582979003393646, 15.343846848835692 ], [ -90.581865016958105, 15.343673290576923 ], [ -90.581017506539169, 15.343248536000496 ], [ -90.580346296594783, 15.342874247793249 ], [ -90.579823503158664, 15.342546738962707 ], [ -90.579277253974865, 15.342285602723505 ], [ -90.578729600461273, 15.342146406052361 ], [ -90.577589493528492, 15.341767019447298 ], [ -90.575408412504899, 15.34134356725642 ], [ -90.573819799353601, 15.341159163334156 ], [ -90.572958227969579, 15.341450168620273 ], [ -90.572529953612673, 15.34185655154203 ], [ -90.571808445650262, 15.34246300316156 ], [ -90.571192351922932, 15.342708114803887 ], [ -90.570390619130549, 15.342754714041046 ], [ -90.569305822650719, 15.342725954533242 ], [ -90.567909696807021, 15.342550381968431 ], [ -90.56708926575017, 15.342252348218183 ], [ -90.565631073569193, 15.341659397505348 ], [ -90.564573927652646, 15.341003061764775 ], [ -90.563609917034185, 15.340293535767884 ], [ -90.563008817048257, 15.339798011643641 ], [ -90.562050469311288, 15.33955378677809 ], [ -90.560389236041559, 15.339714043302404 ], [ -90.55879491436923, 15.339974390143706 ], [ -90.557256965721834, 15.340390047272141 ], [ -90.555573763428157, 15.340887664170571 ], [ -90.554948179698854, 15.341097619634816 ], [ -90.554077800531445, 15.34114453642785 ], [ -90.553117845281605, 15.341039153137279 ], [ -90.551806644101092, 15.340619370957219 ], [ -90.551067637331954, 15.340177636082508 ], [ -90.550111116449457, 15.339778677336946 ], [ -90.549277279904686, 15.339636268110526 ], [ -90.548488138019721, 15.339652439265883 ], [ -90.547848188882838, 15.339647664293167 ], [ -90.546113772090564, 15.340046400617313 ], [ -90.543745241881041, 15.340985813130105 ], [ -90.542524631851862, 15.341627316601461 ], [ -90.540748652603924, 15.341797448260644 ], [ -90.539079557843905, 15.341634495797535 ], [ -90.537297745784826, 15.341359624299082 ], [ -90.53542403358334, 15.341082595066311 ], [ -90.531329201891324, 15.340882605468602 ], [ -90.529338157088773, 15.340837975003579 ], [ -90.527749107727246, 15.340698412084015 ], [ -90.526253630519889, 15.340370169598113 ], [ -90.525491859351902, 15.339940523681106 ], [ -90.524684209191776, 15.339553278122651 ], [ -90.523900541682636, 15.339056763538768 ], [ -90.523124014430309, 15.338892312054389 ], [ -90.521673719143095, 15.338632295086899 ], [ -90.520256190614163, 15.338504749029038 ], [ -90.519011451476175, 15.338279747895925 ], [ -90.517813664065073, 15.337922013865194 ], [ -90.516288936351046, 15.337217361419341 ], [ -90.515561268434567, 15.336809519978299 ], [ -90.514786205244235, 15.336523104326814 ], [ -90.513930392803005, 15.336324992500785 ], [ -90.51275393205124, 15.336133467094983 ], [ -90.511715670614493, 15.335866690129626 ], [ -90.510889134132015, 15.335113327746425 ], [ -90.510415468239415, 15.334531024649989 ], [ -90.510009540317796, 15.334026259055964 ], [ -90.508903187166268, 15.33371354496775 ], [ -90.508251207000072, 15.333696100724694 ], [ -90.507666445726258, 15.333652308277015 ], [ -90.506727548827996, 15.333789742395808 ], [ -90.506173396538543, 15.334059073276437 ], [ -90.505219834621187, 15.334549773402552 ], [ -90.50428914698918, 15.334828438068904 ], [ -90.503192720586043, 15.334660342599225 ], [ -90.502121612452342, 15.334271203547914 ], [ -90.500810539014395, 15.333758548393455 ], [ -90.499812445782908, 15.333101470510657 ], [ -90.499304377492848, 15.332528924757886 ], [ -90.498591303771946, 15.331877296183396 ], [ -90.497048071445235, 15.330782746944788 ], [ -90.496255004463549, 15.330107630211085 ], [ -90.495622179475717, 15.329411726734195 ], [ -90.494776220870676, 15.328391611240452 ], [ -90.494109878632372, 15.327628706380274 ], [ -90.493349430923359, 15.327098482810113 ], [ -90.492463865663069, 15.326522817076192 ], [ -90.491644576411929, 15.32614662616224 ], [ -90.49069826673724, 15.325835626862846 ], [ -90.489845175679164, 15.325416144186724 ], [ -90.48844128216858, 15.325132737037885 ], [ -90.487335805502525, 15.324754442956801 ], [ -90.486653485400808, 15.324358323307653 ], [ -90.485720812978471, 15.323881470552722 ], [ -90.485324482525627, 15.323554061527616 ], [ -90.484899288167568, 15.322818693829246 ], [ -90.485086341892796, 15.322111676930572 ], [ -90.48513826131078, 15.321613164731234 ], [ -90.485158401049731, 15.320902007996343 ], [ -90.485120806335047, 15.32020262443613 ], [ -90.485119545495252, 15.31743724933996 ], [ -90.485002222375584, 15.31669180020481 ], [ -90.484636012117107, 15.31574368281591 ], [ -90.483543319953085, 15.313377038992812 ], [ -90.483245362765672, 15.312462433862549 ], [ -90.483013111309234, 15.311793601901849 ], [ -90.482077906454819, 15.310561294494606 ], [ -90.481752422307181, 15.310003200628051 ], [ -90.481439696125108, 15.309400082678492 ], [ -90.481205871789314, 15.308863347123985 ], [ -90.480966778832993, 15.30779470936967 ], [ -90.480884503309667, 15.30703836291762 ], [ -90.480852400568438, 15.303984706791002 ], [ -90.480882662086657, 15.303351579636017 ], [ -90.481039118595277, 15.302721003100222 ], [ -90.481675947223692, 15.302050670961801 ], [ -90.482012303277799, 15.301698770901341 ], [ -90.482355105290068, 15.300758639090002 ], [ -90.482353610423218, 15.299959163019251 ], [ -90.482165008403115, 15.299435359548951 ], [ -90.481964692958613, 15.298966750985517 ], [ -90.481880560560612, 15.298365081182565 ], [ -90.481946977957378, 15.297577662561068 ], [ -90.48231011046532, 15.296882791736895 ], [ -90.48359858469243, 15.295319831951245 ], [ -90.484061868881113, 15.294858691377216 ], [ -90.484477347603999, 15.294552840753807 ], [ -90.485088196954678, 15.294204020889543 ], [ -90.486170582895724, 15.293627884623792 ], [ -90.487160682071476, 15.293083454552603 ], [ -90.487898210480722, 15.292646841730649 ], [ -90.488636126286764, 15.292177483587645 ], [ -90.489097926746851, 15.291839395918988 ], [ -90.48956245852635, 15.291272114838089 ], [ -90.490307572647282, 15.290197588198573 ], [ -90.490658638382769, 15.289535306842229 ], [ -90.490849185263926, 15.288871224265744 ], [ -90.491163215973074, 15.287508430610226 ], [ -90.491262452433844, 15.286843323196795 ], [ -90.491260512256474, 15.286077714478022 ], [ -90.491056615065744, 15.284931562013593 ], [ -90.490972531179679, 15.284274563067175 ], [ -90.490911698307997, 15.283618953370375 ], [ -90.490869765734857, 15.282352665009441 ], [ -90.490910420223543, 15.281820145055203 ], [ -90.491058408271101, 15.281163488311218 ], [ -90.491316662674691, 15.280380470158113 ], [ -90.49179927098551, 15.279219426412618 ], [ -90.49210189457979, 15.277835047920002 ], [ -90.492436986975292, 15.276605728623137 ], [ -90.492801097919354, 15.27582163311771 ], [ -90.493767876176946, 15.275322063505014 ], [ -90.49437332410254, 15.275372879665339 ], [ -90.49535864513706, 15.275417780081014 ], [ -90.495964446271515, 15.275340996044982 ], [ -90.496528830497795, 15.274980319224502 ], [ -90.497323312788822, 15.274589468148042 ], [ -90.497907392300377, 15.274529373397026 ], [ -90.498564681853978, 15.274377501372401 ], [ -90.498902296899033, 15.273569384589496 ], [ -90.499045068773711, 15.273104620605167 ], [ -90.499123967934892, 15.272238283267511 ], [ -90.49898370355325, 15.271559199738871 ], [ -90.498394839966736, 15.271042226542447 ], [ -90.497986539512368, 15.270748594181633 ], [ -90.497578626052857, 15.270422216118872 ], [ -90.497091390031542, 15.270017038149092 ], [ -90.496423073354933, 15.26943255044395 ], [ -90.495726844982826, 15.268357682282874 ], [ -90.495394140455588, 15.267477709926487 ], [ -90.495390024458999, 15.266844187915554 ], [ -90.495844612173201, 15.26612771714241 ], [ -90.49664906386981, 15.26582504975614 ], [ -90.497678193113387, 15.265605063719265 ], [ -90.498491066241712, 15.265622046755739 ], [ -90.499394162864732, 15.265878294376623 ], [ -90.50031777548439, 15.266121215400347 ], [ -90.501276274322009, 15.2663159680219 ], [ -90.502045088167407, 15.266124673926786 ], [ -90.502680736635156, 15.265587490267263 ], [ -90.502859777498543, 15.264956006895273 ], [ -90.502859358416416, 15.264057160021379 ], [ -90.502753933022817, 15.263283614790756 ], [ -90.502648675594656, 15.261561546581602 ], [ -90.502711474004911, 15.260726641376641 ], [ -90.502870298850866, 15.260230434805669 ], [ -90.503277596531376, 15.259624076505686 ], [ -90.503716101287353, 15.259329724955604 ], [ -90.504254600203566, 15.259235223915434 ], [ -90.504851055256253, 15.259108619569011 ], [ -90.505548998035351, 15.259105098884577 ], [ -90.506723587247819, 15.25941853546462 ], [ -90.507564564912357, 15.259861504764917 ], [ -90.508452880505061, 15.26023611505285 ], [ -90.509303720296799, 15.260139426802231 ], [ -90.509956992259205, 15.259732271361603 ], [ -90.51059273294193, 15.259183765326606 ], [ -90.511471242797342, 15.258416630760125 ], [ -90.512894326818468, 15.256099491403729 ], [ -90.513451888504548, 15.254384769203835 ], [ -90.513633426904079, 15.252598119881364 ], [ -90.51372345734201, 15.25077883859678 ], [ -90.513959619736227, 15.249192663753625 ], [ -90.514182130875128, 15.248717478361559 ], [ -90.514899636589803, 15.248036612882309 ], [ -90.515557739488045, 15.247510919017129 ], [ -90.516019531497662, 15.24716146445183 ], [ -90.517158327093114, 15.246607212491137 ], [ -90.519158279371396, 15.245864867128706 ], [ -90.520137369468117, 15.245241079010114 ], [ -90.520622357612311, 15.244846700592982 ], [ -90.521109684654419, 15.244252475382273 ], [ -90.521316008007531, 15.243221527244144 ], [ -90.521248457145049, 15.242187550175773 ], [ -90.521301089455619, 15.241567065200222 ], [ -90.521457237579028, 15.240946595209047 ], [ -90.521797971925892, 15.240206206742654 ], [ -90.522365472630227, 15.239567695501169 ], [ -90.523082259215741, 15.238943249397733 ], [ -90.523566578793179, 15.23860418530775 ], [ -90.52426771131293, 15.238322843292774 ], [ -90.52496844837431, 15.238075370727174 ], [ -90.525936401247876, 15.237752927607588 ], [ -90.52656634082048, 15.237392875651521 ], [ -90.527109836064099, 15.236865875522493 ], [ -90.527643310378167, 15.236250684324704 ], [ -90.527917489749299, 15.235331133934087 ], [ -90.527884524233585, 15.234220751429717 ], [ -90.52778113998589, 15.233264293978939 ], [ -90.527641965084072, 15.232733158585029 ], [ -90.527398176972795, 15.231798869038093 ], [ -90.527086994681738, 15.230013535700868 ], [ -90.526995240116548, 15.229057206477638 ], [ -90.527081059264887, 15.228580492481205 ], [ -90.527237555476518, 15.227927270258251 ], [ -90.52751977331252, 15.22726413928905 ], [ -90.527823106969237, 15.226734488480014 ], [ -90.528310880526917, 15.226096204816507 ], [ -90.528915276436578, 15.225280785295656 ], [ -90.529754054328791, 15.224012864942047 ], [ -90.530653236105607, 15.222401194439573 ], [ -90.531484507251776, 15.22077747658445 ], [ -90.532597502660224, 15.218479318493232 ], [ -90.533356505162033, 15.217166462598994 ], [ -90.534250779143889, 15.216021081780244 ], [ -90.534959345316707, 15.215393104757945 ], [ -90.536411193817429, 15.214151070536332 ], [ -90.537115412694916, 15.213345746939311 ], [ -90.538276032442212, 15.212694479380426 ], [ -90.539078439964456, 15.212295616984733 ], [ -90.540156686335891, 15.211726996708085 ], [ -90.540983421654474, 15.211435670524416 ], [ -90.541457884598145, 15.211236470107721 ], [ -90.542822795781476, 15.210165077066298 ], [ -90.543439702098368, 15.209464920664786 ], [ -90.54370980942204, 15.208535128332679 ], [ -90.543977617654889, 15.20775323887548 ], [ -90.544370256478715, 15.207137579531503 ], [ -90.545183778163974, 15.207232287535277 ], [ -90.545946648468245, 15.208437602941489 ], [ -90.546324284107143, 15.209067320295379 ], [ -90.546475865533509, 15.209685536350072 ], [ -90.546427566386825, 15.214559907934897 ], [ -90.547337764921323, 15.218360681838218 ], [ -90.547955713444011, 15.220685744809224 ], [ -90.547955539825992, 15.221504436757478 ], [ -90.549176789244086, 15.225413621665982 ], [ -90.550577828628761, 15.231427403249205 ], [ -90.552205749901063, 15.236282807253431 ], [ -90.553035276327648, 15.240182069987094 ], [ -90.554118643680425, 15.242852105800148 ], [ -90.555582718599425, 15.247152388658249 ], [ -90.556005631661606, 15.247494638499127 ], [ -90.559635195082649, 15.247597402790529 ], [ -90.589356231833776, 15.24866076886428 ], [ -90.598499465667174, 15.248499136694095 ], [ -90.612194676187755, 15.249281160345991 ], [ -90.614547334423165, 15.248860134645568 ], [ -90.629483634581774, 15.249614783156996 ], [ -90.630410223958222, 15.250228746575118 ], [ -90.631663685506425, 15.272677599645025 ], [ -90.632403012288961, 15.278325089177814 ], [ -90.632820405028255, 15.291922756253493 ], [ -90.633231954241865, 15.292571935763917 ], [ -90.63336108697699, 15.2976483262113 ], [ -90.634095559656984, 15.30248832564547 ], [ -90.634196203760297, 15.311082145048461 ], [ -90.636254341066717, 15.313584975518362 ], [ -90.639779127551506, 15.31708126356191 ], [ -90.641543129034829, 15.318637994300463 ], [ -90.643893103122693, 15.320967686183161 ], [ -90.656726836567941, 15.333112858756673 ], [ -90.674442555245506, 15.350121572234652 ], [ -90.677213202485817, 15.351678420546946 ], [ -90.677531699943145, 15.350977046678178 ], [ -90.677722162615964, 15.350434702897401 ], [ -90.679536172528017, 15.34757157719987 ], [ -90.684164332364219, 15.339993397996357 ], [ -90.685978129478414, 15.338030260672394 ], [ -90.689005338972251, 15.341808736497867 ], [ -90.690574830833228, 15.34317001982078 ], [ -90.69262432438812, 15.344432363048332 ], [ -90.696189830097069, 15.345256369010436 ], [ -90.706001916132138, 15.344866262379792 ], [ -90.709922048173723, 15.344181521735015 ], [ -90.716516390216398, 15.343672046940419 ], [ -90.721464425903818, 15.343012298053168 ], [ -90.726431721022863, 15.341808284613363 ], [ -90.727626047745275, 15.341244485606737 ], [ -90.737177224415191, 15.338546429899701 ], [ -90.755054780306637, 15.337392138532449 ], [ -90.764151986128226, 15.336526912647969 ], [ -90.765963611218453, 15.336180271165377 ], [ -90.776438821503362, 15.335303477134476 ], [ -90.787543856198624, 15.333243177622697 ], [ -90.791347884439219, 15.332614516832649 ], [ -90.795470971673666, 15.33207816176391 ], [ -90.812252338144702, 15.331000950020416 ], [ -90.818706072045131, 15.331678518105482 ], [ -90.819814655305194, 15.331784219304803 ], [ -90.82168854038062, 15.331935788097672 ], [ -90.828808430014675, 15.333648470647889 ], [ -90.834611473344154, 15.335090654516071 ], [ -90.839155374058919, 15.337548281741032 ], [ -90.844168299819458, 15.341152214364246 ], [ -90.846055228094428, 15.342144009967875 ], [ -90.848617980374328, 15.342721032929138 ], [ -90.849897467038573, 15.342910693113838 ], [ -90.856364564553601, 15.342967293709538 ], [ -90.858700256926454, 15.343502493376082 ], [ -90.860669230394137, 15.344790876976747 ], [ -90.862510024833881, 15.347068534375884 ], [ -90.862735792840795, 15.349701159990829 ], [ -90.862281860225465, 15.351701557903436 ], [ -90.860478663883512, 15.354924613360426 ], [ -90.857710984813252, 15.357470879063809 ], [ -90.856471841523899, 15.358563548635722 ], [ -90.848942724821185, 15.361742620209286 ], [ -90.84591905858484, 15.36250174595858 ], [ -90.839543445869566, 15.363227216956647 ], [ -90.832299896080755, 15.365489097690181 ], [ -90.829217685269683, 15.367172402395193 ], [ -90.828291336293418, 15.368165162694122 ], [ -90.827638815159503, 15.369241906227961 ], [ -90.826884025212578, 15.371480943864784 ], [ -90.826550542889564, 15.37372522117591 ], [ -90.825190447733689, 15.375905257306824 ], [ -90.823493093139263, 15.377939677739182 ], [ -90.81974707931154, 15.380912886263969 ], [ -90.818223155789553, 15.381431030717346 ], [ -90.816156603786126, 15.381853487996299 ], [ -90.814284429226461, 15.381608096900644 ], [ -90.812693667272328, 15.380666355370254 ], [ -90.81180694866201, 15.379523718704071 ], [ -90.810721761182663, 15.377155983879097 ], [ -90.810157673556063, 15.371707847314518 ], [ -90.809580969199843, 15.369975318141284 ], [ -90.80872672308243, 15.368960616534793 ], [ -90.807842862346263, 15.368663919624204 ], [ -90.806268509382818, 15.36928088125793 ], [ -90.804704553955517, 15.370182541983869 ], [ -90.802731037751542, 15.370622740512163 ], [ -90.80094901969214, 15.370561103599377 ], [ -90.799484979548524, 15.370369325875444 ], [ -90.798049871596078, 15.370082954861589 ], [ -90.797068805226061, 15.369456602344846 ], [ -90.796250044603894, 15.368837498530786 ], [ -90.794118471818379, 15.367208141083921 ], [ -90.79165839444704, 15.365828493066335 ], [ -90.789471559997523, 15.365252270733079 ], [ -90.787195336143014, 15.365041061454017 ], [ -90.783523192665228, 15.365193158311779 ], [ -90.780286962591376, 15.365729010056024 ], [ -90.776044179681364, 15.3671164828804 ], [ -90.772089604688645, 15.368597100049749 ], [ -90.771491381326257, 15.36897510376741 ], [ -90.770120200409835, 15.369907793594761 ], [ -90.76862853594767, 15.371660322330992 ], [ -90.767841628924657, 15.372540124048014 ], [ -90.76716890929869, 15.374063680611682 ], [ -90.766548043648939, 15.376836838977708 ], [ -90.766398344787021, 15.379141517011291 ], [ -90.766688290334869, 15.381915908707461 ], [ -90.76731104332525, 15.384919513016904 ], [ -90.770933345861081, 15.393470191333209 ], [ -90.772187510597789, 15.395726828684694 ], [ -90.775431242061771, 15.399677116394388 ], [ -90.77850707059757, 15.406183735403376 ], [ -90.778472800520717, 15.41132658154971 ], [ -90.777781873317537, 15.413294950039052 ], [ -90.776750760379286, 15.414572121173025 ], [ -90.772814470666475, 15.420420110015575 ], [ -90.772586130628639, 15.423327083679059 ], [ -90.773819521408385, 15.426673368487528 ], [ -90.777621764158255, 15.430588621942428 ], [ -90.780556135197457, 15.431820780317832 ], [ -90.785623554776478, 15.432454171212369 ], [ -90.792522227553903, 15.430968884035169 ], [ -90.795523620721667, 15.4299450054676 ], [ -90.797401468833172, 15.428806029311941 ], [ -90.798924686178538, 15.427950381911975 ], [ -90.801592077133421, 15.425965375381198 ], [ -90.804589340101813, 15.42349682423589 ], [ -90.806992811465179, 15.421022356615412 ], [ -90.8081817607099, 15.420391471178972 ], [ -90.809749356050546, 15.420235272230187 ], [ -90.810936109849507, 15.42081280513904 ], [ -90.8129151788862, 15.42300188604926 ], [ -90.813557006977717, 15.42503096346875 ], [ -90.81384565041526, 15.426765177448983 ], [ -90.813023115776758, 15.431650759338963 ], [ -90.811998114687611, 15.43490800321546 ], [ -90.81049427856486, 15.437743762257902 ], [ -90.809396308830216, 15.440346343269027 ], [ -90.808561936232678, 15.441407637229986 ], [ -90.806692448161272, 15.442851720430877 ], [ -90.805246915819723, 15.445389843814679 ], [ -90.80539471592148, 15.45236756460911 ], [ -90.804482860885557, 15.46182621951426 ], [ -90.805808459766354, 15.465658956481205 ], [ -90.808690543204705, 15.468549377249962 ], [ -90.812771469849991, 15.474503245233668 ], [ -90.81386437313158, 15.476726528266221 ], [ -90.813577140112343, 15.479900678787088 ], [ -90.81018150095565, 15.48556262574291 ], [ -90.804781061759357, 15.494441426441069 ], [ -90.803108593845636, 15.498515451545593 ], [ -90.801852790172674, 15.503712821692579 ], [ -90.802090505818057, 15.510141386940738 ], [ -90.806276493763107, 15.516997728435518 ], [ -90.808020428724575, 15.521059388434972 ], [ -90.808212360408703, 15.521636152804659 ], [ -90.809179903926776, 15.524656706567908 ], [ -90.809152914850586, 15.527101564580393 ], [ -90.807624365098803, 15.5303740286716 ], [ -90.80544377983658, 15.532510601923709 ], [ -90.804519689376136, 15.533255835588033 ], [ -90.803790832613203, 15.533715014845454 ], [ -90.802678186266959, 15.534169239393787 ], [ -90.800655197994089, 15.534948679565225 ], [ -90.798170551311472, 15.536034067726368 ], [ -90.796790577168125, 15.537579959014936 ], [ -90.796924003397862, 15.539220022158331 ], [ -90.797858933574773, 15.539707087042297 ], [ -90.798802273843009, 15.540060967390495 ], [ -90.799717124648112, 15.541068471554119 ], [ -90.799483863030275, 15.543178086491963 ], [ -90.798676165986819, 15.54447445634084 ], [ -90.797353120767966, 15.545645957173955 ], [ -90.792624371326923, 15.547624750864017 ], [ -90.788317215242358, 15.548735787407127 ], [ -90.767669239140773, 15.548507266606173 ], [ -90.760242855918349, 15.549395254047065 ], [ -90.755419925066349, 15.550519577183104 ], [ -90.750260932034706, 15.550832872332753 ], [ -90.742369553071953, 15.552583951975352 ], [ -90.739979968370932, 15.553404198345085 ], [ -90.738968109734046, 15.553837646842188 ], [ -90.738313044857293, 15.554135842641372 ], [ -90.737896180658097, 15.554490693184396 ], [ -90.737446491406374, 15.554917482719487 ], [ -90.736920253145684, 15.555579515678746 ], [ -90.736535799747116, 15.556858493589921 ], [ -90.736540221871437, 15.557413043335895 ], [ -90.736444639353564, 15.558429592748906 ], [ -90.736301850254861, 15.558916000569443 ], [ -90.735926268336797, 15.559755754328254 ], [ -90.735415165847456, 15.560416808245217 ], [ -90.733467139672143, 15.562661082489265 ], [ -90.730600021303189, 15.564677902929017 ], [ -90.729358180836257, 15.565041167256092 ], [ -90.725721371961995, 15.565001368784202 ], [ -90.720294516590371, 15.563849795877646 ], [ -90.715343800247311, 15.563317387672022 ], [ -90.712625933342636, 15.563517293762251 ], [ -90.704799677944777, 15.568055877692595 ], [ -90.703754288410622, 15.568611890319449 ], [ -90.696410788261176, 15.571041095432211 ], [ -90.688658594157857, 15.571142764391158 ], [ -90.686114642251766, 15.571722468391689 ], [ -90.681307333865121, 15.574037751103637 ], [ -90.678584210368399, 15.576562377071504 ], [ -90.67790360677715, 15.57694367338441 ], [ -90.676231814154519, 15.577454531521205 ], [ -90.673489580899457, 15.578769406502454 ], [ -90.664969572175778, 15.583032534366231 ], [ -90.657279258453642, 15.588642325125845 ], [ -90.653259424580355, 15.590554233478422 ], [ -90.646229750595623, 15.591055005250466 ], [ -90.640566582984633, 15.592183411842194 ], [ -90.637105143570395, 15.591711462891087 ], [ -90.635537102165415, 15.590420789292557 ] ] ] ] } },
{ "type": "Feature", "properties": { "codigo_departamento": 13, "departamento": "Huehuetenango", "codigo_municipio_shape": 1326, "municipio": "Santa Cruz Barillas", "riesgos": 14.0, "pobreza": 15.2, "indice_san": 15.0, "politicas": 16.7, "ponderacion": 60.877, "ranking": 11, "riesgos_prom_depto": 13.2, "pobreza_prom_depto": 12.49, "indice_san_prom_depto": 13.11, "politicas_prom_depto": 11.36, "ponderacion_prom_depto": 50.13, "riesgos_prom_nacional": 13.19, "pobreza_prom_nacional": 9.78, "indice_san_prom_nacional": 7.92, "politicas_prom_nacional": 7.21, "ponderacion_prom_nacional": 38.07 }, "geometry": { "type": "MultiPolygon", "coordinates": [ [ [ [ -91.092661690302464, 15.800860946637357 ], [ -91.104489290950596, 15.808645352795281 ], [ -91.107776550432803, 15.810508400338902 ], [ -91.11818350316787, 15.81648266401552 ], [ -91.12598689797143, 15.821697548666913 ], [ -91.134105839294605, 15.826583943972111 ], [ -91.136673233959883, 15.827933241130292 ], [ -91.143492421128911, 15.832165440367016 ], [ -91.144253892404606, 15.832535674851959 ], [ -91.145185174218923, 15.832646433516111 ], [ -91.152483716628396, 15.832064882454366 ], [ -91.152552324101578, 15.831127928345277 ], [ -91.150938181302976, 15.828032719650398 ], [ -91.147708861330841, 15.821650240592499 ], [ -91.147355750493517, 15.820963839582312 ], [ -91.147340890883896, 15.820097338273834 ], [ -91.147464634277455, 15.819577665831956 ], [ -91.155186393642168, 15.8091983214647 ], [ -91.161041755533162, 15.805744053746803 ], [ -91.164776984798948, 15.803532311349059 ], [ -91.167913016288011, 15.80164979944324 ], [ -91.169091505498031, 15.8005934140124 ], [ -91.169350250469492, 15.7999076813943 ], [ -91.169490074304491, 15.798629047627609 ], [ -91.162396778379744, 15.795990353338375 ], [ -91.160973321572186, 15.795105151415514 ], [ -91.15945528151326, 15.794037279865696 ], [ -91.160111835377933, 15.791868410552409 ], [ -91.160731014002124, 15.790025666287566 ], [ -91.161287515667027, 15.786788496517474 ], [ -91.162926039500334, 15.778623085549951 ], [ -91.16308650173066, 15.77291556113944 ], [ -91.16320824033744, 15.769564003591427 ], [ -91.163131316384849, 15.765344383393362 ], [ -91.164684079074377, 15.758442198349345 ], [ -91.165082114272863, 15.757501224169568 ], [ -91.165800164618616, 15.756707529247336 ], [ -91.166995467846746, 15.756151672209464 ], [ -91.173911072527204, 15.755954477152907 ], [ -91.176809913466982, 15.756178699461989 ], [ -91.179057812330754, 15.756086806038422 ], [ -91.180503294752924, 15.755987056108095 ], [ -91.182935692230089, 15.755740778046809 ], [ -91.186559476142108, 15.755571043184649 ], [ -91.18885029005888, 15.755835224474984 ], [ -91.191774331646471, 15.756379132952583 ], [ -91.194612379115199, 15.757614732710518 ], [ -91.197411840089671, 15.759063473294471 ], [ -91.199541442704131, 15.76121489970231 ], [ -91.201640034309449, 15.76404494226253 ], [ -91.203422106747979, 15.767390844366366 ], [ -91.203847210701795, 15.768592858476069 ], [ -91.204075242211161, 15.77025186255953 ], [ -91.204674089541982, 15.771064466031074 ], [ -91.205288772357008, 15.771536060450002 ], [ -91.205832195868865, 15.77182068286913 ], [ -91.20714701708016, 15.772067605288964 ], [ -91.216144119576285, 15.771493153244661 ], [ -91.223099265360062, 15.772320447226507 ], [ -91.226092601375072, 15.773926324285584 ], [ -91.231604370806963, 15.77831229446493 ], [ -91.234800934384339, 15.779571796047311 ], [ -91.24157884823623, 15.780774385183477 ], [ -91.250731282394469, 15.781045869781249 ], [ -91.259333216952299, 15.781309178989813 ], [ -91.273971645700939, 15.779590182094989 ], [ -91.27516428016493, 15.779407603819605 ], [ -91.281156883103279, 15.778390921281574 ], [ -91.288358355665963, 15.778655556801587 ], [ -91.295151699254006, 15.777508090700389 ], [ -91.298142949217592, 15.778543674816941 ], [ -91.301325298526848, 15.779750161588792 ], [ -91.304761162239799, 15.782392105504234 ], [ -91.307550962910938, 15.784733007884808 ], [ -91.309608150429568, 15.787568620564834 ], [ -91.314018864704295, 15.792061610036429 ], [ -91.320883301424828, 15.798048831114759 ], [ -91.32833895933409, 15.806541484882436 ], [ -91.328928255354668, 15.807314188140531 ], [ -91.333756293193488, 15.81238618573553 ], [ -91.335864897146834, 15.81635956473108 ], [ -91.337551459842302, 15.818156225411363 ], [ -91.343885754873028, 15.820799492987 ], [ -91.350150394800067, 15.821982525083932 ], [ -91.349706576321708, 15.825339913717675 ], [ -91.347904833817481, 15.831737062015485 ], [ -91.347849778056087, 15.838078588416591 ], [ -91.344926130058681, 15.842424701432977 ], [ -91.343325676797562, 15.843918316405308 ], [ -91.338413874434778, 15.847474165755106 ], [ -91.33573823935437, 15.848501956581345 ], [ -91.328674346441773, 15.850053955774792 ], [ -91.325594345715743, 15.850859339017743 ], [ -91.323957796009708, 15.851682627214254 ], [ -91.322423280567847, 15.852584638991445 ], [ -91.320887721080254, 15.854034510015675 ], [ -91.319409182073713, 15.85571300131323 ], [ -91.318100981878928, 15.858098833358051 ], [ -91.317071979377971, 15.860378377791415 ], [ -91.315974086197528, 15.865610279134925 ], [ -91.315183449855624, 15.869674245531252 ], [ -91.313275090480317, 15.875647632144975 ], [ -91.31213652266517, 15.879641083810796 ], [ -91.311819509250896, 15.882387034072273 ], [ -91.311678169134325, 15.884640699033671 ], [ -91.31223862707489, 15.887208236673182 ], [ -91.313037179952957, 15.88907951025241 ], [ -91.314133614821614, 15.891064940971035 ], [ -91.316035874491064, 15.894055253927338 ], [ -91.318249427425272, 15.898150512207003 ], [ -91.320480290734807, 15.903193662544423 ], [ -91.322053113675778, 15.909473165023471 ], [ -91.3235209307053, 15.912798950811938 ], [ -91.324855323171619, 15.915184956919271 ], [ -91.325804783518564, 15.91690261047061 ], [ -91.326666484411504, 15.9181530340491 ], [ -91.32769496377415, 15.919353913486898 ], [ -91.328988659630255, 15.920530861323737 ], [ -91.329929176711914, 15.921148154119631 ], [ -91.33112713849323, 15.921621706617561 ], [ -91.334290388209766, 15.922391718228848 ], [ -91.340327355610896, 15.92358709516296 ], [ -91.341231184780384, 15.923915995386849 ], [ -91.342396378753236, 15.924547391809847 ], [ -91.343467561544628, 15.925681884521062 ], [ -91.344009632795633, 15.926491490727846 ], [ -91.34433673234048, 15.927534414487685 ], [ -91.34508615496047, 15.93210510484108 ], [ -91.345243818014552, 15.93274005142392 ], [ -91.345679072834159, 15.933266422296668 ], [ -91.351525799126833, 15.940151274362846 ], [ -91.352406765186558, 15.940789489787289 ], [ -91.353480812020862, 15.941374953214281 ], [ -91.354190049785018, 15.94166843121771 ], [ -91.355172777905167, 15.942142481584821 ], [ -91.356177233566783, 15.942816644219789 ], [ -91.357839231937234, 15.94447184157603 ], [ -91.35992287716472, 15.94790719160558 ], [ -91.361189913460322, 15.953272559703166 ], [ -91.362624295728139, 15.957880060941779 ], [ -91.364771169486204, 15.961750780718218 ], [ -91.367674403242788, 15.96559785287358 ], [ -91.374010118627993, 15.979734993270498 ], [ -91.375800478342029, 15.982613353250475 ], [ -91.377583371639673, 15.986423619956875 ], [ -91.379758109734652, 15.994296850536674 ], [ -91.381502923263199, 15.99908510001255 ], [ -91.382315949344928, 16.000226536977934 ], [ -91.382468491286602, 16.001226311214079 ], [ -91.382986222832542, 16.003143864792975 ], [ -91.383864789081102, 16.004779458858525 ], [ -91.385728925598016, 16.006803154370019 ], [ -91.386120223426488, 16.007381096205947 ], [ -91.391724245616473, 16.013054543961392 ], [ -91.396729002313236, 16.017385863328656 ], [ -91.404040221913093, 16.019964044669127 ], [ -91.404514720212248, 16.020444296819825 ], [ -91.407580145561283, 16.020312298989616 ], [ -91.40962640531086, 16.021585934329686 ], [ -91.412738387432796, 16.024726887235879 ], [ -91.412579443673408, 16.028207381872868 ], [ -91.41188730558865, 16.02939294023442 ], [ -91.4099599168498, 16.03086870538321 ], [ -91.405822570230825, 16.035558904794065 ], [ -91.398187426654857, 16.041360476385641 ], [ -91.394900940195043, 16.043238253693996 ], [ -91.391330485605579, 16.043519885596908 ], [ -91.383515397321659, 16.042940311124084 ], [ -91.375221971394652, 16.044167672537789 ], [ -91.368258287147839, 16.04354880877905 ], [ -91.357913395593087, 16.04421762805902 ], [ -91.354520887093798, 16.0454466482024 ], [ -91.352795795717157, 16.046903069879495 ], [ -91.351233084747733, 16.049136790399999 ], [ -91.349997700137351, 16.052047417066259 ], [ -91.348608417268366, 16.053924347944871 ], [ -91.340454332698641, 16.060543158611662 ], [ -91.336946184307294, 16.064046061741355 ], [ -91.332511394809757, 16.067346252774641 ], [ -91.330150360866909, 16.070347359506822 ], [ -91.329339425987243, 16.071972223326274 ], [ -91.329227314039443, 16.074134596523358 ], [ -91.10758139428853, 16.074335698619802 ], [ -91.107694029493729, 16.072184961673916 ], [ -91.112009946381221, 16.067045362703272 ], [ -91.11199779343977, 16.063256841894642 ], [ -91.111249378406555, 16.060927942332789 ], [ -91.109899197436334, 16.059610301153818 ], [ -91.109512271263313, 16.058650181043003 ], [ -91.107412425782371, 16.05489743850346 ], [ -91.107186866086877, 16.052747097988917 ], [ -91.110482059988584, 16.050328518179853 ], [ -91.11143051725891, 16.049834243591562 ], [ -91.112773944444967, 16.047772277661014 ], [ -91.11827303989088, 16.043119552008243 ], [ -91.118479995611466, 16.042163530501156 ], [ -91.118286607659968, 16.040554515353708 ], [ -91.117000427126982, 16.038213004585334 ], [ -91.118347053922491, 16.036230083826464 ], [ -91.11939846936761, 16.035396680433841 ], [ -91.126556813880867, 16.034298191429855 ], [ -91.131976182262363, 16.030858597204496 ], [ -91.132376291104578, 16.028466335484897 ], [ -91.130313385846179, 16.026180254994379 ], [ -91.129524574353127, 16.025790466577416 ], [ -91.12494571326711, 16.024600628724432 ], [ -91.124098248086867, 16.023927924520383 ], [ -91.124191767230442, 16.022856817145342 ], [ -91.126000965811386, 16.020157228866818 ], [ -91.127032860711466, 16.016959488191283 ], [ -91.12694341908346, 16.015905983616548 ], [ -91.127396574713771, 16.015089894016281 ], [ -91.127234398995085, 16.006932105305701 ], [ -91.129538845945589, 16.001816184891187 ], [ -91.129012024880936, 16.000765646191915 ], [ -91.127267159768891, 16.000347197804849 ], [ -91.126443082295111, 16.000118622705035 ], [ -91.12591636790485, 15.99993556310466 ], [ -91.12516440122269, 15.999363104491717 ], [ -91.124254685387228, 15.998488809239626 ], [ -91.121302735264578, 15.996470519565085 ], [ -91.120415129577438, 15.995982706534068 ], [ -91.11943708544807, 15.995738077395931 ], [ -91.117979233937277, 15.995728702707957 ], [ -91.110596511615213, 15.996060376781395 ], [ -91.109497751786606, 15.99574009265716 ], [ -91.108860387641869, 15.995157295052627 ], [ -91.108086711210248, 15.99441742398014 ], [ -91.10761734973957, 15.993851916335977 ], [ -91.106945662113276, 15.993009020744996 ], [ -91.106175468622538, 15.990226992271156 ], [ -91.104032548460708, 15.985351146628341 ], [ -91.101763042990925, 15.981959492139238 ], [ -91.100340305464158, 15.98028313989523 ], [ -91.099548532230983, 15.979799487482836 ], [ -91.098622669580223, 15.979481814399255 ], [ -91.096683949595914, 15.979341549052743 ], [ -91.09486161675359, 15.979056588703417 ], [ -91.094234740232082, 15.97860939088074 ], [ -91.094859248982829, 15.977209802403877 ], [ -91.097436026791655, 15.975129438099392 ], [ -91.097693083042458, 15.974554526878816 ], [ -91.09779248991201, 15.973734242459106 ], [ -91.097812893719265, 15.973057839558395 ], [ -91.09728260919205, 15.971842301741127 ], [ -91.096557065556453, 15.970902900228118 ], [ -91.096007340727525, 15.97038636320635 ], [ -91.094622284960138, 15.969615064993496 ], [ -91.084246458413205, 15.969439358679125 ], [ -91.071454175772189, 15.97032470803617 ], [ -91.06824042158982, 15.970385113436954 ], [ -91.064049146656316, 15.970533812560557 ], [ -91.062915032370839, 15.970514570216865 ], [ -91.062044429836504, 15.970350860023057 ], [ -91.061225202443012, 15.969883771890041 ], [ -91.060974656818416, 15.969409383814524 ], [ -91.060935116180175, 15.968786670333118 ], [ -91.06108321524917, 15.968320391964015 ], [ -91.065750000270754, 15.954086569818283 ], [ -91.067442681402511, 15.94606418922363 ], [ -91.048738333135461, 15.93898083522693 ], [ -91.048166536599666, 15.938776867771651 ], [ -91.047574363423394, 15.938326483220839 ], [ -91.047122060576967, 15.937657111337289 ], [ -91.04708433615356, 15.936790446544014 ], [ -91.047137316688065, 15.936080471201521 ], [ -91.047387081326519, 15.933973963348926 ], [ -91.048530549349351, 15.930165482256278 ], [ -91.05029773201781, 15.922443260773633 ], [ -91.050702073408715, 15.921004544001338 ], [ -91.051489605128936, 15.917836628746999 ], [ -91.051775332508385, 15.916772959198633 ], [ -91.05230929869154, 15.916112500928651 ], [ -91.05283792695451, 15.916005451514275 ], [ -91.058270427961943, 15.918910909733981 ], [ -91.05886629684224, 15.919034870292041 ], [ -91.059349034491177, 15.918905929827192 ], [ -91.061619536041491, 15.913109372325106 ], [ -91.064070774798751, 15.902926252221958 ], [ -91.069307978258294, 15.885181031107557 ], [ -91.070790414924801, 15.878845256869587 ], [ -91.07577207833738, 15.861560545709631 ], [ -91.077321445102072, 15.855378884378069 ], [ -91.081330437783265, 15.841360892468582 ], [ -91.082469823457217, 15.837285478564233 ], [ -91.082994538517482, 15.83515870430066 ], [ -91.083637514497212, 15.832677168398931 ], [ -91.086534081451305, 15.822201509448924 ], [ -91.087629011689017, 15.817925723095216 ], [ -91.089000024202008, 15.813564249637734 ], [ -91.090335690462851, 15.808113582490149 ], [ -91.091535170481251, 15.803678279070841 ], [ -91.092661690302464, 15.800860946637357 ] ] ] ] } },
{ "type": "Feature", "properties": { "codigo_departamento": 16, "departamento": "Alta Verapaz", "codigo_municipio_shape": 1608, "municipio": "Senahú", "riesgos": 11.0, "pobreza": 20.5, "indice_san": 16.8, "politicas": 12.5, "ponderacion": 60.854, "ranking": 12, "riesgos_prom_depto": 12.95, "pobreza_prom_depto": 15.54, "indice_san_prom_depto": 15.04, "politicas_prom_depto": 12.5, "ponderacion_prom_depto": 56.02, "riesgos_prom_nacional": 13.19, "pobreza_prom_nacional": 9.78, "indice_san_prom_nacional": 7.92, "politicas_prom_nacional": 7.21, "ponderacion_prom_nacional": 38.07 }, "geometry": { "type": "MultiPolygon", "coordinates": [ [ [ [ -89.605970351320408, 15.523298885417953 ], [ -89.606316920935498, 15.521429960061626 ], [ -89.608314186107208, 15.519286265036245 ], [ -89.609169561792399, 15.517401453903203 ], [ -89.611850577709333, 15.514040525241215 ], [ -89.616432743789247, 15.506632907880128 ], [ -89.617292348976704, 15.505979194731317 ], [ -89.617732963988885, 15.504721003620658 ], [ -89.622655111898752, 15.498168074724605 ], [ -89.623181239144145, 15.496477861777112 ], [ -89.629110187759579, 15.488738335658761 ], [ -89.629234968043534, 15.487968401969864 ], [ -89.635162208554036, 15.479008770491394 ], [ -89.640408597230902, 15.471789865320142 ], [ -89.640511013771885, 15.470995877408932 ], [ -89.644741647238476, 15.465698893907531 ], [ -89.644998420579014, 15.462725977283094 ], [ -89.644000664524185, 15.460959521192864 ], [ -89.643986717011984, 15.451499647013309 ], [ -89.644853526249676, 15.445608807485014 ], [ -89.644778698252352, 15.442379220522364 ], [ -89.6466450261766, 15.420255098827713 ], [ -89.646503466421777, 15.417552605336679 ], [ -89.647600316436169, 15.408173783483383 ], [ -89.650111803997035, 15.406499838951648 ], [ -89.659833287092695, 15.40243376796853 ], [ -89.663827733751333, 15.400174819674955 ], [ -89.670922175404527, 15.397466862625409 ], [ -89.683513623919254, 15.39131425936251 ], [ -89.693756246741444, 15.387099614759515 ], [ -89.698823878082194, 15.384423654335142 ], [ -89.704877802355881, 15.382371560964788 ], [ -89.706293656408306, 15.381132002492157 ], [ -89.713132026522757, 15.378187331872518 ], [ -89.725703387326249, 15.372443497495448 ], [ -89.727191226311689, 15.354924765880964 ], [ -89.727704465319704, 15.353113126680491 ], [ -89.728409795950043, 15.352667562153982 ], [ -89.744433655932539, 15.350983792519619 ], [ -89.745152613139169, 15.350594794382484 ], [ -89.760837695685339, 15.349117006558682 ], [ -89.761589363591227, 15.348754380304021 ], [ -89.776862049586583, 15.347319077399669 ], [ -89.777794950730623, 15.346854054046437 ], [ -89.783392404042857, 15.346674215228354 ], [ -89.78459617069457, 15.346178081904968 ], [ -89.799943509469983, 15.340109327378318 ], [ -89.801121364455184, 15.339363300286081 ], [ -89.809413966254837, 15.340445952156536 ], [ -89.820153690302988, 15.338151429933779 ], [ -89.827086044429876, 15.336481636942509 ], [ -89.839779669109774, 15.338108792574825 ], [ -89.84985383321812, 15.339389016055552 ], [ -89.857674579590324, 15.339672057784922 ], [ -89.869750911942546, 15.340003327876556 ], [ -89.882669831392946, 15.340271239490754 ], [ -89.88466055399185, 15.340224571528976 ], [ -89.884582841192397, 15.339544024297259 ], [ -89.884197091861097, 15.33771469804001 ], [ -89.88400488953333, 15.336754898122454 ], [ -89.883840229619025, 15.335506542595088 ], [ -89.883777080252116, 15.333569984909003 ], [ -89.883550762422644, 15.331852368153687 ], [ -89.883443881197991, 15.331295568798151 ], [ -89.882951381152097, 15.330508774759993 ], [ -89.88207369445314, 15.32938476564925 ], [ -89.880715315130701, 15.328207761680448 ], [ -89.879512102909175, 15.327390709542957 ], [ -89.878628513922436, 15.326666162394693 ], [ -89.877633048906063, 15.32576171426466 ], [ -89.876751452322537, 15.324904006452341 ], [ -89.876212391789807, 15.324161697297217 ], [ -89.875915819229903, 15.323497276964275 ], [ -89.88188724456009, 15.323452117922022 ], [ -89.888758596274101, 15.323306479631787 ], [ -89.895374553927311, 15.323170615873417 ], [ -89.900981772444041, 15.323143577902735 ], [ -89.901144441072503, 15.322483295535621 ], [ -89.902074908162049, 15.319874263887918 ], [ -89.904777880076097, 15.321520146202493 ], [ -89.907895978677587, 15.323529552819336 ], [ -89.913993958397214, 15.327430096156105 ], [ -89.917376334602693, 15.329672182362684 ], [ -89.926557898593316, 15.327578680037364 ], [ -89.934794111982967, 15.325582395103613 ], [ -89.941548381534716, 15.323914253334294 ], [ -89.947839410939196, 15.322385161012507 ], [ -89.954145077455649, 15.320844786542791 ], [ -89.959005497336179, 15.319593811219706 ], [ -89.964235531088534, 15.318637833783672 ], [ -89.968199603820025, 15.317760481999633 ], [ -89.969718296960906, 15.317615174555506 ], [ -89.987091340961655, 15.318016222990922 ], [ -89.990417863818863, 15.317678436325885 ], [ -89.996809156749165, 15.318147152574168 ], [ -90.000103361504756, 15.317874254198799 ], [ -90.002183697660811, 15.318024105044795 ], [ -90.012341702020606, 15.325328089483262 ], [ -90.018247004996923, 15.329048562230321 ], [ -90.028141486005097, 15.336191573727946 ], [ -90.061929465025145, 15.343572534824528 ], [ -90.064108932244778, 15.344356437563036 ], [ -90.068601384789389, 15.344989007348476 ], [ -90.082990035751919, 15.348632037189965 ], [ -90.086996471570657, 15.349094212905458 ], [ -90.107796869929345, 15.354108635514518 ], [ -90.109455615140789, 15.35416628609525 ], [ -90.111795288859611, 15.355634814964814 ], [ -90.111460572795309, 15.379164119511081 ], [ -90.108386847562059, 15.379819573287262 ], [ -90.106724422177294, 15.380266440740463 ], [ -90.098135267622411, 15.382292632756675 ], [ -90.097331011677483, 15.382437921608201 ], [ -90.08939082444769, 15.384098563789848 ], [ -90.085213036690277, 15.385198664698619 ], [ -90.065343049450163, 15.389774407045216 ], [ -90.06336901724832, 15.390280019999977 ], [ -90.055978394837794, 15.392135144738925 ], [ -90.044000325041594, 15.394905465808391 ], [ -90.041752248410546, 15.395408355258169 ], [ -90.027651333077742, 15.398608880142465 ], [ -90.001231364535798, 15.404593118754653 ], [ -90.000303619449028, 15.404904549966504 ], [ -89.999402846287879, 15.404147392601878 ], [ -89.997139519680829, 15.404284995302366 ], [ -89.996312768249012, 15.404977042488833 ], [ -89.989079896544865, 15.406127533164094 ], [ -89.988194322114737, 15.406781497391785 ], [ -89.986610163075753, 15.407143787675578 ], [ -89.98078833771396, 15.408111080290556 ], [ -89.975884438677042, 15.409567044506533 ], [ -89.972553103911821, 15.409894140510112 ], [ -89.971699093811353, 15.410533782685514 ], [ -89.964314837556259, 15.411919506206759 ], [ -89.963637890798026, 15.412383192678114 ], [ -89.95643341095591, 15.413523901101732 ], [ -89.95446103479054, 15.414451761064523 ], [ -89.946546104595399, 15.415992103983966 ], [ -89.946028017237666, 15.416848451123789 ], [ -89.946165092334169, 15.417341331997514 ], [ -89.946590252797094, 15.417907027453175 ], [ -89.951416224700836, 15.431051948321416 ], [ -89.952714673244472, 15.43600459498896 ], [ -89.954070903828352, 15.438557231701685 ], [ -89.955822155709683, 15.445300624009809 ], [ -89.957221043970947, 15.447527638252597 ], [ -89.958238598347222, 15.451085831157805 ], [ -89.958249997005041, 15.452696689284885 ], [ -89.959798537848656, 15.455439326886751 ], [ -89.96034269674503, 15.458065461286285 ], [ -89.963822402699449, 15.46753025479237 ], [ -89.965047356945348, 15.471083391082889 ], [ -89.963051285584854, 15.47977435675614 ], [ -89.963328770001837, 15.480340277168922 ], [ -89.961653067010516, 15.48804118560632 ], [ -89.961179027446263, 15.492878061572705 ], [ -89.960348014197208, 15.495179405137813 ], [ -89.949352114078238, 15.494428513290481 ], [ -89.944924715196109, 15.494554712511873 ], [ -89.94077887113778, 15.493939767975435 ], [ -89.921603207568623, 15.493047032578717 ], [ -89.916922528920196, 15.492443392892884 ], [ -89.912806061471287, 15.49296042668483 ], [ -89.911611110638688, 15.49351823134471 ], [ -89.907159888466296, 15.493611732763092 ], [ -89.880869742595024, 15.496520951973697 ], [ -89.842161746657425, 15.50093588736374 ], [ -89.841230449700078, 15.501404491852421 ], [ -89.832333514207235, 15.502154000698818 ], [ -89.831395883025351, 15.502616825623949 ], [ -89.825802270957496, 15.502827681551363 ], [ -89.825138577421839, 15.503262811926126 ], [ -89.816289186988527, 15.504326081610934 ], [ -89.809862578797521, 15.504664451789957 ], [ -89.808467376774786, 15.505360945923323 ], [ -89.80147260424873, 15.505710039167079 ], [ -89.800540149980861, 15.506172790200855 ], [ -89.785402417248562, 15.507773298755586 ], [ -89.784472099218874, 15.508246163242138 ], [ -89.743798318871384, 15.512952945871001 ], [ -89.718005431031557, 15.516430369868191 ], [ -89.7121517447748, 15.516823964335233 ], [ -89.638087064960374, 15.525895308344456 ], [ -89.631419670365801, 15.525223709118624 ], [ -89.628662357786268, 15.525552822576779 ], [ -89.623145295759358, 15.524716886663381 ], [ -89.605970351320408, 15.523298885417953 ] ] ] ] } },
{ "type": "Feature", "properties": { "codigo_departamento": 13, "departamento": "Huehuetenango", "codigo_municipio_shape": 1317, "municipio": "Santa Eulalia", "riesgos": 12.5, "pobreza": 15.6, "indice_san": 16.0, "politicas": 16.7, "ponderacion": 60.751, "ranking": 13, "riesgos_prom_depto": 13.2, "pobreza_prom_depto": 12.49, "indice_san_prom_depto": 13.11, "politicas_prom_depto": 11.36, "ponderacion_prom_depto": 50.13, "riesgos_prom_nacional": 13.19, "pobreza_prom_nacional": 9.78, "indice_san_prom_nacional": 7.92, "politicas_prom_nacional": 7.21, "ponderacion_prom_nacional": 38.07 }, "geometry": { "type": "MultiPolygon", "coordinates": [ [ [ [ -91.15945528151326, 15.794037279865696 ], [ -91.157230135162379, 15.792470910225887 ], [ -91.156744453390772, 15.792190046759796 ], [ -91.152721073874574, 15.790042464191499 ], [ -91.148940200258593, 15.786828310188707 ], [ -91.146085910816453, 15.783845656098482 ], [ -91.13968112682781, 15.775711191555194 ], [ -91.146058075241655, 15.767911741231963 ], [ -91.148662676354775, 15.763742077627002 ], [ -91.154692549540044, 15.755739411888779 ], [ -91.157811119979684, 15.751316409789236 ], [ -91.158154031150602, 15.71640631511309 ], [ -91.158606495209156, 15.715369789067759 ], [ -91.159271614193671, 15.714610672964003 ], [ -91.160110306102126, 15.713806704377484 ], [ -91.160974552401925, 15.71327291624581 ], [ -91.166107502701635, 15.713258481231628 ], [ -91.167016894293241, 15.713020998850759 ], [ -91.167801572432737, 15.712450365888321 ], [ -91.168295485275934, 15.711858089106677 ], [ -91.168408748715734, 15.711189194093546 ], [ -91.168260716331616, 15.70981211683163 ], [ -91.167929443692117, 15.708713640220905 ], [ -91.165563110594704, 15.703856897195443 ], [ -91.16534517821421, 15.702604616773966 ], [ -91.165428448210662, 15.700140560330697 ], [ -91.165877677183744, 15.699456414135854 ], [ -91.166409673656844, 15.698905123941049 ], [ -91.167391204671404, 15.698286436166276 ], [ -91.17741842366668, 15.69557794854591 ], [ -91.179579838461748, 15.694841393673208 ], [ -91.184400255823306, 15.693333942742278 ], [ -91.186159019043302, 15.690655586926191 ], [ -91.187391504855412, 15.688413390553286 ], [ -91.187839145554435, 15.687237800630367 ], [ -91.188310654616743, 15.686659963626132 ], [ -91.188640591962837, 15.685674299278952 ], [ -91.188736531304272, 15.68517467981459 ], [ -91.188948680813155, 15.684521269663936 ], [ -91.189478419841222, 15.684280533793123 ], [ -91.190238626002298, 15.683886948282911 ], [ -91.190839003046023, 15.683436685426251 ], [ -91.1915337384183, 15.682665266411913 ], [ -91.192115491476386, 15.681747191617278 ], [ -91.192907218165104, 15.680354156612019 ], [ -91.193411874011503, 15.679782228734632 ], [ -91.194402792358815, 15.679800577791299 ], [ -91.195031983207457, 15.679983117220619 ], [ -91.195752885316153, 15.680144949208573 ], [ -91.196476912699794, 15.680017625972891 ], [ -91.19682700399963, 15.679320157457488 ], [ -91.196994533578206, 15.678499186537266 ], [ -91.197022336960089, 15.677922189352294 ], [ -91.197394618423417, 15.677352546428041 ], [ -91.198385822116251, 15.676739428296971 ], [ -91.199872242937076, 15.675962068892177 ], [ -91.200552053204461, 15.675556484064627 ], [ -91.201122746742968, 15.674962484388638 ], [ -91.201367563345954, 15.673634951791049 ], [ -91.201113251563939, 15.673051113091725 ], [ -91.200693649788931, 15.672503192593824 ], [ -91.200353223574055, 15.672100513481187 ], [ -91.200279500084335, 15.671332903981346 ], [ -91.20067541128779, 15.670658396487596 ], [ -91.200783157940108, 15.670137402401867 ], [ -91.200775784242623, 15.669648223384518 ], [ -91.200562538711338, 15.669168646428609 ], [ -91.199775892514864, 15.668596245050006 ], [ -91.199080093267199, 15.668234695218114 ], [ -91.19865796842366, 15.667975930626515 ], [ -91.198388389584679, 15.667340003333958 ], [ -91.198749709091899, 15.666621158449258 ], [ -91.200094687751701, 15.666276394017038 ], [ -91.200771931869198, 15.666159963580116 ], [ -91.201702545471761, 15.666001558816816 ], [ -91.202335398609904, 15.665694985114806 ], [ -91.203346063386803, 15.665514636663731 ], [ -91.204046819549475, 15.665375794941555 ], [ -91.205058360077672, 15.665094910108062 ], [ -91.205561799323789, 15.66525492268191 ], [ -91.206520014023397, 15.665807246951353 ], [ -91.206987900502625, 15.666033612556642 ], [ -91.208157419849627, 15.666087243766803 ], [ -91.208674608024694, 15.665941237362707 ], [ -91.209204170628453, 15.665712868393726 ], [ -91.209792217254133, 15.665329092543695 ], [ -91.209762084409576, 15.664839723090683 ], [ -91.209378801091532, 15.664069581770018 ], [ -91.209303869563627, 15.663436388084888 ], [ -91.20934310366772, 15.66288093851243 ], [ -91.209795707855008, 15.662250926860706 ], [ -91.210506654083119, 15.662279331664083 ], [ -91.211112299595257, 15.662550867620959 ], [ -91.212253652507016, 15.66309336634435 ], [ -91.21288271720509, 15.663287147061496 ], [ -91.213868921453226, 15.662565462815719 ], [ -91.217781654186069, 15.667271695885788 ], [ -91.220887369509811, 15.670740033519358 ], [ -91.22266738551869, 15.671929298411634 ], [ -91.226457716264818, 15.673907511788116 ], [ -91.232367190281778, 15.675964925563424 ], [ -91.251484374667911, 15.679762723455751 ], [ -91.26002554716635, 15.680778590715864 ], [ -91.267277495814199, 15.682174778259839 ], [ -91.282713940474721, 15.686928074362212 ], [ -91.288451303010007, 15.687940035857791 ], [ -91.305394252984613, 15.688245965565523 ], [ -91.310650561946488, 15.689075143076474 ], [ -91.315533832502098, 15.688973869926231 ], [ -91.321052043372831, 15.688516999480392 ], [ -91.323946078333876, 15.688971864902703 ], [ -91.326504900377117, 15.689566466226966 ], [ -91.331743246778515, 15.68939863938658 ], [ -91.332801813619895, 15.690793950255925 ], [ -91.33354555075627, 15.692331456843243 ], [ -91.334347498602384, 15.695246478656902 ], [ -91.33569148409677, 15.699053546888651 ], [ -91.337152031138544, 15.702729329056353 ], [ -91.337568445804195, 15.707535868457759 ], [ -91.338843466709022, 15.711089357093325 ], [ -91.339616944033793, 15.712423734645013 ], [ -91.341596132009158, 15.714431521844324 ], [ -91.34358006435842, 15.715712949085045 ], [ -91.345019016573616, 15.716389239868642 ], [ -91.351401998431768, 15.71878049137859 ], [ -91.358658927305612, 15.720998520522024 ], [ -91.367011505314068, 15.724567721992596 ], [ -91.374214734480702, 15.730001089510699 ], [ -91.376185029896092, 15.731578125326592 ], [ -91.38214200954846, 15.734782140718357 ], [ -91.391288828117638, 15.737010914403616 ], [ -91.396001449112163, 15.738753735092763 ], [ -91.39864490525845, 15.740273405994683 ], [ -91.403179180057776, 15.741646491586069 ], [ -91.408519256280158, 15.742306878669053 ], [ -91.417274672532429, 15.741169743344859 ], [ -91.428796325895661, 15.741083627269159 ], [ -91.431819315102445, 15.740305556249073 ], [ -91.439857627539595, 15.737128840177249 ], [ -91.443061844881782, 15.735132930852199 ], [ -91.449550933255509, 15.732557071158478 ], [ -91.453084653272569, 15.73216077476026 ], [ -91.456705159966006, 15.732474500259192 ], [ -91.458831557687461, 15.733245323281254 ], [ -91.461567722919881, 15.735217943612946 ], [ -91.464895948472872, 15.738040869145451 ], [ -91.466527450558715, 15.739800042278288 ], [ -91.467980782714378, 15.741522932371472 ], [ -91.47023101610479, 15.744158585627405 ], [ -91.47216939866604, 15.746308506205812 ], [ -91.476268200178836, 15.7493976516231 ], [ -91.481041365185561, 15.751940121183003 ], [ -91.48566323804431, 15.753349444970672 ], [ -91.488340652210695, 15.754033454380428 ], [ -91.493600771581185, 15.75591363073638 ], [ -91.500076815617106, 15.756966051429519 ], [ -91.518376158005623, 15.761573023061603 ], [ -91.52330986787851, 15.763250326414036 ], [ -91.533682153822497, 15.765220677372161 ], [ -91.538629669279729, 15.768425181036809 ], [ -91.538844341980933, 15.771194533507339 ], [ -91.537372063239204, 15.77875403144065 ], [ -91.535870194706717, 15.782372712243276 ], [ -91.534076514206731, 15.785351095757671 ], [ -91.533068980200952, 15.78624923740524 ], [ -91.529473739392159, 15.789872931302055 ], [ -91.527174662992948, 15.792449023543941 ], [ -91.525617602291888, 15.793898106364196 ], [ -91.524891724734289, 15.793835565879451 ], [ -91.523389201041326, 15.794920090845359 ], [ -91.518005692907863, 15.798915523448951 ], [ -91.51601159477751, 15.800437241643261 ], [ -91.5143877061018, 15.80159091457665 ], [ -91.513822493252206, 15.801574621764258 ], [ -91.508641209398448, 15.804995003649664 ], [ -91.505257657207977, 15.80670025322109 ], [ -91.502574085998518, 15.807544891717319 ], [ -91.49998916814188, 15.808775415850178 ], [ -91.49605497974953, 15.811946494351362 ], [ -91.494305942043326, 15.813112688951154 ], [ -91.492559668343375, 15.814769190201019 ], [ -91.490928135173633, 15.81668518503856 ], [ -91.489931669696787, 15.818011340436716 ], [ -91.489352476966246, 15.818851221301745 ], [ -91.488424348652416, 15.820243371343896 ], [ -91.484684591001638, 15.823812097049778 ], [ -91.481899885858212, 15.821125341298711 ], [ -91.465916087509939, 15.807940911671871 ], [ -91.461768359671353, 15.805028522580155 ], [ -91.461175635528562, 15.804639088586546 ], [ -91.454066559805611, 15.799590732318118 ], [ -91.449857861798478, 15.797223361430104 ], [ -91.447020897901439, 15.794995639767315 ], [ -91.446512364300034, 15.794360495033208 ], [ -91.445675544216527, 15.793475591601858 ], [ -91.444138526977682, 15.792305507178863 ], [ -91.442743634868023, 15.791547647790363 ], [ -91.4405224675141, 15.790744313165007 ], [ -91.437023448469901, 15.790056043544464 ], [ -91.433744795795931, 15.789542152518395 ], [ -91.431155509475332, 15.789659050351077 ], [ -91.428301714654751, 15.789883584100572 ], [ -91.4250701400899, 15.790680366744095 ], [ -91.421766467276043, 15.791669752882667 ], [ -91.419523779061976, 15.793127722698744 ], [ -91.414778591934891, 15.796808759755381 ], [ -91.403419157277085, 15.802300652050056 ], [ -91.396371698616406, 15.80623655961654 ], [ -91.390491128154167, 15.810279150011903 ], [ -91.386340079150344, 15.813157286729901 ], [ -91.38312141627739, 15.815498902545839 ], [ -91.372455023453469, 15.822890896606655 ], [ -91.367932717942111, 15.826165755627155 ], [ -91.356424201587146, 15.833950423585936 ], [ -91.351145403490492, 15.837129903908473 ], [ -91.347849778056087, 15.838078588416591 ], [ -91.347904833817481, 15.831737062015485 ], [ -91.349706576321708, 15.825339913717675 ], [ -91.350150394800067, 15.821982525083932 ], [ -91.343885754873028, 15.820799492987 ], [ -91.337551459842302, 15.818156225411363 ], [ -91.335864897146834, 15.81635956473108 ], [ -91.333756293193488, 15.81238618573553 ], [ -91.328928255354668, 15.807314188140531 ], [ -91.32833895933409, 15.806541484882436 ], [ -91.320883301424828, 15.798048831114759 ], [ -91.314018864704295, 15.792061610036429 ], [ -91.309608150429568, 15.787568620564834 ], [ -91.307550962910938, 15.784733007884808 ], [ -91.304761162239799, 15.782392105504234 ], [ -91.301325298526848, 15.779750161588792 ], [ -91.298142949217592, 15.778543674816941 ], [ -91.295151699254006, 15.777508090700389 ], [ -91.288358355665963, 15.778655556801587 ], [ -91.281156883103279, 15.778390921281574 ], [ -91.27516428016493, 15.779407603819605 ], [ -91.273971645700939, 15.779590182094989 ], [ -91.259333216952299, 15.781309178989813 ], [ -91.250731282394469, 15.781045869781249 ], [ -91.24157884823623, 15.780774385183477 ], [ -91.234800934384339, 15.779571796047311 ], [ -91.231604370806963, 15.77831229446493 ], [ -91.226092601375072, 15.773926324285584 ], [ -91.223099265360062, 15.772320447226507 ], [ -91.216144119576285, 15.771493153244661 ], [ -91.20714701708016, 15.772067605288964 ], [ -91.205832195868865, 15.77182068286913 ], [ -91.205288772357008, 15.771536060450002 ], [ -91.204674089541982, 15.771064466031074 ], [ -91.204075242211161, 15.77025186255953 ], [ -91.203847210701795, 15.768592858476069 ], [ -91.203422106747979, 15.767390844366366 ], [ -91.201640034309449, 15.76404494226253 ], [ -91.199541442704131, 15.76121489970231 ], [ -91.197411840089671, 15.759063473294471 ], [ -91.194612379115199, 15.757614732710518 ], [ -91.191774331646471, 15.756379132952583 ], [ -91.18885029005888, 15.755835224474984 ], [ -91.186559476142108, 15.755571043184649 ], [ -91.182935692230089, 15.755740778046809 ], [ -91.180503294752924, 15.755987056108095 ], [ -91.179057812330754, 15.756086806038422 ], [ -91.176809913466982, 15.756178699461989 ], [ -91.173911072527204, 15.755954477152907 ], [ -91.166995467846746, 15.756151672209464 ], [ -91.165800164618616, 15.756707529247336 ], [ -91.165082114272863, 15.757501224169568 ], [ -91.164684079074377, 15.758442198349345 ], [ -91.163131316384849, 15.765344383393362 ], [ -91.16320824033744, 15.769564003591427 ], [ -91.16308650173066, 15.77291556113944 ], [ -91.162926039500334, 15.778623085549951 ], [ -91.161287515667027, 15.786788496517474 ], [ -91.160731014002124, 15.790025666287566 ], [ -91.160111835377933, 15.791868410552409 ], [ -91.15945528151326, 15.794037279865696 ] ] ] ] } },
{ "type": "Feature", "properties": { "codigo_departamento": 13, "departamento": "Huehuetenango", "codigo_municipio_shape": 1313, "municipio": "San Miguel Acatán", "riesgos": 14.0, "pobreza": 16.9, "indice_san": 16.8, "politicas": 12.5, "ponderacion": 60.169, "ranking": 14, "riesgos_prom_depto": 13.2, "pobreza_prom_depto": 12.49, "indice_san_prom_depto": 13.11, "politicas_prom_depto": 11.36, "ponderacion_prom_depto": 50.13, "riesgos_prom_nacional": 13.19, "pobreza_prom_nacional": 9.78, "indice_san_prom_nacional": 7.92, "politicas_prom_nacional": 7.21, "ponderacion_prom_nacional": 38.07 }, "geometry": { "type": "MultiPolygon", "coordinates": [ [ [ [ -91.564963686636887, 15.731939237043003 ], [ -91.564854156088273, 15.730591824203342 ], [ -91.563360889794623, 15.728627484406266 ], [ -91.561405364659393, 15.724393761958911 ], [ -91.56020633351163, 15.719660009627072 ], [ -91.56030883276145, 15.704906954535854 ], [ -91.558884892469209, 15.699248689089709 ], [ -91.557999431370575, 15.697627269348619 ], [ -91.553043475022591, 15.69323697896157 ], [ -91.548618406293315, 15.690735704427553 ], [ -91.547998666861247, 15.690226580025623 ], [ -91.539756212151474, 15.687885039370171 ], [ -91.535049865504021, 15.687090968687766 ], [ -91.530857468283926, 15.686920493980701 ], [ -91.531593098014852, 15.679698324956533 ], [ -91.530601874357799, 15.674400976447162 ], [ -91.530622119366669, 15.671896423005878 ], [ -91.531734414698661, 15.671104011452163 ], [ -91.535506095819628, 15.670785828714385 ], [ -91.539524559402565, 15.669625288533821 ], [ -91.548999348964543, 15.669752694633795 ], [ -91.552189988646788, 15.66931173977485 ], [ -91.556025195746145, 15.669573196103437 ], [ -91.562507900492974, 15.671524058243383 ], [ -91.573345222175774, 15.673704270605906 ], [ -91.576781019450934, 15.675081253819183 ], [ -91.582717211125541, 15.676272161216056 ], [ -91.590580103616801, 15.679568836983858 ], [ -91.596513566746935, 15.680767276475683 ], [ -91.607397934035674, 15.686213538404822 ], [ -91.615178721383799, 15.688407305462286 ], [ -91.618337568470224, 15.689777400230426 ], [ -91.620984697533387, 15.691635689202821 ], [ -91.625842816012863, 15.693451366764261 ], [ -91.628395373072522, 15.694034558408536 ], [ -91.633130443837189, 15.69394558710367 ], [ -91.63310822390784, 15.696580158425405 ], [ -91.632300383861264, 15.698969163610192 ], [ -91.632271898117708, 15.703852005599837 ], [ -91.637574801415369, 15.714350544165635 ], [ -91.63818641504993, 15.717094141814714 ], [ -91.640484134046631, 15.720799542331779 ], [ -91.642055134303661, 15.723113000156651 ], [ -91.646366895857327, 15.728845321263673 ], [ -91.649334259157669, 15.731608020415655 ], [ -91.663676941990872, 15.742407001238305 ], [ -91.673882497418475, 15.748000909590338 ], [ -91.684043504494284, 15.758790154835086 ], [ -91.687585542126044, 15.764683211367434 ], [ -91.688782279336124, 15.768816531070547 ], [ -91.690528219636661, 15.772280907598494 ], [ -91.692833517171309, 15.779867967949109 ], [ -91.695904318740631, 15.785735490581038 ], [ -91.700174323676876, 15.79168020217522 ], [ -91.707778806742056, 15.800317867366253 ], [ -91.713496223936559, 15.806115044258462 ], [ -91.717360375828548, 15.808182885040944 ], [ -91.720672670663362, 15.809037364708635 ], [ -91.72879286751666, 15.809152833880983 ], [ -91.722145781926045, 15.81389978679182 ], [ -91.720074328120958, 15.816039910891218 ], [ -91.71529228527011, 15.821161417148378 ], [ -91.709434661183408, 15.824702559377767 ], [ -91.707689711387417, 15.825286462481124 ], [ -91.694528404493269, 15.826543123551124 ], [ -91.690612686586917, 15.82821312452187 ], [ -91.686422232632893, 15.825521427553952 ], [ -91.683368018882121, 15.822736002036837 ], [ -91.682612308484721, 15.821033304268918 ], [ -91.674368751197434, 15.809977616899483 ], [ -91.673509242763345, 15.807835894634993 ], [ -91.669951378141164, 15.802813595206624 ], [ -91.666517762597849, 15.79889018400282 ], [ -91.66447919768909, 15.795421576714702 ], [ -91.661863566899939, 15.792594526898993 ], [ -91.657529722462115, 15.789609970362969 ], [ -91.652714964044563, 15.787114953523371 ], [ -91.647898079370052, 15.785927006877127 ], [ -91.64414727612548, 15.785505962978526 ], [ -91.638616677560563, 15.785677035426859 ], [ -91.627688695040746, 15.788504017569108 ], [ -91.62367546425115, 15.788416512481714 ], [ -91.615636194152685, 15.781796872147568 ], [ -91.607881821745764, 15.778129799714828 ], [ -91.604094410664771, 15.775340942440266 ], [ -91.602230175842564, 15.773695304417359 ], [ -91.598627857292726, 15.768441231042681 ], [ -91.594397053447935, 15.762740176728968 ], [ -91.591041269009907, 15.759093014210102 ], [ -91.579969875243123, 15.752651414983633 ], [ -91.576637859928951, 15.749756648169122 ], [ -91.572029660075785, 15.743949949946259 ], [ -91.570765686111869, 15.741702450467725 ], [ -91.570202991185639, 15.738677737986267 ], [ -91.565769359643781, 15.732321881090641 ], [ -91.564963686636887, 15.731939237043003 ] ] ] ] } },
{ "type": "Feature", "properties": { "codigo_departamento": 8, "departamento": "Totonicapán", "codigo_municipio_shape": 807, "municipio": "Santa Lucía La Reforma", "riesgos": 8.5, "pobreza": 18.8, "indice_san": 16.2, "politicas": 16.7, "ponderacion": 60.167, "ranking": 15, "riesgos_prom_depto": 13.74, "pobreza_prom_depto": 13.76, "indice_san_prom_depto": 12.0, "politicas_prom_depto": 9.88, "ponderacion_prom_depto": 49.41, "riesgos_prom_nacional": 13.19, "pobreza_prom_nacional": 9.78, "indice_san_prom_nacional": 7.92, "politicas_prom_nacional": 7.21, "ponderacion_prom_nacional": 38.07 }, "geometry": { "type": "MultiPolygon", "coordinates": [ [ [ [ -91.213398965968153, 15.101989100324502 ], [ -91.215570185208975, 15.102019788033603 ], [ -91.21896979861242, 15.102757131908074 ], [ -91.230353535160091, 15.104849360486895 ], [ -91.248103285964305, 15.112479559840244 ], [ -91.249557175224652, 15.113715395658636 ], [ -91.251188984633004, 15.116159101377399 ], [ -91.251397542375983, 15.122848442097281 ], [ -91.253131993819181, 15.126897088688541 ], [ -91.255650679531485, 15.129766743038349 ], [ -91.257308943760648, 15.129849582357414 ], [ -91.258373565535294, 15.129002619061971 ], [ -91.26096692684591, 15.126507910917367 ], [ -91.263136820468702, 15.127309734707218 ], [ -91.268359637545288, 15.130523127053081 ], [ -91.272878498042118, 15.131720176211118 ], [ -91.276899590672727, 15.132134983454476 ], [ -91.278620695147765, 15.132794292808414 ], [ -91.280936919468104, 15.134288446297299 ], [ -91.283918460955576, 15.137364698752524 ], [ -91.286899556026782, 15.13768670422921 ], [ -91.287819419011385, 15.139070788692738 ], [ -91.291211438912072, 15.141451914823397 ], [ -91.299225789742337, 15.148599080974307 ], [ -91.303799438354019, 15.149856980813876 ], [ -91.305673876112039, 15.149621398913544 ], [ -91.307026463472766, 15.148680334505261 ], [ -91.308350799658285, 15.148877798928204 ], [ -91.309565139353737, 15.150331798879346 ], [ -91.309541673850475, 15.152774058244086 ], [ -91.310413013963156, 15.153850422255903 ], [ -91.312128451877655, 15.154528662767088 ], [ -91.313584349861728, 15.153834610706269 ], [ -91.315744538566946, 15.151445588061636 ], [ -91.317238651734371, 15.150695309702749 ], [ -91.318635532669276, 15.150694425328279 ], [ -91.320115624361321, 15.151940229141369 ], [ -91.32082194615343, 15.153816298243319 ], [ -91.322473093620445, 15.156015714508872 ], [ -91.324497547296232, 15.159482051263231 ], [ -91.326964503359278, 15.16237550071404 ], [ -91.328724111652619, 15.163666261843614 ], [ -91.330765863383476, 15.164135534692678 ], [ -91.332383571236164, 15.165578862854797 ], [ -91.33216655071746, 15.167666112085644 ], [ -91.332775653232275, 15.168830843035975 ], [ -91.33220404612652, 15.170003781928466 ], [ -91.330362687384095, 15.171040789096129 ], [ -91.330545930378705, 15.174220047318244 ], [ -91.329790463882688, 15.175619819338346 ], [ -91.330047574770703, 15.176577465773686 ], [ -91.33089771026053, 15.177268375489975 ], [ -91.330893153617993, 15.178884971913918 ], [ -91.330348380871769, 15.180042283855238 ], [ -91.329113502820405, 15.180569743089222 ], [ -91.328247081197247, 15.181577801023144 ], [ -91.328710778112637, 15.183630549762865 ], [ -91.329478129257168, 15.184422528730288 ], [ -91.330820649274258, 15.184707004924929 ], [ -91.330621355276151, 15.186530023452654 ], [ -91.331259628173513, 15.187984183065288 ], [ -91.331003587888787, 15.189256608267048 ], [ -91.329427782980233, 15.190378026517587 ], [ -91.326010708216913, 15.196699381618625 ], [ -91.324892477233305, 15.197468303003227 ], [ -91.323490836823296, 15.197443178760382 ], [ -91.322235080906964, 15.198021269603824 ], [ -91.31970881310059, 15.202359714867844 ], [ -91.316199782495104, 15.202103014321628 ], [ -91.314436563004108, 15.202411776660144 ], [ -91.312925583974675, 15.20260040838407 ], [ -91.311977827412775, 15.202404636748394 ], [ -91.311155140776009, 15.20235440174736 ], [ -91.310519363184753, 15.202499878930785 ], [ -91.309985393413754, 15.202789591447253 ], [ -91.309119429116549, 15.203133291276687 ], [ -91.308407568805848, 15.203117772491762 ], [ -91.307956406113689, 15.202724630352106 ], [ -91.307750047349984, 15.202050903623695 ], [ -91.307769449422025, 15.200420883143911 ], [ -91.308162655298219, 15.199838653989099 ], [ -91.308599439741286, 15.199553862341851 ], [ -91.309241551828862, 15.199269483819096 ], [ -91.309664793882774, 15.198785760590201 ], [ -91.309599399194795, 15.197429621230112 ], [ -91.30939276766388, 15.196424889271379 ], [ -91.308239931415656, 15.194669699330085 ], [ -91.306882346324485, 15.194011039731812 ], [ -91.305551396345436, 15.193587549523606 ], [ -91.304561195253854, 15.192594989041224 ], [ -91.304007416248581, 15.19143513000909 ], [ -91.301618393746139, 15.190075028242646 ], [ -91.299547207336317, 15.189195169325378 ], [ -91.299036630710376, 15.188600479618255 ], [ -91.298735467390443, 15.187495613953493 ], [ -91.299052992345565, 15.186558100622044 ], [ -91.299587943735361, 15.185851559113051 ], [ -91.299660906942336, 15.184874916764537 ], [ -91.299406423097921, 15.183751198355363 ], [ -91.297141619280751, 15.180622885280846 ], [ -91.29663087701195, 15.180632579089483 ], [ -91.296285518592981, 15.176917768277475 ], [ -91.295929242729869, 15.175943528862904 ], [ -91.295278992261174, 15.175292420217103 ], [ -91.294558057589811, 15.175115249398836 ], [ -91.293697659096495, 15.175792204239752 ], [ -91.29292244396045, 15.176073277077263 ], [ -91.292140035216562, 15.176091069368285 ], [ -91.291538678099457, 15.175870738227866 ], [ -91.291186287726788, 15.175284011470316 ], [ -91.291099387195757, 15.174663146827349 ], [ -91.291378186444319, 15.172828368797163 ], [ -91.288608376782051, 15.168883905999584 ], [ -91.288183015673226, 15.167755496259764 ], [ -91.287776393240676, 15.166900615080324 ], [ -91.287059312498243, 15.166610482722083 ], [ -91.286132468755625, 15.166874566141912 ], [ -91.285559915233762, 15.166980921600103 ], [ -91.285003703647206, 15.166936023041686 ], [ -91.284329776529006, 15.166415752310639 ], [ -91.283946135956157, 15.165814092100881 ], [ -91.282469858409215, 15.164834699065588 ], [ -91.280869759886329, 15.16456945197119 ], [ -91.279439560286491, 15.164079551292602 ], [ -91.27818603174849, 15.162816020621083 ], [ -91.276772415824141, 15.161717326849839 ], [ -91.275787528920333, 15.161323442993071 ], [ -91.274466050679692, 15.161988890263501 ], [ -91.273087919112427, 15.162539796653377 ], [ -91.272359952389081, 15.162306020809934 ], [ -91.271884122031778, 15.161746567571443 ], [ -91.27098228931635, 15.160795232969043 ], [ -91.270186005879694, 15.160810589750524 ], [ -91.269281550278265, 15.16132669677595 ], [ -91.268352892937912, 15.162029011534257 ], [ -91.267955055039195, 15.162748955918387 ], [ -91.267627797525947, 15.163656970664166 ], [ -91.266430239521824, 15.164669002490168 ], [ -91.265481794671132, 15.165298851277269 ], [ -91.264173348160014, 15.165429991740856 ], [ -91.26372356195516, 15.165102306194626 ], [ -91.263336485197357, 15.164145870044761 ], [ -91.26317960546649, 15.163131334188888 ], [ -91.261818161185701, 15.162490478357533 ], [ -91.260476312723341, 15.162085869753076 ], [ -91.25988217401617, 15.161632800166171 ], [ -91.259597556722099, 15.16102170380208 ], [ -91.25890271314374, 15.158022674868993 ], [ -91.257158059209488, 15.156673913858537 ], [ -91.253279774626606, 15.152771362907306 ], [ -91.252918729056972, 15.152052350557394 ], [ -91.252909361795545, 15.15099715377842 ], [ -91.253096539004844, 15.149943481056061 ], [ -91.253239019053666, 15.149234012358511 ], [ -91.253290239154282, 15.148590490992687 ], [ -91.253172767081537, 15.148094780594239 ], [ -91.250916739401433, 15.146078900150233 ], [ -91.249750625264937, 15.145322011692832 ], [ -91.248492624453789, 15.144779043838057 ], [ -91.243339124415982, 15.144374107591469 ], [ -91.242509051591469, 15.144687344010782 ], [ -91.241365935803856, 15.144952950571984 ], [ -91.2406099057105, 15.144679327215277 ], [ -91.240304279081371, 15.144227331589558 ], [ -91.240323740673773, 15.143560976473557 ], [ -91.240625461856737, 15.143007526391186 ], [ -91.240744562904197, 15.142387132823766 ], [ -91.240759208277424, 15.141669902323866 ], [ -91.240084316357525, 15.140727011839585 ], [ -91.239027422800007, 15.139568760721417 ], [ -91.238016705087631, 15.139156450057477 ], [ -91.23678741663133, 15.138525532619301 ], [ -91.236433425712633, 15.138157883058119 ], [ -91.236268769390918, 15.13767761536243 ], [ -91.236271743718234, 15.134437732153183 ], [ -91.235888880654016, 15.133203397662312 ], [ -91.235374677110414, 15.132452665976006 ], [ -91.234605787275299, 15.131702201129068 ], [ -91.23318019564428, 15.129716387141718 ], [ -91.231338945332737, 15.128424318434886 ], [ -91.230032163784642, 15.127191780135357 ], [ -91.228603025386718, 15.124871532476321 ], [ -91.227857203561115, 15.12380040457329 ], [ -91.226789987389537, 15.122992225445371 ], [ -91.225327323338249, 15.122891501284029 ], [ -91.223943893899289, 15.122493157953253 ], [ -91.22302653388131, 15.121985504434113 ], [ -91.221418641412498, 15.120197016977226 ], [ -91.219824750223438, 15.119451317423161 ], [ -91.218222312841576, 15.118964232413283 ], [ -91.216067901973446, 15.117667329972752 ], [ -91.214177140288569, 15.116897785730945 ], [ -91.2097692709782, 15.116422356629316 ], [ -91.208054837442759, 15.115777292797871 ], [ -91.205827277364349, 15.112681304143303 ], [ -91.205560579052104, 15.111416227648048 ], [ -91.206123496326072, 15.11050340793072 ], [ -91.208953778937683, 15.109880803495258 ], [ -91.209585918150296, 15.109377458113448 ], [ -91.212674823004505, 15.104041630199564 ], [ -91.213398965968153, 15.101989100324502 ] ] ] ] } },
{ "type": "Feature", "properties": { "codigo_departamento": 20, "departamento": "Chiquimula", "codigo_municipio_shape": 2006, "municipio": "Olopa", "riesgos": 11.0, "pobreza": 16.7, "indice_san": 15.1, "politicas": 16.7, "ponderacion": 59.441, "ranking": 16, "riesgos_prom_depto": 13.14, "pobreza_prom_depto": 11.48, "indice_san_prom_depto": 7.45, "politicas_prom_depto": 13.25, "ponderacion_prom_depto": 45.29, "riesgos_prom_nacional": 13.19, "pobreza_prom_nacional": 9.78, "indice_san_prom_nacional": 7.92, "politicas_prom_nacional": 7.21, "ponderacion_prom_nacional": 38.07 }, "geometry": { "type": "MultiPolygon", "coordinates": [ [ [ [ -89.364848245153397, 14.647364767558683 ], [ -89.371247066135382, 14.647926200713769 ], [ -89.372664994111986, 14.648796741880735 ], [ -89.372765846407773, 14.650377796997059 ], [ -89.372319972512315, 14.651557702284078 ], [ -89.369813427209607, 14.654301815655634 ], [ -89.364059385580788, 14.65861289934548 ], [ -89.3602418290738, 14.662383293790866 ], [ -89.359434147918989, 14.663081388939588 ], [ -89.358836951525191, 14.66408513197009 ], [ -89.358512231816405, 14.66714531606508 ], [ -89.359302324803409, 14.668246408312967 ], [ -89.361495075996544, 14.668272894830348 ], [ -89.362341439474008, 14.667619402087736 ], [ -89.364211373669235, 14.66715906488303 ], [ -89.366269595632062, 14.667858055652653 ], [ -89.367204528013602, 14.669384469816984 ], [ -89.36843348230623, 14.672370854275673 ], [ -89.369450304095295, 14.672799683685005 ], [ -89.371664527971916, 14.674865074299573 ], [ -89.375347767753979, 14.676402845855273 ], [ -89.379810086866598, 14.680109860759039 ], [ -89.382153679243217, 14.683022232649861 ], [ -89.383348698260136, 14.685586114235287 ], [ -89.383720581302285, 14.687426385342118 ], [ -89.383434642397532, 14.691770044344608 ], [ -89.381948505149751, 14.693544085638285 ], [ -89.381450060013236, 14.69396953644425 ], [ -89.380806460403363, 14.694270870249111 ], [ -89.380163335215499, 14.694472926419316 ], [ -89.378816705945042, 14.695199887919973 ], [ -89.377690941252496, 14.69673018644349 ], [ -89.377327804145338, 14.700157629168542 ], [ -89.37503961477745, 14.702133414499754 ], [ -89.374237725708667, 14.702226915628179 ], [ -89.372705643623746, 14.70340558588145 ], [ -89.370760351690322, 14.704267513631466 ], [ -89.368794773131029, 14.704323571904942 ], [ -89.368488544135886, 14.7047226646281 ], [ -89.366887244869901, 14.705808816294434 ], [ -89.365559859819513, 14.708411027101029 ], [ -89.364580165529688, 14.709160556551138 ], [ -89.362853656639928, 14.710804284042384 ], [ -89.363312709408646, 14.712653823143542 ], [ -89.364110604526545, 14.713747161471355 ], [ -89.366338750802342, 14.715792587258765 ], [ -89.367202911200081, 14.717050548379962 ], [ -89.368687770292922, 14.723102912631266 ], [ -89.367256585519826, 14.725665122934133 ], [ -89.365329141371134, 14.730676711762987 ], [ -89.362610043443752, 14.733058421081454 ], [ -89.358301119000913, 14.73787108717756 ], [ -89.356002778186109, 14.74003706203203 ], [ -89.355000859979455, 14.741169742714424 ], [ -89.346927817462316, 14.745748959718224 ], [ -89.343889341339519, 14.746928329189062 ], [ -89.342179273160355, 14.747767680291183 ], [ -89.337800363163964, 14.748442873092243 ], [ -89.336178164039154, 14.749294849942419 ], [ -89.333182208053685, 14.749523695174787 ], [ -89.330584594130414, 14.748535921315089 ], [ -89.33030709556742, 14.748077994780367 ], [ -89.328801001460661, 14.747606187424141 ], [ -89.325877651083061, 14.743963179178893 ], [ -89.325351825594836, 14.739965704449235 ], [ -89.323981683548666, 14.737615426412226 ], [ -89.323398224510768, 14.737223705841602 ], [ -89.322236375099848, 14.736380549070683 ], [ -89.319097060768982, 14.735358119665829 ], [ -89.314664041532268, 14.735064111037465 ], [ -89.312740439059851, 14.733511584229429 ], [ -89.306960126663995, 14.731317618311026 ], [ -89.303634719899975, 14.73147655968156 ], [ -89.302415609046236, 14.732144088749092 ], [ -89.301620296716223, 14.733215488050069 ], [ -89.30100133134026, 14.735717900600051 ], [ -89.299707396391113, 14.737758252341083 ], [ -89.299219311740487, 14.737899348926803 ], [ -89.296716169047372, 14.737652806355353 ], [ -89.294875414017838, 14.736487295789141 ], [ -89.289626284435357, 14.736955856061897 ], [ -89.284417005991784, 14.736135515845547 ], [ -89.282795472291326, 14.735138150551277 ], [ -89.280869709022298, 14.735435445891303 ], [ -89.277425205553413, 14.736735959159757 ], [ -89.271002801595841, 14.741743763910943 ], [ -89.266849208205855, 14.744104308694805 ], [ -89.260810765911998, 14.745070415730709 ], [ -89.253046295751261, 14.744615200468246 ], [ -89.247564315114516, 14.745307955501827 ], [ -89.245914957994614, 14.746279481887493 ], [ -89.243468442724804, 14.746757478046888 ], [ -89.239743080013653, 14.748667554971778 ], [ -89.228735641570296, 14.751926306349137 ], [ -89.228749248977778, 14.749255345082961 ], [ -89.232881823400064, 14.745242680672151 ], [ -89.234420620190591, 14.743086142698512 ], [ -89.234940031332158, 14.739374327101549 ], [ -89.237226976737091, 14.737014486100913 ], [ -89.239976352469924, 14.735565699055336 ], [ -89.242690323262664, 14.732902514355612 ], [ -89.244401874411267, 14.732015478015372 ], [ -89.246608424141158, 14.731833600260613 ], [ -89.250423754159144, 14.729285184964443 ], [ -89.252943009366106, 14.7284732121635 ], [ -89.253845000895708, 14.727206346652315 ], [ -89.25363175572032, 14.723985653892836 ], [ -89.252152084616782, 14.722706147591824 ], [ -89.24975295341919, 14.722158508134401 ], [ -89.245882844536865, 14.722466861290428 ], [ -89.243213285732409, 14.721030373439445 ], [ -89.243044284807738, 14.720274089679968 ], [ -89.243200251245256, 14.718917320605785 ], [ -89.246495902252875, 14.715365545897464 ], [ -89.24973436932811, 14.707933371719642 ], [ -89.251149319359584, 14.70641648445698 ], [ -89.252635144609883, 14.705939675428173 ], [ -89.254877275799856, 14.704914442093795 ], [ -89.256221869391268, 14.701880249869438 ], [ -89.258545943788278, 14.699614285084596 ], [ -89.261975304342386, 14.69824940553686 ], [ -89.267471075096623, 14.698243262957641 ], [ -89.272366396253233, 14.695993714717181 ], [ -89.274721235542941, 14.694327046096742 ], [ -89.277006605339366, 14.69371399589717 ], [ -89.282158125710893, 14.690970821622106 ], [ -89.28379397219291, 14.689530527645683 ], [ -89.285818133328092, 14.685273929497857 ], [ -89.286100448210703, 14.680638564380125 ], [ -89.286043834696358, 14.674970070575261 ], [ -89.281025566512568, 14.670478818356788 ], [ -89.279562044181162, 14.668181119638902 ], [ -89.279232766237087, 14.66685596903228 ], [ -89.280371953824712, 14.665719055332758 ], [ -89.283178631533104, 14.663963566188045 ], [ -89.285262422145138, 14.663292982561181 ], [ -89.289019867048637, 14.660228216039478 ], [ -89.291975790929783, 14.658719772786762 ], [ -89.297356513219242, 14.655135860326041 ], [ -89.300328111145532, 14.651411903417333 ], [ -89.303821973639785, 14.648459932375701 ], [ -89.304108024637912, 14.647674795838466 ], [ -89.310635231047016, 14.642267585558695 ], [ -89.313861753122694, 14.646276267870475 ], [ -89.318500740042481, 14.648422192462325 ], [ -89.324887678993534, 14.648735378805092 ], [ -89.330647383774703, 14.649629643913451 ], [ -89.333303549201204, 14.650237906881843 ], [ -89.334857295220289, 14.651326274062102 ], [ -89.339146980127836, 14.652376533887541 ], [ -89.350769013268746, 14.651885850740975 ], [ -89.358862782548954, 14.650087020921569 ], [ -89.361086404292067, 14.650057548002241 ], [ -89.363215258780926, 14.649030377892975 ], [ -89.364102371491086, 14.648570419383979 ], [ -89.364105513331097, 14.648028937355901 ], [ -89.364848245153397, 14.647364767558683 ] ] ] ] } },
{ "type": "Feature", "properties": { "codigo_departamento": 16, "departamento": "Alta Verapaz", "codigo_municipio_shape": 1606, "municipio": "San Miguel Tucurú", "riesgos": 12.8, "pobreza": 17.1, "indice_san": 17.0, "politicas": 12.5, "ponderacion": 59.397, "ranking": 17, "riesgos_prom_depto": 12.95, "pobreza_prom_depto": 15.54, "indice_san_prom_depto": 15.04, "politicas_prom_depto": 12.5, "ponderacion_prom_depto": 56.02, "riesgos_prom_nacional": 13.19, "pobreza_prom_nacional": 9.78, "indice_san_prom_nacional": 7.92, "politicas_prom_nacional": 7.21, "ponderacion_prom_nacional": 38.07 }, "geometry": { "type": "MultiPolygon", "coordinates": [ [ [ [ -89.959005497336179, 15.319593811219706 ], [ -89.950654256226358, 15.316351037630303 ], [ -89.943074261363094, 15.31355649764677 ], [ -89.941283183317083, 15.309642378465771 ], [ -89.939260555023651, 15.305020755492661 ], [ -89.938901653474531, 15.304310385395205 ], [ -89.935257570805319, 15.30427284746637 ], [ -89.934606358722121, 15.304350824093008 ], [ -89.934231148273255, 15.303324184330517 ], [ -89.933987260945003, 15.302742932087527 ], [ -89.933719088398519, 15.302271962744234 ], [ -89.933311842162865, 15.301768607561501 ], [ -89.932118431966558, 15.301068223023117 ], [ -89.931611916366634, 15.300913405023064 ], [ -89.930659917000952, 15.300764886484416 ], [ -89.929868019651963, 15.301001198390908 ], [ -89.929134451785288, 15.301583695327766 ], [ -89.928785300107307, 15.301961533973179 ], [ -89.928499008315441, 15.302414729341224 ], [ -89.928276097424543, 15.302867664929654 ], [ -89.927669105448942, 15.303501561376375 ], [ -89.926994929842891, 15.303479874614217 ], [ -89.926260489936411, 15.303284663954207 ], [ -89.92552944425438, 15.302817475046098 ], [ -89.924859954099304, 15.302475293176904 ], [ -89.924365689275561, 15.302357877815876 ], [ -89.923604931090949, 15.302173582692214 ], [ -89.922691306983197, 15.302025558361574 ], [ -89.921713772788181, 15.301913897859496 ], [ -89.920658978060473, 15.301837285847926 ], [ -89.919870688083577, 15.301826421909331 ], [ -89.918786700139123, 15.301996585957413 ], [ -89.918098706833149, 15.302085295083069 ], [ -89.917436241203902, 15.302138236987529 ], [ -89.920422027360232, 15.294025605654214 ], [ -89.930883959621085, 15.282593320733408 ], [ -89.934601811811262, 15.278890155964136 ], [ -89.935393529050231, 15.278539808581113 ], [ -89.941245542690183, 15.275274318798271 ], [ -89.947455464089018, 15.27245486201214 ], [ -89.949168008646666, 15.274036992764261 ], [ -89.954182283617456, 15.274292651567615 ], [ -89.95717411962886, 15.2737689694185 ], [ -89.963286101406524, 15.274226716704195 ], [ -89.968852910562973, 15.273907106538587 ], [ -89.974128205802771, 15.273401682109592 ], [ -89.981465002595812, 15.271930623007835 ], [ -89.988710387248716, 15.27152363519396 ], [ -90.000082466668175, 15.2698160747078 ], [ -90.015793449892413, 15.271479916511192 ], [ -90.021300345941967, 15.271373775089263 ], [ -90.026245508085424, 15.270491314528844 ], [ -90.030463956096114, 15.269190474531555 ], [ -90.040556133977887, 15.267408482006189 ], [ -90.044207913854976, 15.265711551840907 ], [ -90.048555485641657, 15.264811643281819 ], [ -90.054774076360133, 15.262823223427157 ], [ -90.062661459056756, 15.261735864317107 ], [ -90.0770468728808, 15.262100127901844 ], [ -90.085286263464312, 15.263773212463095 ], [ -90.089595258572729, 15.263810052890557 ], [ -90.099961333566199, 15.265134332568078 ], [ -90.11211819550627, 15.265032897193883 ], [ -90.117529929354021, 15.265565451164727 ], [ -90.130563863471494, 15.265501391782044 ], [ -90.13207324992662, 15.265119963608601 ], [ -90.157067470032459, 15.263915690609473 ], [ -90.178351291406344, 15.263994017877847 ], [ -90.188600609404844, 15.263919677818919 ], [ -90.201292715103477, 15.264945653574564 ], [ -90.199522637898681, 15.308936974537643 ], [ -90.197738180506747, 15.336264562135979 ], [ -90.194379408369599, 15.337194363503341 ], [ -90.165419008130101, 15.34105713200222 ], [ -90.152624149650975, 15.344566466127194 ], [ -90.151973822628946, 15.345081973898621 ], [ -90.133040820235053, 15.349861744871088 ], [ -90.124347743823947, 15.352611473322103 ], [ -90.111795288859611, 15.355634814964814 ], [ -90.109455615140789, 15.35416628609525 ], [ -90.107796869929345, 15.354108635514518 ], [ -90.086996471570657, 15.349094212905458 ], [ -90.082990035751919, 15.348632037189965 ], [ -90.068601384789389, 15.344989007348476 ], [ -90.064108932244778, 15.344356437563036 ], [ -90.061929465025145, 15.343572534824528 ], [ -90.028141486005097, 15.336191573727946 ], [ -90.018247004996923, 15.329048562230321 ], [ -90.012341702020606, 15.325328089483262 ], [ -90.002183697660811, 15.318024105044795 ], [ -90.000103361504756, 15.317874254198799 ], [ -89.996809156749165, 15.318147152574168 ], [ -89.990417863818863, 15.317678436325885 ], [ -89.987091340961655, 15.318016222990922 ], [ -89.969718296960906, 15.317615174555506 ], [ -89.968199603820025, 15.317760481999633 ], [ -89.964235531088534, 15.318637833783672 ], [ -89.959005497336179, 15.319593811219706 ] ] ] ] } },
{ "type": "Feature", "properties": { "codigo_departamento": 16, "departamento": "Alta Verapaz", "codigo_municipio_shape": 1614, "municipio": "Chahal", "riesgos": 9.5, "pobreza": 17.2, "indice_san": 15.8, "politicas": 16.7, "ponderacion": 59.178, "ranking": 18, "riesgos_prom_depto": 12.95, "pobreza_prom_depto": 15.54, "indice_san_prom_depto": 15.04, "politicas_prom_depto": 12.5, "ponderacion_prom_depto": 56.02, "riesgos_prom_nacional": 13.19, "pobreza_prom_nacional": 9.78, "indice_san_prom_nacional": 7.92, "politicas_prom_nacional": 7.21, "ponderacion_prom_nacional": 38.07 }, "geometry": { "type": "MultiPolygon", "coordinates": [ [ [ [ -89.412295560378126, 15.856195428289771 ], [ -89.413006763654835, 15.855852973701083 ], [ -89.413416209353585, 15.855569821784421 ], [ -89.413888894702211, 15.85494023988276 ], [ -89.41392089556615, 15.854448888200716 ], [ -89.413375156166239, 15.8539705236226 ], [ -89.412877037132375, 15.853402692765707 ], [ -89.412403981711094, 15.852735999443777 ], [ -89.411786764485569, 15.852345572143813 ], [ -89.411447837522275, 15.851937195893115 ], [ -89.411425537500506, 15.851221568293155 ], [ -89.411368464661066, 15.850527924195122 ], [ -89.411285719306619, 15.850000826299649 ], [ -89.410648363770193, 15.84946452933271 ], [ -89.40983223970909, 15.849250179453808 ], [ -89.409065118565238, 15.848868543159194 ], [ -89.408635750704633, 15.848335694766003 ], [ -89.408471434664918, 15.847841088675455 ], [ -89.408724565501856, 15.847236076904103 ], [ -89.410294216187907, 15.845339714814463 ], [ -89.410842306656704, 15.845025015866179 ], [ -89.410995177971742, 15.845540868493064 ], [ -89.41093510769268, 15.846334102556888 ], [ -89.411291204618678, 15.847089111329241 ], [ -89.411947742586491, 15.8471665569955 ], [ -89.41249267024908, 15.847063898958915 ], [ -89.413701233518154, 15.846637170126531 ], [ -89.414441502500949, 15.846560305326237 ], [ -89.415215947821594, 15.846528006193315 ], [ -89.41571348830216, 15.846468552242582 ], [ -89.416304635815663, 15.846355369005151 ], [ -89.416961360705756, 15.845762665828994 ], [ -89.417136539600747, 15.845016455746496 ], [ -89.417182544750531, 15.844358362847773 ], [ -89.417056922056432, 15.843618457056907 ], [ -89.416917661846313, 15.843023860988303 ], [ -89.416942138131617, 15.84229771927679 ], [ -89.417459009294447, 15.841803105171833 ], [ -89.418966370077541, 15.840787859334482 ], [ -89.419252739893011, 15.840278144887389 ], [ -89.419149030108002, 15.839583729201605 ], [ -89.418811474741304, 15.839097542868716 ], [ -89.418267526002708, 15.838518817653288 ], [ -89.418639996750287, 15.837686741124434 ], [ -89.420775501039543, 15.835117075500309 ], [ -89.421068556462501, 15.834227268992942 ], [ -89.421100342477246, 15.833713345507569 ], [ -89.421100302228652, 15.833054485367965 ], [ -89.420832667583369, 15.832535615394079 ], [ -89.420203039361041, 15.832222860777762 ], [ -89.419518885235973, 15.831730950154714 ], [ -89.419324131211553, 15.830978620080671 ], [ -89.418757093909136, 15.830388238010938 ], [ -89.417667872317523, 15.829968600867915 ], [ -89.417048330867786, 15.829712413918559 ], [ -89.416303580895715, 15.829386464538389 ], [ -89.415698644537073, 15.828996263120509 ], [ -89.416841136164891, 15.828377738565399 ], [ -89.418229500571883, 15.828222440111238 ], [ -89.418819615719542, 15.828164502730905 ], [ -89.41932617911678, 15.828251846438469 ], [ -89.4200561400867, 15.828755792361514 ], [ -89.420888388810639, 15.8287131297222 ], [ -89.421468228851296, 15.828577172355796 ], [ -89.423248390576092, 15.827813447829636 ], [ -89.424755052831713, 15.827491958805563 ], [ -89.425473329502722, 15.827369553527857 ], [ -89.426018608742524, 15.827210447335471 ], [ -89.426625674995194, 15.826851540904434 ], [ -89.427291787012848, 15.826381914305058 ], [ -89.427569989752314, 15.825671228257457 ], [ -89.427487395173657, 15.825132849660186 ], [ -89.427106762918129, 15.824445151476208 ], [ -89.426697139910004, 15.824080761902026 ], [ -89.426148889631378, 15.823746806483042 ], [ -89.425558728964049, 15.823178621312492 ], [ -89.42539615616883, 15.822549798170284 ], [ -89.425520526830766, 15.822071240952431 ], [ -89.426290494531656, 15.821625892470694 ], [ -89.427243745725988, 15.821261404836948 ], [ -89.428045714543899, 15.820950830538784 ], [ -89.428709253197752, 15.820659407791018 ], [ -89.429588462109905, 15.820562197579394 ], [ -89.430336562770094, 15.820697491124683 ], [ -89.430906551680295, 15.821120920103516 ], [ -89.431420076538956, 15.821441884168594 ], [ -89.432119016302138, 15.821755743890741 ], [ -89.432718807004576, 15.821809615367442 ], [ -89.433448903402677, 15.82164337245748 ], [ -89.434698832927268, 15.820176970105775 ], [ -89.435179200244178, 15.819133389790515 ], [ -89.435790726458393, 15.818484576826704 ], [ -89.436526120004473, 15.818048769287566 ], [ -89.437355679906915, 15.81749266052269 ], [ -89.437766210561293, 15.817107921018412 ], [ -89.441393199331358, 15.809957127572625 ], [ -89.445877817269917, 15.802222317747891 ], [ -89.446845502530479, 15.799789945421049 ], [ -89.448066921233746, 15.798307160301468 ], [ -89.448154174362315, 15.797246941730506 ], [ -89.449993059693384, 15.794365101111616 ], [ -89.450534624927897, 15.792575581886002 ], [ -89.45472240071031, 15.785546368999812 ], [ -89.455523422321889, 15.782970174898471 ], [ -89.459121520595659, 15.777063924954506 ], [ -89.459812400959223, 15.774852577119965 ], [ -89.461845278193024, 15.771778539564894 ], [ -89.463675195851636, 15.767471398419136 ], [ -89.465867465459624, 15.764132496958618 ], [ -89.469921550529506, 15.755800868033798 ], [ -89.472677519193468, 15.751310035702524 ], [ -89.473141988286869, 15.749510121467281 ], [ -89.477370417519964, 15.742376998179791 ], [ -89.478191608787427, 15.739916036571531 ], [ -89.481694331414829, 15.734144105120498 ], [ -89.482990614249417, 15.730773509283233 ], [ -89.485722154829034, 15.726272967014332 ], [ -89.486212184512212, 15.724464373824841 ], [ -89.488789257716746, 15.720571661719479 ], [ -89.493557056479787, 15.710910339178385 ], [ -89.494967044123115, 15.70890211957639 ], [ -89.495281867152386, 15.707317450234179 ], [ -89.496495341336782, 15.706240259979081 ], [ -89.497884435215767, 15.703100017523818 ], [ -89.499831803098246, 15.700241753319247 ], [ -89.500121951281145, 15.698938738261198 ], [ -89.504360969126125, 15.69180260885345 ], [ -89.504658185373785, 15.690491794355776 ], [ -89.508140762431466, 15.684599201449444 ], [ -89.509736666626679, 15.680849465454314 ], [ -89.512923199753118, 15.675874945858512 ], [ -89.513349154074689, 15.674144179299612 ], [ -89.517394918221001, 15.667213256545562 ], [ -89.517884625518974, 15.665495893763765 ], [ -89.524725062094149, 15.653388581853742 ], [ -89.528780297190096, 15.645084292944647 ], [ -89.530050061427815, 15.643466115182397 ], [ -89.532144950153892, 15.637695277782157 ], [ -89.533329411148443, 15.636435647833212 ], [ -89.536294639919518, 15.636291858268855 ], [ -89.547067939380469, 15.635791679155274 ], [ -89.547777049447475, 15.63548015177 ], [ -89.550276779008655, 15.635703439183068 ], [ -89.551724238713035, 15.634967985928391 ], [ -89.555395417410267, 15.636023173972715 ], [ -89.557733263478028, 15.635484464388073 ], [ -89.561038825481333, 15.635915489692922 ], [ -89.563812244414365, 15.635581007085021 ], [ -89.569913173306716, 15.635865031276406 ], [ -89.572914430104319, 15.637127227239441 ], [ -89.574238096518769, 15.639103362529744 ], [ -89.575544421649269, 15.639779358424027 ], [ -89.576348756870729, 15.639237909101483 ], [ -89.578427925676209, 15.639796205193866 ], [ -89.57939280979501, 15.64006854039966 ], [ -89.579986991244255, 15.640435506114583 ], [ -89.580380525923957, 15.641034036850639 ], [ -89.581296940217342, 15.642121410297278 ], [ -89.581864865080234, 15.642667372334817 ], [ -89.582401616440933, 15.643022155397237 ], [ -89.583215783549747, 15.643325973795248 ], [ -89.585744670943342, 15.643208568863763 ], [ -89.586263317886676, 15.643216653184131 ], [ -89.58704167038691, 15.64360904278913 ], [ -89.587412158105337, 15.644229772835223 ], [ -89.587966817240684, 15.644874813132603 ], [ -89.588737806593713, 15.645009817128997 ], [ -89.589283260605427, 15.644806178823936 ], [ -89.589952863759578, 15.64480532161936 ], [ -89.590619097354377, 15.644972538847282 ], [ -89.591315994578082, 15.645397498642962 ], [ -89.592403028298435, 15.645961673531227 ], [ -89.593278558749532, 15.646042997337808 ], [ -89.594180696369833, 15.645888902561907 ], [ -89.595170217918167, 15.646083701346292 ], [ -89.595869372262854, 15.646373277620535 ], [ -89.596410569092996, 15.646426825356601 ], [ -89.597310696771089, 15.646429531713988 ], [ -89.597821266170925, 15.646258052466923 ], [ -89.598207509133132, 15.645928925150063 ], [ -89.598537596024272, 15.645509783647816 ], [ -89.599343691261936, 15.644896051966672 ], [ -89.59989839526294, 15.644836962312928 ], [ -89.601102724115108, 15.644576948126009 ], [ -89.601638043449782, 15.644316698890202 ], [ -89.602348650306013, 15.643913610582983 ], [ -89.602952280310191, 15.643676986272771 ], [ -89.603439392418423, 15.643550263681218 ], [ -89.604315112795547, 15.643620260445484 ], [ -89.605102190799244, 15.644157161659463 ], [ -89.605729110787294, 15.644626129093979 ], [ -89.606393356130539, 15.644915134781519 ], [ -89.606899280747413, 15.645024527806843 ], [ -89.607858343822286, 15.64494911283788 ], [ -89.609265299443365, 15.644300638528355 ], [ -89.60976107291016, 15.644319598061189 ], [ -89.610438437689311, 15.644519650963723 ], [ -89.611236235994923, 15.644442854699991 ], [ -89.611726074429257, 15.644115301693899 ], [ -89.612231064401357, 15.643574715707807 ], [ -89.613091049403877, 15.642514916472543 ], [ -89.61403143144895, 15.642194322916042 ], [ -89.614585757729614, 15.64215775722815 ], [ -89.615200320053347, 15.641999122129777 ], [ -89.61603189917038, 15.641956679807292 ], [ -89.616692464687858, 15.642470147454038 ], [ -89.617137111496888, 15.64280086616967 ], [ -89.617859171432144, 15.643080574762852 ], [ -89.618483169213462, 15.643056357590021 ], [ -89.619017517140762, 15.642818615288412 ], [ -89.619781312605596, 15.642684839908835 ], [ -89.620358001399396, 15.642705023488253 ], [ -89.621909634476523, 15.643065221671657 ], [ -89.622518325152186, 15.643264179255819 ], [ -89.623057700853806, 15.643429344981204 ], [ -89.623997047552322, 15.643845537091702 ], [ -89.624337517856205, 15.644209615168885 ], [ -89.625173580469678, 15.644568920078136 ], [ -89.626052458993811, 15.644448181256291 ], [ -89.626709809037237, 15.643775621987198 ], [ -89.62721585986607, 15.643168434099595 ], [ -89.62792531969383, 15.642832938761568 ], [ -89.628916323972689, 15.642904612391934 ], [ -89.629570538455823, 15.642422695591616 ], [ -89.629996614591093, 15.641791701259548 ], [ -89.630597837929955, 15.641700521670284 ], [ -89.631158862132324, 15.641966426872068 ], [ -89.631552245129214, 15.642620182179499 ], [ -89.632291022835403, 15.643302947943704 ], [ -89.632972798589165, 15.643235568236369 ], [ -89.633634086901267, 15.643032462826561 ], [ -89.634687679978896, 15.642802660945589 ], [ -89.635566366141433, 15.642693160863086 ], [ -89.635872913544304, 15.642284871180404 ], [ -89.63599899592775, 15.641660536590976 ], [ -89.636007040706787, 15.641168672681196 ], [ -89.635899613705135, 15.64065246576293 ], [ -89.636172917407478, 15.640175957568408 ], [ -89.636824545508205, 15.639850825547626 ], [ -89.63726964688307, 15.639443529402302 ], [ -89.637684954914732, 15.638757054941143 ], [ -89.638574179598933, 15.638714280251603 ], [ -89.639482811386827, 15.638873785788673 ], [ -89.640081883137697, 15.638949550924647 ], [ -89.640890546806403, 15.638884089266833 ], [ -89.641712676879024, 15.638707118964474 ], [ -89.642232659744892, 15.638669951505751 ], [ -89.642854436628653, 15.638746057076709 ], [ -89.643567433348011, 15.638869823651738 ], [ -89.644165775288869, 15.638990701688705 ], [ -89.644831812301163, 15.639173553257837 ], [ -89.647003340843796, 15.639049946071205 ], [ -89.64779131106684, 15.638861144217513 ], [ -89.648583436638475, 15.638381269910106 ], [ -89.649041610651125, 15.637884999776912 ], [ -89.649910309437161, 15.63699328480989 ], [ -89.650590986578365, 15.636276983861171 ], [ -89.651544209156711, 15.635843565643537 ], [ -89.652272535432047, 15.635776831233684 ], [ -89.652884303750895, 15.635752323950912 ], [ -89.653494423387158, 15.635829348024263 ], [ -89.654218400107808, 15.636029981839817 ], [ -89.654675253887632, 15.636294238708849 ], [ -89.655386493193987, 15.636562377911147 ], [ -89.656056977137681, 15.636472180426814 ], [ -89.65648824813843, 15.636232764521662 ], [ -89.657060393187109, 15.635816072758574 ], [ -89.657865790176174, 15.635951356819355 ], [ -89.658592821617233, 15.635928591462523 ], [ -89.659349508163373, 15.635549689768089 ], [ -89.659853273595715, 15.635076656242141 ], [ -89.660366699906149, 15.634725637108566 ], [ -89.661213875451921, 15.634403399556149 ], [ -89.662019487525015, 15.634561241327441 ], [ -89.662824157440909, 15.634741633889371 ], [ -89.663585931354234, 15.634730662834391 ], [ -89.664281340405637, 15.634539258553216 ], [ -89.665088552900016, 15.634562829238583 ], [ -89.665727594739792, 15.634292698577781 ], [ -89.665943015262826, 15.633826543377914 ], [ -89.666181683514978, 15.633326888277077 ], [ -89.666756527373536, 15.632742071455569 ], [ -89.66753337383274, 15.632519168180712 ], [ -89.668268955112396, 15.632687204394857 ], [ -89.668874567658818, 15.633042843890799 ], [ -89.66936983294886, 15.633129362653433 ], [ -89.669856143055398, 15.633013750203094 ], [ -89.67050773189554, 15.632687372841596 ], [ -89.671087491452909, 15.632517883398304 ], [ -89.671812344772377, 15.632629323851436 ], [ -89.672349770986159, 15.632917340453856 ], [ -89.672910318523506, 15.633215862044571 ], [ -89.673321612534096, 15.633490676674073 ], [ -89.674077608850652, 15.633837301149507 ], [ -89.674544856984426, 15.634180672303211 ], [ -89.674984189755946, 15.634846354272065 ], [ -89.675095380353838, 15.635820767456 ], [ -89.67522380875198, 15.636449006420092 ], [ -89.675508967165911, 15.637359480367401 ], [ -89.675952281852759, 15.63777922125383 ], [ -89.676806651997055, 15.638453455982996 ], [ -89.677623019978469, 15.638632846168283 ], [ -89.679054275757835, 15.638631976946861 ], [ -89.68011551197813, 15.63864806008664 ], [ -89.680852222897329, 15.638748369548511 ], [ -89.681629194302715, 15.639240863081111 ], [ -89.682038854640894, 15.639582220044447 ], [ -89.682778303381099, 15.639549406380691 ], [ -89.683660772744119, 15.639205045028797 ], [ -89.684293689079738, 15.639315057706915 ], [ -89.684889696366824, 15.639547511726144 ], [ -89.685790234632293, 15.639527282772297 ], [ -89.686358730246425, 15.639335015238885 ], [ -89.686966659381127, 15.638863485054516 ], [ -89.687151256853284, 15.638139543803623 ], [ -89.686651914515465, 15.637617415417443 ], [ -89.686138407873898, 15.637251925129863 ], [ -89.685638164083841, 15.636786203653434 ], [ -89.685025731066219, 15.636128072869029 ], [ -89.684942532487042, 15.63554565762756 ], [ -89.684985202988187, 15.635065577365516 ], [ -89.685600400523128, 15.634828877069635 ], [ -89.686201305163877, 15.634792825388043 ], [ -89.687265398948568, 15.63463061734139 ], [ -89.68803096554953, 15.634384899451556 ], [ -89.688693599380301, 15.634058627901975 ], [ -89.689614743081393, 15.633480099511591 ], [ -89.690069209003127, 15.633208233319737 ], [ -89.690639319443321, 15.632914411120129 ], [ -89.691366177575858, 15.632902816699215 ], [ -89.692090733445099, 15.63307060983313 ], [ -89.692662601204319, 15.633391827579901 ], [ -89.693584371813174, 15.633462158279357 ], [ -89.694220145686018, 15.633393885839812 ], [ -89.69492718489812, 15.633202553300494 ], [ -89.695592166103609, 15.632765704086898 ], [ -89.695865114110418, 15.632266520154946 ], [ -89.69621955637362, 15.631768564012571 ], [ -89.696639105297095, 15.631495025342844 ], [ -89.696980455030925, 15.631087149129002 ], [ -89.697175760053966, 15.630418647664117 ], [ -89.697244505436061, 15.629726800629042 ], [ -89.697829639414906, 15.629221030446359 ], [ -89.698374291039457, 15.629061091466808 ], [ -89.699008851538409, 15.62837776361353 ], [ -89.699018710542774, 15.627762891583835 ], [ -89.699098507171897, 15.627071208979862 ], [ -89.699674542313474, 15.626442291401949 ], [ -89.700405686203993, 15.626162149556302 ], [ -89.700926902429956, 15.626046987003612 ], [ -89.702834870956238, 15.625070210569559 ], [ -89.70382626653614, 15.625117842391182 ], [ -89.704543652220664, 15.625005621589601 ], [ -89.704970850173666, 15.624252573126318 ], [ -89.705037433435095, 15.623693844999675 ], [ -89.705437643223163, 15.62320784027399 ], [ -89.70618882673719, 15.623129972409815 ], [ -89.706754234634602, 15.623127180926286 ], [ -89.707565732574764, 15.622882069879616 ], [ -89.708034846741327, 15.622419662278469 ], [ -89.708830960428344, 15.621716152326712 ], [ -89.709856338141051, 15.621093942158467 ], [ -89.710449974369695, 15.620745114396769 ], [ -89.711459701269291, 15.619680293619858 ], [ -89.714246985661418, 15.619674667206159 ], [ -89.715950051440316, 15.618944082909863 ], [ -89.718320320195971, 15.616899739139168 ], [ -89.722946782848993, 15.615325801325723 ], [ -89.724579816684368, 15.614052408552208 ], [ -89.726580383646592, 15.614234613917136 ], [ -89.728727565778811, 15.616734679477453 ], [ -89.729374372947674, 15.618132389069501 ], [ -89.729152602330757, 15.622198475257042 ], [ -89.726280113476989, 15.627705595467692 ], [ -89.723440409718947, 15.631581328351878 ], [ -89.72434486839974, 15.636911214050913 ], [ -89.724448385939539, 15.641783370680525 ], [ -89.723063386581373, 15.65524483052503 ], [ -89.72240164980056, 15.671751605263488 ], [ -89.721296625124921, 15.679493442779133 ], [ -89.721316827362017, 15.685444299300114 ], [ -89.719776590742356, 15.701330669014778 ], [ -89.717600243562373, 15.709702947811881 ], [ -89.716188996164121, 15.713433936163478 ], [ -89.715560195684446, 15.71798807192009 ], [ -89.714515962670049, 15.719134684039682 ], [ -89.710890290317181, 15.725549620097224 ], [ -89.706842149777358, 15.728519599835629 ], [ -89.699349583093948, 15.729267298452788 ], [ -89.695264170133214, 15.730709638071213 ], [ -89.693897338451549, 15.731476577045314 ], [ -89.691422940441257, 15.734914689301711 ], [ -89.687334461485904, 15.737183966170855 ], [ -89.686506184245118, 15.737175884217452 ], [ -89.682247297013447, 15.734757115885669 ], [ -89.678406811235064, 15.733950444669372 ], [ -89.672424126093588, 15.736842768674643 ], [ -89.67049279449212, 15.737174363021097 ], [ -89.668777802200381, 15.736563616166665 ], [ -89.665350213737185, 15.73755385737711 ], [ -89.664086910985716, 15.737181315006078 ], [ -89.662169871652821, 15.734818354742472 ], [ -89.658596579184476, 15.734958803918474 ], [ -89.656918842525414, 15.73734564884545 ], [ -89.657129206446982, 15.738125234813769 ], [ -89.656623660094141, 15.739080026237508 ], [ -89.65261141923321, 15.742291965731541 ], [ -89.651563230154778, 15.745322591070089 ], [ -89.649532258379779, 15.747213052346005 ], [ -89.649596986847683, 15.749055628855636 ], [ -89.648965768672937, 15.751948209532687 ], [ -89.64795995207443, 15.752887362980443 ], [ -89.646247188001894, 15.753487252141271 ], [ -89.645410767942607, 15.755461501899992 ], [ -89.643172926906317, 15.756954866371624 ], [ -89.643136213969484, 15.75777014344872 ], [ -89.645959515146203, 15.760711449169948 ], [ -89.646252425773923, 15.762563181738759 ], [ -89.6457207327758, 15.763470128181291 ], [ -89.642809071917313, 15.766746128149075 ], [ -89.643574805542571, 15.768364807726714 ], [ -89.642885254810295, 15.773443300913744 ], [ -89.644070807358048, 15.774902587797531 ], [ -89.643149659345198, 15.778580526639429 ], [ -89.645025918153323, 15.782043257700538 ], [ -89.643887195458916, 15.783540004449041 ], [ -89.64252306409135, 15.783615973254667 ], [ -89.642113975874466, 15.785421877355597 ], [ -89.642239340468734, 15.787855538160098 ], [ -89.643208118680121, 15.789142230899316 ], [ -89.643276719012192, 15.789964774161339 ], [ -89.641401736757985, 15.791794278526808 ], [ -89.641603355772574, 15.794231375242608 ], [ -89.641245122529781, 15.795177083181862 ], [ -89.640216186533479, 15.795981515631416 ], [ -89.639129368883118, 15.796197149071304 ], [ -89.63555729123452, 15.79591953340347 ], [ -89.630919743293347, 15.79492121057603 ], [ -89.623647482353903, 15.7954582095033 ], [ -89.621836514891072, 15.794365970978097 ], [ -89.618545993345961, 15.794087950455543 ], [ -89.616443454783862, 15.794694992008999 ], [ -89.615596885724813, 15.795741351163244 ], [ -89.615409129921247, 15.797361038553326 ], [ -89.615006634826713, 15.79773728693803 ], [ -89.612433550423347, 15.799130193640819 ], [ -89.611451287788469, 15.801254270686131 ], [ -89.610099582824859, 15.802187772677815 ], [ -89.607023138389366, 15.802381173551066 ], [ -89.605662825961346, 15.803130583123611 ], [ -89.604250811301611, 15.803171684183154 ], [ -89.602048586281185, 15.800948182145008 ], [ -89.600001427613364, 15.800083390496761 ], [ -89.597789588317653, 15.799764387405054 ], [ -89.593027986490554, 15.801214123175273 ], [ -89.586053334978331, 15.804741219238576 ], [ -89.579351818825188, 15.805008044266781 ], [ -89.576224867046832, 15.807233472673662 ], [ -89.573181194415866, 15.807590500125986 ], [ -89.56999478705508, 15.809535051336159 ], [ -89.56723858545574, 15.809982283629539 ], [ -89.561694379126152, 15.812136474542775 ], [ -89.559202786857441, 15.814265606969025 ], [ -89.557707565088421, 15.81474511383707 ], [ -89.554645982865537, 15.814846568175327 ], [ -89.551217933182272, 15.817589181066507 ], [ -89.5509490017768, 15.820525297037499 ], [ -89.550129114041425, 15.821622515429979 ], [ -89.548614261230526, 15.822807955913579 ], [ -89.547302560172909, 15.823148128532287 ], [ -89.546502240021937, 15.824258050604358 ], [ -89.543193289714026, 15.826766567171781 ], [ -89.542903541352587, 15.828622524939009 ], [ -89.541098283958391, 15.830942852876401 ], [ -89.539997540226821, 15.830937690747698 ], [ -89.538196067902419, 15.829443252167412 ], [ -89.536495542835084, 15.829583069001021 ], [ -89.534938832265439, 15.83068648166207 ], [ -89.530201619700705, 15.830448202663463 ], [ -89.526034749037365, 15.83175457003267 ], [ -89.519163061056659, 15.83558876327729 ], [ -89.515495206249724, 15.83932081138871 ], [ -89.511589962577276, 15.84180220491869 ], [ -89.508232383504037, 15.843271258740135 ], [ -89.502159024527771, 15.843218366230571 ], [ -89.499981477341763, 15.844418624678186 ], [ -89.495428475619377, 15.848386397015163 ], [ -89.492975813461925, 15.849448979775136 ], [ -89.491868531680424, 15.852850773176559 ], [ -89.490168760569659, 15.853678427069493 ], [ -89.488980970193339, 15.855161987033252 ], [ -89.48780796899058, 15.854377999133625 ], [ -89.486608263875695, 15.85368947190436 ], [ -89.483827982314125, 15.85401212300027 ], [ -89.4827474255802, 15.854216826561315 ], [ -89.48175731995704, 15.855523030571378 ], [ -89.481600845398219, 15.857621275747556 ], [ -89.478430919507787, 15.85920113514878 ], [ -89.47765657685575, 15.860832371208328 ], [ -89.474310532779569, 15.861141151953863 ], [ -89.471888472608228, 15.860533030412901 ], [ -89.467290834453209, 15.862097307787014 ], [ -89.465081557279674, 15.861854748191252 ], [ -89.464015659476274, 15.860715870100947 ], [ -89.463919812644193, 15.857991900105318 ], [ -89.464341659029358, 15.856427177752796 ], [ -89.464057477228309, 15.85571287892436 ], [ -89.462500236091785, 15.855046596602691 ], [ -89.461211341996957, 15.853631038780227 ], [ -89.460016757904199, 15.849918834904472 ], [ -89.458520457317945, 15.848702956228923 ], [ -89.455289850347029, 15.847821966859073 ], [ -89.449946527803732, 15.848920151657328 ], [ -89.447854683546794, 15.850002757745377 ], [ -89.44589885256255, 15.849774342159796 ], [ -89.442836614623829, 15.848601477211004 ], [ -89.440203016054852, 15.849969557726393 ], [ -89.43899937316742, 15.851111804132726 ], [ -89.43789737642615, 15.8540969289571 ], [ -89.434317871865176, 15.854369663312902 ], [ -89.433215358388821, 15.855590248770021 ], [ -89.429446151534123, 15.856474631778935 ], [ -89.428056833792454, 15.858193617964966 ], [ -89.426671512296679, 15.858924368447287 ], [ -89.420826332165063, 15.858920248348172 ], [ -89.418807120928477, 15.859705888223456 ], [ -89.417054164796468, 15.858649093559281 ], [ -89.415622029780479, 15.859421859395423 ], [ -89.414800212539518, 15.859361985464629 ], [ -89.412295560378126, 15.856195428289771 ] ] ] ] } },
{ "type": "Feature", "properties": { "codigo_departamento": 13, "departamento": "Huehuetenango", "codigo_municipio_shape": 1329, "municipio": "San Gaspar Ixchil", "riesgos": 12.3, "pobreza": 18.3, "indice_san": 16.1, "politicas": 12.5, "ponderacion": 59.067, "ranking": 19, "riesgos_prom_depto": 13.2, "pobreza_prom_depto": 12.49, "indice_san_prom_depto": 13.11, "politicas_prom_depto": 11.36, "ponderacion_prom_depto": 50.13, "riesgos_prom_nacional": 13.19, "pobreza_prom_nacional": 9.78, "indice_san_prom_nacional": 7.92, "politicas_prom_nacional": 7.21, "ponderacion_prom_nacional": 38.07 }, "geometry": { "type": "MultiPolygon", "coordinates": [ [ [ [ -91.699316715963434, 15.396744160127968 ], [ -91.699484332029897, 15.390852907919893 ], [ -91.699054194714222, 15.38641794202038 ], [ -91.695579053004863, 15.369869972782341 ], [ -91.694290483543426, 15.365206259407097 ], [ -91.693776970926919, 15.364643968061802 ], [ -91.693884494204056, 15.363832225786437 ], [ -91.692114653228984, 15.35989218367463 ], [ -91.691424519405615, 15.357125619290292 ], [ -91.692155543846894, 15.355665606482019 ], [ -91.69237309494531, 15.351677333733242 ], [ -91.692975906806893, 15.349205337806222 ], [ -91.696709558096188, 15.343085235304313 ], [ -91.698583449126005, 15.341126816421259 ], [ -91.699365789097996, 15.338694253149622 ], [ -91.699606062096422, 15.333355898082743 ], [ -91.700438297898486, 15.330942825901998 ], [ -91.701851127591837, 15.329339851153351 ], [ -91.70338068934133, 15.330799492468657 ], [ -91.704952073363359, 15.333505611982297 ], [ -91.71020620573826, 15.339807952398452 ], [ -91.711748213594802, 15.340968198896631 ], [ -91.714003954400511, 15.341750653688608 ], [ -91.717529621300571, 15.344312034844842 ], [ -91.720974949549927, 15.348225362609414 ], [ -91.722459045246339, 15.350503788484749 ], [ -91.724409136181649, 15.356293136923789 ], [ -91.724362636321985, 15.367102383687937 ], [ -91.72329828899305, 15.371601093260105 ], [ -91.723490268178324, 15.378034563822132 ], [ -91.724447905204542, 15.379691928055282 ], [ -91.727921558109799, 15.382406553919354 ], [ -91.7299844542908, 15.383770793379684 ], [ -91.732336261390401, 15.384161579196883 ], [ -91.734711345658425, 15.385327566853002 ], [ -91.738323947963266, 15.388697034351171 ], [ -91.743122601364121, 15.39588762604253 ], [ -91.744925290969647, 15.400383426858964 ], [ -91.74608962016292, 15.401897254509404 ], [ -91.748446810271957, 15.407366725808039 ], [ -91.748413341041015, 15.40819134820295 ], [ -91.751381976743119, 15.413883434152721 ], [ -91.752140800627217, 15.416323720553748 ], [ -91.752160102572816, 15.417382526049371 ], [ -91.748053683297456, 15.417878033556072 ], [ -91.743387451519553, 15.417620061099395 ], [ -91.739745749816024, 15.415991617563607 ], [ -91.734984284469519, 15.41223371147219 ], [ -91.730365300418612, 15.410262857587444 ], [ -91.725865161796534, 15.409638269599188 ], [ -91.72182819950585, 15.409652374106088 ], [ -91.716795566784285, 15.408218948574504 ], [ -91.715274313306935, 15.406632865355695 ], [ -91.710850078185786, 15.398627007970051 ], [ -91.709169343284273, 15.397897532609349 ], [ -91.706194052193922, 15.397652011235131 ], [ -91.703701413644055, 15.396857889359783 ], [ -91.700001547531727, 15.396270232128158 ], [ -91.699316715963434, 15.396744160127968 ] ] ] ] } },
{ "type": "Feature", "properties": { "codigo_departamento": 13, "departamento": "Huehuetenango", "codigo_municipio_shape": 1323, "municipio": "San Juan Ixcoy", "riesgos": 13.8, "pobreza": 16.7, "indice_san": 15.8, "politicas": 12.5, "ponderacion": 58.725, "ranking": 20, "riesgos_prom_depto": 13.2, "pobreza_prom_depto": 12.49, "indice_san_prom_depto": 13.11, "politicas_prom_depto": 11.36, "ponderacion_prom_depto": 50.13, "riesgos_prom_nacional": 13.19, "pobreza_prom_nacional": 9.78, "indice_san_prom_nacional": 7.92, "politicas_prom_nacional": 7.21, "ponderacion_prom_nacional": 38.07 }, "geometry": { "type": "MultiPolygon", "coordinates": [ [ [ [ -91.213868921453226, 15.662565462815719 ], [ -91.213941459562889, 15.661530197612858 ], [ -91.21397057433532, 15.660862833058198 ], [ -91.214445020809393, 15.660333523844852 ], [ -91.215164144842149, 15.660695215136551 ], [ -91.216242881844138, 15.661937544830733 ], [ -91.216951705732569, 15.662143260470183 ], [ -91.218045589500164, 15.661640448284551 ], [ -91.219279049388575, 15.660906062597094 ], [ -91.219888253894865, 15.660700906682701 ], [ -91.220761234032565, 15.660529522552489 ], [ -91.221246745950324, 15.660066934489103 ], [ -91.221469461824228, 15.659524266462268 ], [ -91.221671545586716, 15.658670785419581 ], [ -91.221553133613341, 15.657803407392878 ], [ -91.221008941204602, 15.657098624303499 ], [ -91.220599898229736, 15.656673952674863 ], [ -91.219714924201242, 15.656212655960083 ], [ -91.218988646901138, 15.656004551026092 ], [ -91.218198823910484, 15.655864832600646 ], [ -91.217466310695642, 15.65570411532816 ], [ -91.216871752177198, 15.655499335861018 ], [ -91.216420931077323, 15.654650711110444 ], [ -91.216425652430956, 15.654106273777471 ], [ -91.216650099750566, 15.653297036804696 ], [ -91.216918960357745, 15.652743454652652 ], [ -91.217039068058355, 15.652067789677886 ], [ -91.216702398920148, 15.651231394064769 ], [ -91.216534878036285, 15.650719442983103 ], [ -91.216335385988572, 15.649928217396285 ], [ -91.21619580288629, 15.648883314546771 ], [ -91.216202060426866, 15.648161540271415 ], [ -91.215945731592555, 15.647270444879014 ], [ -91.215524689691904, 15.646888595911783 ], [ -91.214831517430383, 15.646161126150453 ], [ -91.21438957324682, 15.64556899667941 ], [ -91.214520539671867, 15.645052699958287 ], [ -91.215006405762992, 15.64454606962485 ], [ -91.215584649787203, 15.643939653953307 ], [ -91.216045666533432, 15.643676817879303 ], [ -91.216562350114401, 15.643581615001194 ], [ -91.217341823903766, 15.643632011489084 ], [ -91.218208279606102, 15.64420612408454 ], [ -91.219003949453409, 15.645012358938214 ], [ -91.219834980404272, 15.645707047906663 ], [ -91.220678236439397, 15.646269669167204 ], [ -91.221351001178036, 15.646730365399732 ], [ -91.22202394899854, 15.647102953337543 ], [ -91.222836581183572, 15.647298190984506 ], [ -91.223519563444455, 15.647859500510979 ], [ -91.223835740877021, 15.648439300603181 ], [ -91.224263665730575, 15.649309186735609 ], [ -91.224569144236597, 15.649778195047 ], [ -91.225242494773354, 15.65017336928141 ], [ -91.226391501042244, 15.64989348874594 ], [ -91.227217995835787, 15.649766880606887 ], [ -91.227882197060509, 15.649871660513712 ], [ -91.22849795013164, 15.650255062587384 ], [ -91.229159567694708, 15.650660298763121 ], [ -91.229893126511683, 15.650698982939483 ], [ -91.230581581328053, 15.65062772957579 ], [ -91.231054729012413, 15.650241828923093 ], [ -91.233622558639254, 15.647651977392668 ], [ -91.233939400669868, 15.646799403093979 ], [ -91.233888387646857, 15.646087328779982 ], [ -91.233766568494545, 15.645542995588215 ], [ -91.233547776089964, 15.642986017119528 ], [ -91.233427124178121, 15.642373918430389 ], [ -91.233146466518107, 15.641659991001969 ], [ -91.232463346738783, 15.640910061890507 ], [ -91.23140883323498, 15.639425136743624 ], [ -91.237823636060426, 15.642744802053556 ], [ -91.242442162729276, 15.643740933954458 ], [ -91.250954942496563, 15.643798855412392 ], [ -91.263205771210906, 15.644705084385826 ], [ -91.276791478296943, 15.644169534949768 ], [ -91.281995700004657, 15.644449869746223 ], [ -91.28931077890924, 15.64506964953592 ], [ -91.296004176852279, 15.647421768942507 ], [ -91.297598523311748, 15.647627330487499 ], [ -91.3037813452151, 15.648297712091534 ], [ -91.309422895536756, 15.647735803546592 ], [ -91.320173121778467, 15.640401044714864 ], [ -91.326952787706489, 15.634899401610207 ], [ -91.332546517973398, 15.63126941698992 ], [ -91.336030703727147, 15.628783463541584 ], [ -91.340263600665281, 15.627191042074875 ], [ -91.342707387224706, 15.62700165026744 ], [ -91.346178248119585, 15.627460506428996 ], [ -91.34952372702756, 15.626692658336486 ], [ -91.354677716546405, 15.623898100355595 ], [ -91.358770353630163, 15.620788201741595 ], [ -91.364901907613799, 15.617579308176133 ], [ -91.368576653876204, 15.616496154389132 ], [ -91.376475995132537, 15.614289655553167 ], [ -91.379826604133385, 15.613647877176412 ], [ -91.3860624910414, 15.613205763608974 ], [ -91.399707500434545, 15.614726798471068 ], [ -91.409821930627857, 15.616532130470969 ], [ -91.415132600981011, 15.617191873353985 ], [ -91.419858569842305, 15.618172643965977 ], [ -91.422593072225624, 15.618445365062747 ], [ -91.424920756976704, 15.618791957229389 ], [ -91.427995417497712, 15.618793659343403 ], [ -91.430044477389629, 15.61814856250863 ], [ -91.435281473907764, 15.613251293732445 ], [ -91.437061606061235, 15.610934467135349 ], [ -91.43761516114786, 15.607414775458205 ], [ -91.437341813217117, 15.601794682122572 ], [ -91.440344797518549, 15.594819581261303 ], [ -91.443359603469304, 15.593360995756747 ], [ -91.447995604257216, 15.593393770097112 ], [ -91.451575090935108, 15.593877681565546 ], [ -91.454723689161142, 15.595636244704425 ], [ -91.458390978299136, 15.598419690319416 ], [ -91.461904235604706, 15.600691359976924 ], [ -91.465414738471367, 15.603422766926126 ], [ -91.466410632709341, 15.605564936547582 ], [ -91.468569975091825, 15.605265928829471 ], [ -91.475901050316153, 15.603371479688775 ], [ -91.481893531624067, 15.601276602235895 ], [ -91.486122069075279, 15.59912647576863 ], [ -91.489319359577138, 15.595880095196867 ], [ -91.489574251829438, 15.602704435508494 ], [ -91.489213892160109, 15.614427674660618 ], [ -91.489248109820849, 15.61811090663066 ], [ -91.489645759996051, 15.62119786868967 ], [ -91.49067497510687, 15.623849699722156 ], [ -91.492569679906495, 15.626762799171996 ], [ -91.494731359751341, 15.628885759099052 ], [ -91.495669326015346, 15.629518075708468 ], [ -91.49692146246646, 15.630154801904238 ], [ -91.498676814396291, 15.630692156648898 ], [ -91.500128619011363, 15.631209347654483 ], [ -91.504201272211503, 15.631808810269376 ], [ -91.505464802140395, 15.632568711379834 ], [ -91.50848800722359, 15.633358655391147 ], [ -91.522411597525263, 15.635537301650301 ], [ -91.525619325491107, 15.636627648404572 ], [ -91.526607545163472, 15.637018409230393 ], [ -91.53008470533517, 15.638100337188652 ], [ -91.536176494100403, 15.638770366797456 ], [ -91.534602700866827, 15.641200160041313 ], [ -91.534292414535841, 15.643022666248791 ], [ -91.532976974371593, 15.646576032806347 ], [ -91.532867278411103, 15.648388578492147 ], [ -91.532363102920229, 15.649109383694672 ], [ -91.532112271216491, 15.657708633561491 ], [ -91.530622119366669, 15.671896423005878 ], [ -91.525629243414528, 15.672251485242638 ], [ -91.519468466907227, 15.672207640341163 ], [ -91.512413523159225, 15.671007450484014 ], [ -91.505943303622558, 15.669028111828748 ], [ -91.502044761900763, 15.668677231278858 ], [ -91.500111965236442, 15.668921580258438 ], [ -91.488372382364886, 15.669977358571014 ], [ -91.481996616665128, 15.671513748986353 ], [ -91.478434034155441, 15.673275137047989 ], [ -91.471774754538984, 15.675438510644179 ], [ -91.466778653346324, 15.67621584271348 ], [ -91.463227510815329, 15.675954817761426 ], [ -91.459919329248891, 15.67517350715252 ], [ -91.455321616583561, 15.672825149818685 ], [ -91.449105042480468, 15.66845545259932 ], [ -91.446738630353337, 15.666517005795452 ], [ -91.441101441644264, 15.662136528480222 ], [ -91.43994642861945, 15.660611082131938 ], [ -91.438163760704484, 15.659441536744772 ], [ -91.436116458847934, 15.657272543626425 ], [ -91.433726253345412, 15.655659167166121 ], [ -91.431375054344898, 15.653522984074264 ], [ -91.429467247909429, 15.652647337501298 ], [ -91.427519194374653, 15.652692111364383 ], [ -91.425607652346272, 15.65367931835541 ], [ -91.424758146950353, 15.654074261712363 ], [ -91.422890444859931, 15.658615854170522 ], [ -91.422791743357138, 15.671630625796245 ], [ -91.419752190651593, 15.674693955721638 ], [ -91.412796610785463, 15.675449103154563 ], [ -91.402866804917295, 15.674347691093088 ], [ -91.390707062306177, 15.674663041551023 ], [ -91.377238312218921, 15.676472764663909 ], [ -91.376520973532351, 15.676868486338396 ], [ -91.363844033983142, 15.675427470029208 ], [ -91.353011405397723, 15.678640363475212 ], [ -91.348548389583527, 15.680300111511858 ], [ -91.345045194218713, 15.682223465083876 ], [ -91.341451724569183, 15.683044634934177 ], [ -91.333868856374451, 15.686910361110986 ], [ -91.331743246778515, 15.68939863938658 ], [ -91.326504900377117, 15.689566466226966 ], [ -91.323946078333876, 15.688971864902703 ], [ -91.321052043372831, 15.688516999480392 ], [ -91.315533832502098, 15.688973869926231 ], [ -91.310650561946488, 15.689075143076474 ], [ -91.305394252984613, 15.688245965565523 ], [ -91.288451303010007, 15.687940035857791 ], [ -91.282713940474721, 15.686928074362212 ], [ -91.267277495814199, 15.682174778259839 ], [ -91.26002554716635, 15.680778590715864 ], [ -91.251484374667911, 15.679762723455751 ], [ -91.232367190281778, 15.675964925563424 ], [ -91.226457716264818, 15.673907511788116 ], [ -91.22266738551869, 15.671929298411634 ], [ -91.220887369509811, 15.670740033519358 ], [ -91.217781654186069, 15.667271695885788 ], [ -91.213868921453226, 15.662565462815719 ] ] ] ] } },
{ "type": "Feature", "properties": { "codigo_departamento": 14, "departamento": "Quiché", "codigo_municipio_shape": 1414, "municipio": "San Andrés Sajcabajá", "riesgos": 12.3, "pobreza": 15.6, "indice_san": 14.2, "politicas": 16.7, "ponderacion": 58.717, "ranking": 21, "riesgos_prom_depto": 13.55, "pobreza_prom_depto": 13.54, "indice_san_prom_depto": 12.98, "politicas_prom_depto": 11.31, "ponderacion_prom_depto": 51.32, "riesgos_prom_nacional": 13.19, "pobreza_prom_nacional": 9.78, "indice_san_prom_nacional": 7.92, "politicas_prom_nacional": 7.21, "ponderacion_prom_nacional": 38.07 }, "geometry": { "type": "MultiPolygon", "coordinates": [ [ [ [ -90.897634368421592, 15.339203708297983 ], [ -90.895993399202979, 15.323030173999728 ], [ -90.896687700733182, 15.318946932268874 ], [ -90.897496607874658, 15.317599192898433 ], [ -90.898040097615379, 15.31701585807566 ], [ -90.899140814482323, 15.315870769652612 ], [ -90.901258242853203, 15.314181791672089 ], [ -90.901694450658042, 15.312976231724846 ], [ -90.901940330156009, 15.307630517251338 ], [ -90.899833379266468, 15.303376364449855 ], [ -90.897951070956168, 15.300057249027244 ], [ -90.896891720638564, 15.29747549816963 ], [ -90.895931909115902, 15.294483556312954 ], [ -90.89464279792216, 15.288347475475865 ], [ -90.893336783964799, 15.279540054648876 ], [ -90.892158565313721, 15.275709121998638 ], [ -90.891348312182927, 15.272550292717453 ], [ -90.890864663378423, 15.270591767615912 ], [ -90.889875208608203, 15.267264088408899 ], [ -90.887790605206604, 15.256816127575108 ], [ -90.8879916378513, 15.251427097512762 ], [ -90.888653754474163, 15.249257987642233 ], [ -90.889664025074069, 15.246531934327018 ], [ -90.890248344090935, 15.245276947053126 ], [ -90.891406880681146, 15.243777744316137 ], [ -90.893449234990726, 15.240732687664096 ], [ -90.894149980696724, 15.239230295676744 ], [ -90.894926882277417, 15.236094275232114 ], [ -90.895256864665782, 15.229116122931734 ], [ -90.897118966405756, 15.224520812831296 ], [ -90.898124059235499, 15.222993008696696 ], [ -90.900137433992583, 15.219552265075654 ], [ -90.904746328863951, 15.213829318645143 ], [ -90.908955144963244, 15.208487675716983 ], [ -90.910555082497993, 15.205951054447107 ], [ -90.911415381404495, 15.204401492805081 ], [ -90.912174577548228, 15.203136746331877 ], [ -90.913987906508495, 15.199885977715507 ], [ -90.914979184773173, 15.197016113809315 ], [ -90.916085608744666, 15.194498576328423 ], [ -90.917313402852557, 15.190513823346697 ], [ -90.917965451575157, 15.187890410359286 ], [ -90.918054049176575, 15.178675743532136 ], [ -90.917657182043172, 15.174491841402572 ], [ -90.917959353972904, 15.17124848447185 ], [ -90.917944890476576, 15.168094820499771 ], [ -90.918399857326349, 15.163614951014598 ], [ -90.918688459816877, 15.157534184019868 ], [ -90.91929750242106, 15.151323087181829 ], [ -90.919935435138271, 15.148338078905546 ], [ -90.920892119562282, 15.147777631621743 ], [ -90.92896080207835, 15.146018660693661 ], [ -90.94007532263511, 15.142468704658235 ], [ -90.945628372161195, 15.139641328719282 ], [ -90.95012669179745, 15.137773345721568 ], [ -90.953044261892401, 15.136736945261664 ], [ -90.957884251858133, 15.134452838484808 ], [ -90.960759330595721, 15.132563156115101 ], [ -90.962851324126547, 15.131271793786512 ], [ -90.965939260207747, 15.128635082757855 ], [ -90.973423134654311, 15.122674062320591 ], [ -90.97730059731721, 15.118781428756753 ], [ -90.979748859785019, 15.116126335753316 ], [ -90.983356816775554, 15.111629121092967 ], [ -90.984997291317228, 15.109420820042548 ], [ -90.985946692761345, 15.10811901632934 ], [ -90.98676015784666, 15.106682711510514 ], [ -90.989492292390068, 15.101880494368986 ], [ -90.994480673371527, 15.102244426428481 ], [ -90.996375708383695, 15.102438553138215 ], [ -90.997913039836973, 15.102653220612419 ], [ -90.998076568641281, 15.103874574884177 ], [ -90.998479561233992, 15.107209161452795 ], [ -90.998738323661996, 15.108876398152084 ], [ -90.999039717819372, 15.110833175252527 ], [ -90.998984424191264, 15.11809338594059 ], [ -90.994705959267932, 15.129798163807781 ], [ -90.99357394535258, 15.134494894591477 ], [ -90.990635769265552, 15.141123996633251 ], [ -90.989416205234676, 15.144975015056385 ], [ -90.989420355818893, 15.147675769227687 ], [ -90.990623983290476, 15.151860119643469 ], [ -90.986170459037552, 15.154887086015503 ], [ -90.982122177473713, 15.158518484543102 ], [ -90.973669672537227, 15.167758996130544 ], [ -90.971293675452472, 15.169648772480659 ], [ -90.967076984629216, 15.174233891819657 ], [ -90.96514897707678, 15.178758272254683 ], [ -90.96420146868509, 15.181328395907682 ], [ -90.963584902840097, 15.183587497808279 ], [ -90.96243906206027, 15.18863961635985 ], [ -90.961044892154391, 15.194108518070673 ], [ -90.959984849081664, 15.20129051270311 ], [ -90.959948621782488, 15.205358685026448 ], [ -90.960497965025866, 15.209194970426116 ], [ -90.963503349693482, 15.216675867920367 ], [ -90.965347463321393, 15.221059271671239 ], [ -90.965343085222656, 15.225510642717907 ], [ -90.964230522891839, 15.226525028304437 ], [ -90.962250652013495, 15.228330104579646 ], [ -90.958978340334184, 15.229949469317161 ], [ -90.956823936091254, 15.23199122576322 ], [ -90.953373792223204, 15.240800433100611 ], [ -90.950951834411057, 15.245583233268896 ], [ -90.949002310501115, 15.251364274677147 ], [ -90.947059244709777, 15.262873030379419 ], [ -90.947136385434263, 15.264752093432698 ], [ -90.952069074131899, 15.273268485632954 ], [ -90.953706129478931, 15.276815397496236 ], [ -90.956985660194078, 15.28960985425368 ], [ -90.958045999200465, 15.291205355223919 ], [ -90.9598158540214, 15.292475248503473 ], [ -90.96554480742391, 15.293478466904752 ], [ -90.97196895042832, 15.293533410483047 ], [ -90.974029320782421, 15.293828810566376 ], [ -90.976910090807337, 15.293942984636272 ], [ -90.982549203243096, 15.294624183538861 ], [ -90.984911326768952, 15.29446023461446 ], [ -90.98752931839114, 15.294676951173477 ], [ -90.994158889928414, 15.294495910359451 ], [ -90.998764962062111, 15.295339129669424 ], [ -91.004849987294804, 15.295954866226694 ], [ -91.007100415742372, 15.296652646487154 ], [ -91.008561842671696, 15.299137080208077 ], [ -91.007872257304484, 15.309540699401293 ], [ -91.007666086305107, 15.312633776443812 ], [ -91.008603315864775, 15.314993813277459 ], [ -91.008130104290899, 15.325946036090585 ], [ -91.002846914989945, 15.32628739983447 ], [ -91.001652914205934, 15.3267624129941 ], [ -90.997447210633609, 15.328230384676125 ], [ -90.993577229847133, 15.330247975365527 ], [ -90.984605915360163, 15.330370467229409 ], [ -90.970690672727272, 15.333121248705433 ], [ -90.954256291559176, 15.332961043178924 ], [ -90.949192221613572, 15.333497385463339 ], [ -90.946010377693597, 15.334665386116978 ], [ -90.944526940594372, 15.335266168964772 ], [ -90.942064040123199, 15.337415476746061 ], [ -90.941968932466665, 15.337916091196059 ], [ -90.940081949295774, 15.339488995537181 ], [ -90.938432563843023, 15.342228577671158 ], [ -90.935930811377787, 15.344230605502919 ], [ -90.934905643540432, 15.344558832395528 ], [ -90.932778907951302, 15.344226262188032 ], [ -90.929868153390444, 15.340953137895212 ], [ -90.926967943988842, 15.338861517087128 ], [ -90.925937045962215, 15.338652017070292 ], [ -90.922827617340815, 15.338894164030705 ], [ -90.914718783268469, 15.33912347463807 ], [ -90.912345153638213, 15.339285379474768 ], [ -90.907129203349669, 15.33928055909306 ], [ -90.903922920440678, 15.339606236810727 ], [ -90.897634368421592, 15.339203708297983 ] ] ] ] } },
{ "type": "Feature", "properties": { "codigo_departamento": 14, "departamento": "Quiché", "codigo_municipio_shape": 1411, "municipio": "San Juan Cotzal", "riesgos": 13.3, "pobreza": 16.7, "indice_san": 15.7, "politicas": 12.5, "ponderacion": 58.148, "ranking": 22, "riesgos_prom_depto": 13.55, "pobreza_prom_depto": 13.54, "indice_san_prom_depto": 12.98, "politicas_prom_depto": 11.31, "ponderacion_prom_depto": 51.32, "riesgos_prom_nacional": 13.19, "pobreza_prom_nacional": 9.78, "indice_san_prom_nacional": 7.92, "politicas_prom_nacional": 7.21, "ponderacion_prom_nacional": 38.07 }, "geometry": { "type": "MultiPolygon", "coordinates": [ [ [ [ -90.887397238257961, 15.41963121370941 ], [ -90.889423034902094, 15.419760035012043 ], [ -90.894949720515015, 15.420666364022315 ], [ -90.90164479185394, 15.419901847946896 ], [ -90.905322419551624, 15.418618494305363 ], [ -90.914275031840617, 15.412024239068936 ], [ -90.918439906423544, 15.410371362491114 ], [ -90.922705810598458, 15.410497129223808 ], [ -90.928127308168357, 15.412384280305609 ], [ -90.933559719030555, 15.415416700634218 ], [ -90.935858005602967, 15.416017494073587 ], [ -90.93977333514087, 15.41605271985159 ], [ -90.943000776822629, 15.41494072669119 ], [ -90.947750402420709, 15.41141323069038 ], [ -90.948944726821992, 15.410847094356818 ], [ -90.950878425148829, 15.409802088794603 ], [ -90.953230450753423, 15.409434094950095 ], [ -90.96153007496325, 15.410290878014973 ], [ -90.966880959401962, 15.41014789656691 ], [ -90.970030492904471, 15.409605167303173 ], [ -90.975819621718642, 15.407731053420358 ], [ -90.976317782429561, 15.407447569065413 ], [ -90.983902317222515, 15.403143056053288 ], [ -90.985999135047891, 15.402244905360178 ], [ -90.98766893340769, 15.401800316855333 ], [ -90.990647925169824, 15.401360777505957 ], [ -90.996162945127665, 15.400413198175732 ], [ -90.99888405037855, 15.400214065903373 ], [ -91.002590891673037, 15.400546724677525 ], [ -91.00581306215598, 15.400670533781362 ], [ -91.007892177391511, 15.401438047659004 ], [ -91.00893996249485, 15.40193651983572 ], [ -91.010340701217402, 15.40303001771813 ], [ -91.01131202637319, 15.404591806372681 ], [ -91.012065130701799, 15.405471666399158 ], [ -91.013914300892083, 15.407165546159593 ], [ -91.01623165115916, 15.408789044659779 ], [ -91.018466959542437, 15.409736333051489 ], [ -91.020203836488179, 15.410018384186634 ], [ -91.021337130896626, 15.410101900500344 ], [ -91.023068621674824, 15.409599987087661 ], [ -91.024399858951, 15.409190513653607 ], [ -91.025954159607565, 15.408215985999764 ], [ -91.027672480817657, 15.407071214712914 ], [ -91.029737668335784, 15.406677255245732 ], [ -91.040346120758031, 15.40623452544145 ], [ -91.048470098633359, 15.406327476261428 ], [ -91.052270323972138, 15.406227528489115 ], [ -91.057942535787049, 15.405972190031578 ], [ -91.061984386303607, 15.404865495244373 ], [ -91.062654386783166, 15.404497454345947 ], [ -91.0635218200064, 15.403995585543345 ], [ -91.069941903706038, 15.398522236751329 ], [ -91.071913041628733, 15.396380750367491 ], [ -91.073110560553715, 15.39542987436181 ], [ -91.077436577415568, 15.391814306836062 ], [ -91.083068538012327, 15.389749495614094 ], [ -91.093836917312643, 15.385923538663192 ], [ -91.099979199012139, 15.384620582171003 ], [ -91.105954201644025, 15.382754624091108 ], [ -91.110456205921693, 15.379935048159716 ], [ -91.111432509889653, 15.37986087367211 ], [ -91.112327548364775, 15.380084215905628 ], [ -91.112909720135789, 15.380983785945046 ], [ -91.113591552538281, 15.381547581329487 ], [ -91.114253560573516, 15.381727146672889 ], [ -91.114944217870843, 15.381699110227062 ], [ -91.124888932996811, 15.377514392411747 ], [ -91.133536809230208, 15.37635015818466 ], [ -91.135830877355247, 15.375702915842854 ], [ -91.137805774679023, 15.37494227917799 ], [ -91.1442956473159, 15.373052418679645 ], [ -91.152841777841658, 15.372180253229404 ], [ -91.153874966022499, 15.371856716474879 ], [ -91.154658275046771, 15.371285977490734 ], [ -91.15560170906717, 15.37051097486655 ], [ -91.157305094291047, 15.368309908177016 ], [ -91.159053581823841, 15.366205214459663 ], [ -91.16165934561252, 15.370222175904916 ], [ -91.163326318014057, 15.373233923979733 ], [ -91.167550451266607, 15.379860035228418 ], [ -91.169889438588299, 15.384329969236695 ], [ -91.171275540341057, 15.386463913060025 ], [ -91.168662115856137, 15.388741185823452 ], [ -91.164281202083714, 15.390350925031017 ], [ -91.160482529509082, 15.390885479893134 ], [ -91.158373867358549, 15.391222730412425 ], [ -91.149129318970168, 15.392709370541853 ], [ -91.147775293032282, 15.393487693512379 ], [ -91.147140975025877, 15.3943804443409 ], [ -91.146281361614754, 15.397835512042167 ], [ -91.14508731668532, 15.410965072183501 ], [ -91.142067832970525, 15.415431125692898 ], [ -91.134679922241574, 15.422672030106972 ], [ -91.132519814833728, 15.424948074251905 ], [ -91.130752256770606, 15.426881744275661 ], [ -91.129210819543346, 15.42917876868515 ], [ -91.128743857543952, 15.430151927451172 ], [ -91.127657427772533, 15.432415495570325 ], [ -91.125817182390804, 15.43452019803639 ], [ -91.121639310449424, 15.441445370360718 ], [ -91.119233459480398, 15.443684146517922 ], [ -91.113576673133025, 15.445843295855562 ], [ -91.108672212572444, 15.446772949427858 ], [ -91.095139061056571, 15.446620945957685 ], [ -91.092748607738855, 15.447013815833285 ], [ -91.083561240720854, 15.447308475365737 ], [ -91.076504572818493, 15.448418718001941 ], [ -91.073588576537148, 15.448588809789545 ], [ -91.070975209040185, 15.448965946419996 ], [ -91.064600385109827, 15.449256026237155 ], [ -91.060220357562727, 15.450190284110509 ], [ -91.05001925218923, 15.452468300658362 ], [ -91.046850764786214, 15.453417454124867 ], [ -91.043089017722082, 15.454228034918673 ], [ -91.039508825098565, 15.455173440716068 ], [ -91.018836920945716, 15.459642098205343 ], [ -91.01799735213676, 15.459199723496514 ], [ -91.017087939491944, 15.458570348164246 ], [ -91.015956736286256, 15.457139280752717 ], [ -91.014927264679343, 15.454688033343221 ], [ -91.013895544398892, 15.4524140974318 ], [ -91.012074523224456, 15.44937969229804 ], [ -91.010869369304629, 15.448078970079179 ], [ -91.008831870905865, 15.446564065069891 ], [ -91.006130154096226, 15.445645206537117 ], [ -91.003573000449151, 15.446233262373916 ], [ -91.000855685646556, 15.44724906008396 ], [ -90.996821306788277, 15.450196815671823 ], [ -90.99331503597304, 15.451139866844724 ], [ -90.990516266149086, 15.451111121197536 ], [ -90.986466854167901, 15.450107515525806 ], [ -90.983949878148209, 15.450084637039417 ], [ -90.979824904955635, 15.45183847021368 ], [ -90.97778980198872, 15.453281483546922 ], [ -90.973269297003895, 15.454801153735209 ], [ -90.970470513086866, 15.454772149196163 ], [ -90.965071085343737, 15.453566030596605 ], [ -90.957645623150484, 15.454061338338935 ], [ -90.945891061803891, 15.459443097006664 ], [ -90.943200799324515, 15.459744555689909 ], [ -90.939251997291294, 15.459477444239933 ], [ -90.933619397468689, 15.459428365599084 ], [ -90.929124262289065, 15.458769700123446 ], [ -90.92500968521459, 15.458959351884085 ], [ -90.923200168511727, 15.459286882956158 ], [ -90.921680861610028, 15.460116347541346 ], [ -90.919967650180695, 15.462053110097642 ], [ -90.916621166484887, 15.462465537731921 ], [ -90.913980825948968, 15.460975776744947 ], [ -90.911417695800182, 15.460907574151916 ], [ -90.909467137987988, 15.462115766700597 ], [ -90.905593163617667, 15.466401592909129 ], [ -90.904072725963502, 15.466869484081075 ], [ -90.900805352398848, 15.46664652600845 ], [ -90.898457652910849, 15.468537546231669 ], [ -90.895466001308321, 15.471856815088763 ], [ -90.890711168154439, 15.473548646404243 ], [ -90.885271272226959, 15.477322158997417 ], [ -90.880294859913477, 15.480567988960988 ], [ -90.874318033849065, 15.482597840575561 ], [ -90.871362631174634, 15.484139333486892 ], [ -90.871292416045478, 15.477910970623018 ], [ -90.871424552202114, 15.476777161023511 ], [ -90.87208377318008, 15.475008032523288 ], [ -90.875646302587811, 15.468965893001933 ], [ -90.877715563813368, 15.465959975830618 ], [ -90.878980579033851, 15.463130427576999 ], [ -90.879916303076868, 15.461185458736656 ], [ -90.88095199541884, 15.458397745991034 ], [ -90.882777208165749, 15.454463281110527 ], [ -90.883250600640523, 15.452913692582268 ], [ -90.884447429091352, 15.449786399441273 ], [ -90.88572109388501, 15.444014668020419 ], [ -90.887006148384032, 15.43365860786462 ], [ -90.887375176625227, 15.423136807030223 ], [ -90.88741381212651, 15.421561596974472 ], [ -90.887397238257961, 15.41963121370941 ] ] ] ] } },
{ "type": "Feature", "properties": { "codigo_departamento": 13, "departamento": "Huehuetenango", "codigo_municipio_shape": 1310, "municipio": "Santa Bárbara", "riesgos": 10.8, "pobreza": 15.0, "indice_san": 15.7, "politicas": 16.7, "ponderacion": 58.112, "ranking": 23, "riesgos_prom_depto": 13.2, "pobreza_prom_depto": 12.49, "indice_san_prom_depto": 13.11, "politicas_prom_depto": 11.36, "ponderacion_prom_depto": 50.13, "riesgos_prom_nacional": 13.19, "pobreza_prom_nacional": 9.78, "indice_san_prom_nacional": 7.92, "politicas_prom_nacional": 7.21, "ponderacion_prom_nacional": 38.07 }, "geometry": { "type": "MultiPolygon", "coordinates": [ [ [ [ -91.62253763654077, 15.411132374665327 ], [ -91.622539735105974, 15.408691955719801 ], [ -91.624738748894146, 15.406369082549835 ], [ -91.626134176615665, 15.403327165007832 ], [ -91.626745429902925, 15.401402318683871 ], [ -91.627209619520428, 15.396950252130811 ], [ -91.625596108270017, 15.39135665329421 ], [ -91.621717983698318, 15.38686304594431 ], [ -91.619984983356474, 15.386181185357652 ], [ -91.595240435123387, 15.385841070762719 ], [ -91.587885063929434, 15.384065896944701 ], [ -91.577792867519705, 15.383808436741344 ], [ -91.575806733268266, 15.383219532268532 ], [ -91.562525035030689, 15.375670636452357 ], [ -91.559575006861408, 15.373621311037768 ], [ -91.552268399280777, 15.366841427325546 ], [ -91.541995386770537, 15.357310092536684 ], [ -91.537930774636848, 15.354454451726625 ], [ -91.535243990633475, 15.353386101485299 ], [ -91.534846042689381, 15.353767619338436 ], [ -91.533931901183024, 15.353289353433581 ], [ -91.534058047351706, 15.351731062637748 ], [ -91.535065173060076, 15.349394477277228 ], [ -91.535677655419278, 15.346379676829301 ], [ -91.53689635417912, 15.342494384569617 ], [ -91.538666454170453, 15.339502973113554 ], [ -91.539513329530905, 15.337089612723211 ], [ -91.53942302616538, 15.335843979133157 ], [ -91.539945859976598, 15.335242955834609 ], [ -91.539926833281996, 15.333875769840025 ], [ -91.541748332938994, 15.328658946158937 ], [ -91.542739921498352, 15.328281287811908 ], [ -91.54553211217636, 15.328294974154618 ], [ -91.55463488588282, 15.32490251329927 ], [ -91.555148486779117, 15.32427992225208 ], [ -91.556720233878394, 15.32366755984873 ], [ -91.557316562804971, 15.323287278050081 ], [ -91.561763075737431, 15.32149808336756 ], [ -91.572034570013344, 15.319242206261507 ], [ -91.591575123252866, 15.320754805569244 ], [ -91.607295294591211, 15.320065870448039 ], [ -91.609083099735727, 15.319678177632614 ], [ -91.611147082656785, 15.318278726951101 ], [ -91.614128461972598, 15.313861505028724 ], [ -91.616487763683821, 15.308163667146694 ], [ -91.62075477278519, 15.289756694132258 ], [ -91.622586797152564, 15.278544125890525 ], [ -91.624201226012048, 15.27264496744427 ], [ -91.624847615003191, 15.270972248461149 ], [ -91.626703914090228, 15.265173967572174 ], [ -91.628439296780314, 15.261669642800287 ], [ -91.629078755417524, 15.259977654101423 ], [ -91.629672812294615, 15.255324053412714 ], [ -91.630278683034874, 15.254140284276083 ], [ -91.631473875224856, 15.250011205364146 ], [ -91.632341667959736, 15.248632431599741 ], [ -91.634544092504527, 15.252150642462858 ], [ -91.640563990689415, 15.260360560347099 ], [ -91.647296265590796, 15.268357712712792 ], [ -91.653367096339437, 15.27584567535885 ], [ -91.655162387129238, 15.279055086123028 ], [ -91.658154485377082, 15.282875000653274 ], [ -91.660437751714525, 15.287254444001118 ], [ -91.661616074542664, 15.288391349756411 ], [ -91.662083569843205, 15.289835841923315 ], [ -91.663355035381002, 15.291064815803709 ], [ -91.664055236931716, 15.292711812110177 ], [ -91.671334874636301, 15.298936621394942 ], [ -91.68277121927504, 15.306121278028321 ], [ -91.689305440539954, 15.31443933923552 ], [ -91.699763996548896, 15.3260782049474 ], [ -91.701580810400898, 15.328808371276228 ], [ -91.701851127591837, 15.329339851153351 ], [ -91.700438297898486, 15.330942825901998 ], [ -91.699606062096422, 15.333355898082743 ], [ -91.699365789097996, 15.338694253149622 ], [ -91.698583449126005, 15.341126816421259 ], [ -91.696709558096188, 15.343085235304313 ], [ -91.692975906806893, 15.349205337806222 ], [ -91.69237309494531, 15.351677333733242 ], [ -91.692155543846894, 15.355665606482019 ], [ -91.691424519405615, 15.357125619290292 ], [ -91.688157903705246, 15.359528842115214 ], [ -91.682932109101358, 15.362111388464736 ], [ -91.678571645158797, 15.365112462118622 ], [ -91.667667722456429, 15.376309893024892 ], [ -91.662008723806778, 15.383806403173137 ], [ -91.661500397085391, 15.385265369640205 ], [ -91.6606314573433, 15.385932403281325 ], [ -91.656675450892436, 15.391837988690552 ], [ -91.652694579077547, 15.400756628350859 ], [ -91.650835084389712, 15.40737413616058 ], [ -91.649852244203998, 15.408796289269883 ], [ -91.647765289978537, 15.408774560298912 ], [ -91.645675680404707, 15.409973025351738 ], [ -91.644993508377667, 15.410820765766598 ], [ -91.642605774992262, 15.412725787395283 ], [ -91.63739790338056, 15.414684683273505 ], [ -91.634409033880971, 15.414901337268622 ], [ -91.627529075041338, 15.413316719415596 ], [ -91.62253763654077, 15.411132374665327 ] ] ] ] } },
{ "type": "Feature", "properties": { "codigo_departamento": 16, "departamento": "Alta Verapaz", "codigo_municipio_shape": 1617, "municipio": "Raxruhá", "riesgos": 13.3, "pobreza": 16.2, "indice_san": 15.6, "politicas": 12.5, "ponderacion": 57.558, "ranking": 24, "riesgos_prom_depto": 12.95, "pobreza_prom_depto": 15.54, "indice_san_prom_depto": 15.04, "politicas_prom_depto": 12.5, "ponderacion_prom_depto": 56.02, "riesgos_prom_nacional": 13.19, "pobreza_prom_nacional": 9.78, "indice_san_prom_nacional": 7.92, "politicas_prom_nacional": 7.21, "ponderacion_prom_nacional": 38.07 }, "geometry": { "type": "MultiPolygon", "coordinates": [ [ [ [ -90.046796873301844, 15.991560817867006 ], [ -90.04555554156201, 15.991111077546025 ], [ -90.04462233169545, 15.991363179876464 ], [ -90.044008936368357, 15.991749765352978 ], [ -90.043234588441976, 15.992495501375648 ], [ -90.042378899538875, 15.993614751069469 ], [ -90.042039266374246, 15.994314696100018 ], [ -90.04193977593161, 15.995591257296114 ], [ -90.041583827519375, 15.99638458900453 ], [ -90.04101822011306, 15.997348746777812 ], [ -90.040124831419192, 15.998549325233682 ], [ -90.038693023989566, 16.000473417757561 ], [ -90.038477623445203, 16.001001483486569 ], [ -90.037948914821214, 16.002241653203736 ], [ -90.037753380168184, 16.003274419840434 ], [ -90.037853704352628, 16.005157408079722 ], [ -90.038267576540932, 16.007223273912409 ], [ -90.038766064625477, 16.008904668177884 ], [ -90.039077153500429, 16.010160517151093 ], [ -90.039158464200867, 16.011213424137551 ], [ -90.03859085062814, 16.012285182595051 ], [ -90.037624550480871, 16.013781223006838 ], [ -90.03699487237968, 16.014528925472042 ], [ -90.036177083241739, 16.015154750617796 ], [ -90.035527072121013, 16.015639221635809 ], [ -90.034669004778124, 16.015576629219609 ], [ -90.033979332613725, 16.015109502248883 ], [ -90.032832177607773, 16.013345708889883 ], [ -90.031663450285635, 16.011865290262641 ], [ -90.030620233524587, 16.010425629497004 ], [ -90.029221391003333, 16.00890420533965 ], [ -90.027800496869531, 16.007868599915174 ], [ -90.02664805326161, 16.007501656497748 ], [ -90.024911352292932, 16.007254884590768 ], [ -90.023215461226172, 16.007453575429391 ], [ -90.021372182027449, 16.008016331146781 ], [ -90.019800562075417, 16.008761881554584 ], [ -90.018711415477199, 16.009063116005642 ], [ -90.017538395142509, 16.009424890873778 ], [ -90.016050914583815, 16.00998839890282 ], [ -90.014982589762511, 16.010330150608809 ], [ -90.013518036913467, 16.010063655986642 ], [ -90.012598338522082, 16.009535206298381 ], [ -90.01143126147349, 16.007447341298381 ], [ -90.010662434804473, 16.005137684907528 ], [ -90.010288986369233, 16.003780432693862 ], [ -90.010270867180282, 16.002626437931955 ], [ -90.010610781666855, 16.000562242648197 ], [ -90.011282715256655, 15.999673000371343 ], [ -90.012295138808327, 15.998876963218889 ], [ -90.013337155098554, 15.998321260105351 ], [ -90.014741177470384, 15.997615866115289 ], [ -90.015873588931015, 15.99670740280972 ], [ -90.016629302796758, 15.995777841603848 ], [ -90.016840448767638, 15.995009012813149 ], [ -90.016758578362371, 15.99423952523083 ], [ -90.016112146694269, 15.993246074426139 ], [ -90.015352952203671, 15.992533652693208 ], [ -90.01429747338274, 15.991941464207326 ], [ -90.012713266931584, 15.991466034295494 ], [ -90.011574115576579, 15.991856653725279 ], [ -90.010636870890451, 15.992798212503891 ], [ -90.008843368118036, 15.994799463138742 ], [ -90.007171011381033, 15.997115538399836 ], [ -90.005661898228382, 15.999156732148805 ], [ -90.004196411957039, 15.999979083766787 ], [ -90.002611585234177, 15.999739499409571 ], [ -90.000297479843752, 15.998515200426422 ], [ -89.99915973512492, 15.998315950365999 ], [ -89.997735961613202, 15.998705831046721 ], [ -89.99545633431876, 15.999958741478995 ], [ -89.993868154591055, 16.001055975351886 ], [ -89.991915680506665, 16.001523211216824 ], [ -89.990593154085815, 16.000970883017718 ], [ -89.989508881379109, 16.000175670289924 ], [ -89.989149504213728, 15.999105674395993 ], [ -89.988925921556842, 15.997095893177667 ], [ -89.988833868218393, 15.995823763774945 ], [ -89.98830664123011, 15.994478139249294 ], [ -89.988326781624551, 15.99289163272717 ], [ -89.988005629983249, 15.991784858705541 ], [ -89.987190465268583, 15.990105468270187 ], [ -89.986374419759926, 15.988776309108262 ], [ -89.986756865782368, 15.988261084442916 ], [ -89.987996799912224, 15.987766335818991 ], [ -89.989523087593554, 15.98706949124505 ], [ -89.99074371846001, 15.98666684806245 ], [ -89.991657907969838, 15.986871779498797 ], [ -89.992304706247168, 15.987315711635702 ], [ -89.992912744252521, 15.988017619629792 ], [ -89.993521157688718, 15.988572058774514 ], [ -89.994586329194675, 15.989367205975681 ], [ -89.995480323099727, 15.990032911891928 ], [ -89.996794077196427, 15.99049682834821 ], [ -89.997918098528388, 15.990628490632661 ], [ -89.99835722956017, 15.990297712276409 ], [ -89.998607262985445, 15.989376619449256 ], [ -89.999105762441559, 15.988161168707782 ], [ -89.999945345798707, 15.987720718056766 ], [ -90.000898623681849, 15.987538597330756 ], [ -90.002442465535239, 15.987431573645715 ], [ -90.002805857830609, 15.986897841595505 ], [ -90.003344030289469, 15.985037297760213 ], [ -90.00391694215196, 15.984540914325637 ], [ -90.004793705257427, 15.984469200570766 ], [ -90.006336844063455, 15.984638649831634 ], [ -90.007594459123879, 15.984678399748178 ], [ -90.008719806748005, 15.984257001405165 ], [ -90.01017040402111, 15.983301764768919 ], [ -90.011392450683829, 15.982290698209791 ], [ -90.012023173260019, 15.981517920150672 ], [ -90.012539734776638, 15.980671147142822 ], [ -90.012846902185686, 15.979731730825282 ], [ -90.012715163123787, 15.979049390335133 ], [ -90.011954859448394, 15.978255023463332 ], [ -90.010966343788184, 15.977275799737193 ], [ -90.009426669362682, 15.975705441582516 ], [ -90.008342947462339, 15.974707555589738 ], [ -90.007202747545008, 15.973433031480518 ], [ -90.00676718917579, 15.972326019598219 ], [ -90.006636603634732, 15.971182838946012 ], [ -90.006392774827006, 15.969596992734425 ], [ -90.00618561284557, 15.968601104625979 ], [ -90.00576876255947, 15.967641602158563 ], [ -90.00499069697031, 15.966349464358274 ], [ -90.004174940826829, 15.964891334879322 ], [ -90.003930184777246, 15.963692588660772 ], [ -90.004105391230922, 15.96218143871357 ], [ -90.003937307614535, 15.96079853300478 ], [ -90.004646604233642, 15.959048974918352 ], [ -90.005353943484593, 15.958092053817552 ], [ -90.006537253449736, 15.957283689749758 ], [ -90.007605197785267, 15.956899027971394 ], [ -90.009129883317797, 15.956736605232814 ], [ -90.009948825762123, 15.956885938599264 ], [ -90.010918722235331, 15.957643920620054 ], [ -90.012211691076743, 15.958752868779603 ], [ -90.013085534801462, 15.959842428715188 ], [ -90.014128740360803, 15.961817180446902 ], [ -90.015134167995171, 15.963662806999261 ], [ -90.01623647853414, 15.964845036964665 ], [ -90.017283405044495, 15.965289793100066 ], [ -90.018750061033685, 15.965514279494089 ], [ -90.020540996082502, 15.965592009422732 ], [ -90.021569801203327, 15.965649598748714 ], [ -90.021913829738466, 15.965207956113833 ], [ -90.021915404074406, 15.96454434937648 ], [ -90.02174522790537, 15.963990962923697 ], [ -90.021308513089508, 15.963344815897925 ], [ -90.020586033333871, 15.962679598412711 ], [ -90.019463819127452, 15.961847584453448 ], [ -90.018246476736337, 15.960960051199244 ], [ -90.01767693180706, 15.960092396532971 ], [ -90.017185593369675, 15.958395402971732 ], [ -90.016446301747195, 15.956808453510126 ], [ -90.015391586253884, 15.95509846579519 ], [ -90.013882029510071, 15.95350306503007 ], [ -90.01338815816041, 15.952875207192855 ], [ -90.013066123736564, 15.952100267706294 ], [ -90.012859878883077, 15.950717280074937 ], [ -90.012313404181839, 15.948209071506982 ], [ -90.011784522771748, 15.946309210832661 ], [ -90.011271890460861, 15.945570704101126 ], [ -90.010491186900552, 15.945384596356664 ], [ -90.009671125791286, 15.945714537713835 ], [ -90.008640586812731, 15.946412668542024 ], [ -90.007380959575883, 15.947294606879479 ], [ -90.005644959033475, 15.948193878954564 ], [ -90.004023622501165, 15.948945931663797 ], [ -90.00249867481223, 15.949237354389449 ], [ -90.001126874837794, 15.949234183251658 ], [ -90.000195298396889, 15.948420946654453 ], [ -90.000102090336782, 15.947591218703643 ], [ -90.000446726215173, 15.946909974678547 ], [ -90.001344838646759, 15.945842905518278 ], [ -90.002050962303471, 15.94536526420619 ], [ -90.002872395953759, 15.944482347069185 ], [ -90.003676492876707, 15.942898909387404 ], [ -90.004290147071316, 15.941278163142389 ], [ -90.004232981307197, 15.940400530594625 ], [ -90.003605609527824, 15.938969280478268 ], [ -90.002850869980719, 15.937960147840808 ], [ -90.002236986325769, 15.937409244153805 ], [ -90.001457805044652, 15.936720584832061 ], [ -90.000619981776509, 15.935825729183943 ], [ -89.999816412150267, 15.935434646741221 ], [ -89.998963702359234, 15.935776097162682 ], [ -89.998098703062411, 15.936300677976837 ], [ -89.997706700345574, 15.936929386216891 ], [ -89.997624309501674, 15.937707634591749 ], [ -89.997597569669807, 15.938943918517909 ], [ -89.997368693845814, 15.940580398856115 ], [ -89.997118489316904, 15.941278121896692 ], [ -89.996512160084848, 15.942444366613161 ], [ -89.995798135953635, 15.944091158410583 ], [ -89.994620359881253, 15.946652671476309 ], [ -89.994250439873326, 15.947899596104419 ], [ -89.993963081672504, 15.949249742409949 ], [ -89.993782008359915, 15.950680271183744 ], [ -89.993827125294573, 15.951561844755695 ], [ -89.99401336902136, 15.952787178601188 ], [ -89.994247518707951, 15.953783672091845 ], [ -89.99461311888092, 15.95426533040486 ], [ -89.995191246907311, 15.95493064827097 ], [ -89.99533209080731, 15.955388883404321 ], [ -89.995295418490031, 15.955858150264614 ], [ -89.99505003399652, 15.956510090016195 ], [ -89.994492123163653, 15.957218534364751 ], [ -89.993401796032202, 15.95790283037338 ], [ -89.992122888193364, 15.958289037917595 ], [ -89.991104612991251, 15.958549929842155 ], [ -89.990323597240675, 15.958570978446733 ], [ -89.989578833052406, 15.958294472082263 ], [ -89.989106889364564, 15.957755315249303 ], [ -89.988706959899446, 15.956815661765555 ], [ -89.988744460481456, 15.956025865142809 ], [ -89.988949037213928, 15.954675531481254 ], [ -89.989152799003321, 15.953645728853715 ], [ -89.989130932091726, 15.952935924463395 ], [ -89.989028298106021, 15.951413147277371 ], [ -89.988916646416072, 15.948779928811669 ], [ -89.988851599407809, 15.946433010967283 ], [ -89.988938018635025, 15.945013709850775 ], [ -89.989307154176515, 15.944087326576829 ], [ -89.989912140787595, 15.943470586772651 ], [ -89.990848673302423, 15.942751599683984 ], [ -89.991465396405374, 15.942169225838677 ], [ -89.991786496345611, 15.941517467640981 ], [ -89.992179995377199, 15.940304945058012 ], [ -89.992075959201799, 15.939331650582698 ], [ -89.991675501900289, 15.938609505561711 ], [ -89.990447421445381, 15.937656453024816 ], [ -89.987873649849163, 15.935486752728284 ], [ -89.987130543639239, 15.934592071182824 ], [ -89.986860489550011, 15.933778646549483 ], [ -89.986886479009584, 15.932862897237293 ], [ -89.987338359672009, 15.931959608041319 ], [ -89.988121651440764, 15.930999866115535 ], [ -89.989223389000642, 15.930430095191765 ], [ -89.990749824715678, 15.930342122571144 ], [ -89.99176114838238, 15.930436088624953 ], [ -89.993179495553449, 15.930988912609298 ], [ -89.994409297925088, 15.931243646668017 ], [ -89.995107905252709, 15.93101632974882 ], [ -89.995417229492958, 15.930330194166441 ], [ -89.995396770382342, 15.929048008845857 ], [ -89.994984432100907, 15.928348737040892 ], [ -89.99429924107578, 15.927946464233274 ], [ -89.993329422573765, 15.927818264860248 ], [ -89.991897855276235, 15.927826346148308 ], [ -89.991224070857669, 15.927595805405131 ], [ -89.990858958035275, 15.926942428039595 ], [ -89.990755654470817, 15.9256829424905 ], [ -89.991124513020011, 15.924848133873171 ], [ -89.991954620746327, 15.924071649071708 ], [ -89.992617972243551, 15.923741227559194 ], [ -89.994014935999218, 15.923366734461226 ], [ -89.995436070567052, 15.922786230740197 ], [ -89.99623003402904, 15.92226149281486 ], [ -89.996681335160289, 15.921564238065008 ], [ -89.996825695693047, 15.920602970602573 ], [ -89.996472577954563, 15.919880944122331 ], [ -89.996048137804024, 15.919296122610563 ], [ -89.995315796090523, 15.918836505044332 ], [ -89.994678959043952, 15.918033678623786 ], [ -89.994137599972234, 15.916899091779541 ], [ -89.993517220445455, 15.915258086250359 ], [ -89.992914029056806, 15.914194572023732 ], [ -89.992288672207991, 15.913540585500431 ], [ -89.991603104378655, 15.913310019196414 ], [ -89.990869468646025, 15.913376976757412 ], [ -89.989543867608532, 15.913625695935831 ], [ -89.987662221166019, 15.913884535977706 ], [ -89.986230229958736, 15.914098639176492 ], [ -89.98501196489498, 15.914004155897441 ], [ -89.98427931787289, 15.913681873000469 ], [ -89.983630272775798, 15.913050700903016 ], [ -89.982934819205155, 15.912064538502076 ], [ -89.98222927158389, 15.910402938065548 ], [ -89.981748207326987, 15.908856350680232 ], [ -89.981561953136321, 15.907676795006536 ], [ -89.981670239034074, 15.906967300040307 ], [ -89.982027385666669, 15.906086686881597 ], [ -89.98284550133026, 15.905355996527721 ], [ -89.984055606208386, 15.904454524344146 ], [ -89.98529884102166, 15.904011030652702 ], [ -89.986352130723162, 15.903830374565985 ], [ -89.987120698869731, 15.903969572392709 ], [ -89.987947807263339, 15.904349307359544 ], [ -89.989034359184473, 15.905050187808234 ], [ -89.990109089128211, 15.905751035047551 ], [ -89.991208090506376, 15.906211533102764 ], [ -89.992378505860017, 15.906500478367834 ], [ -89.993383968765571, 15.906525734018137 ], [ -89.994756608846103, 15.906368681189026 ], [ -89.996153162935911, 15.90610864621738 ], [ -89.997112216960659, 15.905767450359955 ], [ -89.997906931950098, 15.904910722428239 ], [ -89.998715057935385, 15.903412951903098 ], [ -89.999001686432479, 15.902314638511481 ], [ -89.998932694123511, 15.90151314020371 ], [ -89.998685128126411, 15.901169135283489 ], [ -89.99817626744273, 15.901248088004658 ], [ -89.997122118152248, 15.901783678753961 ], [ -89.996245319072116, 15.902354020781994 ], [ -89.995416203991354, 15.902775650556178 ], [ -89.994575770762324, 15.902991192277129 ], [ -89.993773029608363, 15.902992405306332 ], [ -89.992995650245433, 15.902678483730012 ], [ -89.99223546518445, 15.902218710704233 ], [ -89.991443154477054, 15.902113818294271 ], [ -89.990544870172556, 15.901814062649871 ], [ -89.989966298524493, 15.90138913373948 ], [ -89.989601465480689, 15.900644173295271 ], [ -89.989615459984861, 15.899785630484923 ], [ -89.989984878369739, 15.898710420727127 ], [ -89.990413553582684, 15.897589559116827 ], [ -89.990512335523093, 15.895941325618681 ], [ -89.99042041187694, 15.894865026593315 ], [ -89.99049377678088, 15.893915041618669 ], [ -89.99082662719384, 15.893263307685386 ], [ -89.991858066181663, 15.892338471661647 ], [ -89.992972297146409, 15.891413824553391 ], [ -89.993743542453458, 15.890465473177976 ], [ -89.993839946066743, 15.889755941771362 ], [ -89.993687775959216, 15.889114514556615 ], [ -89.993251233514542, 15.888667031847524 ], [ -89.992364833933067, 15.88836731277565 ], [ -89.99160791920545, 15.888319743844345 ], [ -89.991063689257899, 15.888364254467572 ], [ -89.990305853137457, 15.888683004946701 ], [ -89.989713355814743, 15.889105172138269 ], [ -89.989084936906863, 15.889698968078521 ], [ -89.988504320615206, 15.890098264467655 ], [ -89.987864876976545, 15.890371495349511 ], [ -89.986776027627187, 15.890609314985095 ], [ -89.985828946153276, 15.890916152329231 ], [ -89.985402297513062, 15.891235672400583 ], [ -89.985176416348224, 15.891681594216514 ], [ -89.985163103212827, 15.892265394196043 ], [ -89.985255318221704, 15.893215771153297 ], [ -89.985419380287524, 15.893822888697475 ], [ -89.985771426833907, 15.894934151200177 ], [ -89.985863703673402, 15.895861632569162 ], [ -89.985800720297206, 15.897372575999684 ], [ -89.985347517865208, 15.89882535192468 ], [ -89.984847953122056, 15.899900242871054 ], [ -89.983887652903263, 15.900733631456415 ], [ -89.983082676028872, 15.900960660755896 ], [ -89.982219341647777, 15.900878460197893 ], [ -89.981203225005103, 15.900406668863862 ], [ -89.979774149049817, 15.899521763267138 ], [ -89.978598262678616, 15.899083918307781 ], [ -89.977252784420159, 15.898917856868287 ], [ -89.975906939756044, 15.898894245972395 ], [ -89.974561571162667, 15.898687465356454 ], [ -89.973301012384098, 15.898216315112075 ], [ -89.972524403573644, 15.897644582355209 ], [ -89.971959526916351, 15.896523876859735 ], [ -89.972025375082225, 15.895465765574484 ], [ -89.972511752628321, 15.894429032085325 ], [ -89.973502769607407, 15.893413878240843 ], [ -89.975187468691502, 15.892502161491317 ], [ -89.976618228231132, 15.892200358778942 ], [ -89.977669465779528, 15.892284306709843 ], [ -89.979140760347278, 15.892572776083245 ], [ -89.980254983810411, 15.892697566089423 ], [ -89.981138984645469, 15.892394418183656 ], [ -89.981624683141078, 15.891601877844145 ], [ -89.981375515628727, 15.890359843525106 ], [ -89.980368954306115, 15.889258450099506 ], [ -89.978584662370835, 15.888033069816922 ], [ -89.977387559473371, 15.887439988999169 ], [ -89.976062450975888, 15.887558891163343 ], [ -89.974883432502509, 15.888105519568096 ], [ -89.973892871999269, 15.888957871015995 ], [ -89.972692440217315, 15.889646894722073 ], [ -89.970903514796362, 15.890212363887697 ], [ -89.969663513092627, 15.889944757992907 ], [ -89.968656058172044, 15.889209634660734 ], [ -89.967965321600161, 15.887986852881768 ], [ -89.967284143986546, 15.887130417574433 ], [ -89.966153116189886, 15.885418111910695 ], [ -89.96458046489397, 15.883725059288311 ], [ -89.96304795397387, 15.882764745291318 ], [ -89.961198146473578, 15.88251592909698 ], [ -89.960124422730175, 15.883001685101412 ], [ -89.959217396873314, 15.884057690893055 ], [ -89.958604266128404, 15.885297590691733 ], [ -89.95790745019238, 15.886374467731148 ], [ -89.956642969441049, 15.887409213954708 ], [ -89.95516830047579, 15.888402720141892 ], [ -89.953780969757346, 15.888195706830151 ], [ -89.952647688148446, 15.887358436090377 ], [ -89.9513891282228, 15.88619522031958 ], [ -89.950151334705879, 15.885133807037802 ], [ -89.950279933212343, 15.884238674693568 ], [ -89.951102507607644, 15.883324952941528 ], [ -89.952533837389495, 15.882799445052257 ], [ -89.954658969244818, 15.882316380348509 ], [ -89.956489211079671, 15.882015716079271 ], [ -89.956953132173723, 15.881528448270357 ], [ -89.956955750003672, 15.880551588969917 ], [ -89.9566005715496, 15.879695939473232 ], [ -89.95542751115066, 15.878024177491028 ], [ -89.95431525045845, 15.877207320428733 ], [ -89.95185637589789, 15.876712672793419 ], [ -89.950070991871229, 15.87599584516458 ], [ -89.948308641802413, 15.87454641293569 ], [ -89.946756363561505, 15.873178909410916 ], [ -89.945079338378306, 15.871302291524525 ], [ -89.944410555388558, 15.869814927013335 ], [ -89.944581219962274, 15.868919905214675 ], [ -89.945465442681069, 15.868515144765516 ], [ -89.946095733963688, 15.868699920608345 ], [ -89.946703889556062, 15.869291665367447 ], [ -89.948026673844609, 15.869986988705286 ], [ -89.948888596324466, 15.87005023888914 ], [ -89.949604438222181, 15.869706086846312 ], [ -89.950258798124068, 15.868771586351034 ], [ -89.950199139353629, 15.867509649488483 ], [ -89.950120165143588, 15.86561677063267 ], [ -89.950397143544691, 15.864274282567788 ], [ -89.950380252666093, 15.862747885755724 ], [ -89.950090634981891, 15.860996931148742 ], [ -89.949255685975913, 15.85875615673471 ], [ -89.948356904863132, 15.856800136145305 ], [ -89.947121685566572, 15.854863605089605 ], [ -89.945463214572385, 15.853943554054155 ], [ -89.943929179483874, 15.85365470302875 ], [ -89.941868801725306, 15.853629054025857 ], [ -89.939785771671865, 15.854193516678592 ], [ -89.93797644917899, 15.854616209559648 ], [ -89.936925711538677, 15.8544303190781 ], [ -89.935707965017556, 15.85381661008698 ], [ -89.934890262916795, 15.853000424563675 ], [ -89.934493400507748, 15.85206322663403 ], [ -89.934139384745563, 15.850841220839749 ], [ -89.933638372611981, 15.849557776270645 ], [ -89.933598878211328, 15.84864186172325 ], [ -89.933835478351739, 15.846729451490384 ], [ -89.934007016996446, 15.845529168671321 ], [ -89.933904109189314, 15.844735196473685 ], [ -89.933340242285325, 15.844017133568517 ], [ -89.933000343139597, 15.843619638793108 ], [ -89.932287373574297, 15.843340718960093 ], [ -89.931234954111474, 15.843197103218007 ], [ -89.930413687863179, 15.843037518386168 ], [ -89.929207946642279, 15.842628346983002 ], [ -89.928421947900446, 15.842104275909719 ], [ -89.927688313153624, 15.84122405438875 ], [ -89.927570162755572, 15.840627170701969 ], [ -89.927751939084715, 15.839906792871126 ], [ -89.928233964988479, 15.838946920759604 ], [ -89.928254813384527, 15.837621260182502 ], [ -89.928249750637477, 15.836378388365368 ], [ -89.928526276417301, 15.835442830330022 ], [ -89.929041569508584, 15.834822758007533 ], [ -89.92983851868901, 15.834485139591051 ], [ -89.93058327529188, 15.834445667358834 ], [ -89.931866443534574, 15.834697604000761 ], [ -89.933270089612122, 15.83471784750072 ], [ -89.934664762374879, 15.834887201724278 ], [ -89.935752022498249, 15.834798889795598 ], [ -89.93716482616037, 15.834603702813036 ], [ -89.937875964907903, 15.834340403376416 ], [ -89.939033660405244, 15.833539683859529 ], [ -89.939762847486577, 15.832936709353877 ], [ -89.940440448139654, 15.832416456592847 ], [ -89.941229266727248, 15.831913059568853 ], [ -89.941726689548688, 15.831549767509202 ], [ -89.941933219501237, 15.831144297430388 ], [ -89.941883799007286, 15.83043988201737 ], [ -89.941526758899386, 15.829552388560241 ], [ -89.941366621056147, 15.828648830084253 ], [ -89.941301132312375, 15.827563228765225 ], [ -89.941054407024353, 15.827024019866988 ], [ -89.940288471408991, 15.825439468113276 ], [ -89.94029111628079, 15.824478328287547 ], [ -89.94017601504288, 15.822762881613414 ], [ -89.939750206794926, 15.821991208341261 ], [ -89.938974712451298, 15.820779486109142 ], [ -89.938942420495579, 15.820075114004995 ], [ -89.939244319791968, 15.819222461847975 ], [ -89.939923243156755, 15.818205067063484 ], [ -89.940139255200549, 15.817459906519611 ], [ -89.940621371660427, 15.816425430016817 ], [ -89.940743078258649, 15.815738025933426 ], [ -89.940582816038329, 15.81488418037719 ], [ -89.940806036942661, 15.814627896916894 ], [ -89.941216902011007, 15.814604097305411 ], [ -89.941935796444639, 15.814605946023521 ], [ -89.94227851312651, 15.814465968647513 ], [ -89.9421339537558, 15.814125881272483 ], [ -89.941852917520777, 15.81361972792536 ], [ -89.941888263610963, 15.813213816646355 ], [ -89.942300533198633, 15.812676301477445 ], [ -89.942892068548218, 15.812304960555023 ], [ -89.943192352469211, 15.812032300557743 ], [ -89.943169556196679, 15.810979950516669 ], [ -89.942896943474892, 15.810523534589215 ], [ -89.942727777282101, 15.809793953648093 ], [ -89.942283711084542, 15.809444811934654 ], [ -89.942182013264556, 15.809079977303018 ], [ -89.942405860912928, 15.808591692093579 ], [ -89.943143413786629, 15.808021866434494 ], [ -89.943932446137225, 15.807402455310925 ], [ -89.944413093916651, 15.806889967648621 ], [ -89.944662024415265, 15.805681802885989 ], [ -89.944583370751673, 15.805444476690711 ], [ -89.944376475450767, 15.804627859775108 ], [ -89.944251159737647, 15.803508960659762 ], [ -89.944348473360549, 15.801819102850461 ], [ -89.944257556972744, 15.80116410444669 ], [ -89.944071051045682, 15.800517337373673 ], [ -89.943619259056035, 15.799869891149417 ], [ -89.943355828155731, 15.799189783461591 ], [ -89.943119339854022, 15.798045741349215 ], [ -89.942898406029201, 15.797473457008341 ], [ -89.942532290147653, 15.796793085137715 ], [ -89.942388648750708, 15.796121569253646 ], [ -89.942621174042316, 15.795583590436793 ], [ -89.943384395589192, 15.794997256136231 ], [ -89.943719447683137, 15.794517538873546 ], [ -89.943798409094981, 15.793805164307104 ], [ -89.943963169566587, 15.793010151343012 ], [ -89.944419826363784, 15.791867881604846 ], [ -89.944849632737643, 15.79115640254998 ], [ -89.945363746255978, 15.790909141187583 ], [ -89.945894950572665, 15.79067020789927 ], [ -89.946460810163373, 15.790273931663789 ], [ -89.946693407603775, 15.789702804748229 ], [ -89.946599952808882, 15.789453993499402 ], [ -89.9461211763156, 15.789295344723554 ], [ -89.945808553428961, 15.788912462705355 ], [ -89.945222176349432, 15.786416638676098 ], [ -89.940083315457642, 15.776444401014921 ], [ -89.955573591931696, 15.774137319598069 ], [ -90.017777761416667, 15.764861104714047 ], [ -90.017878008890676, 15.76844855240021 ], [ -90.026460199529225, 15.769523760629351 ], [ -90.029217159973882, 15.77375523182932 ], [ -90.038888092148795, 15.77591930237508 ], [ -90.040507960507014, 15.7834414666212 ], [ -90.046666649829987, 15.788750036740993 ], [ -90.047277970044092, 15.789336369301941 ], [ -90.047253284914021, 15.791231401665746 ], [ -90.05354269209181, 15.791230835465505 ], [ -90.053373620547887, 15.796097179649445 ], [ -90.065555578841824, 15.795833331529709 ], [ -90.075522250346935, 15.797978733812421 ], [ -90.082149482901372, 15.79702705704293 ], [ -90.083267438072809, 15.799325675063487 ], [ -90.089683022167264, 15.80140470741045 ], [ -90.093191622276379, 15.802283963689316 ], [ -90.097888125890691, 15.802185536308098 ], [ -90.10429058561914, 15.80300871092828 ], [ -90.109394532381231, 15.804839817333621 ], [ -90.107472554904263, 15.809322136380629 ], [ -90.102829495239419, 15.811161649272155 ], [ -90.099861076302048, 15.814166692610675 ], [ -90.12860771436921, 15.804444832125624 ], [ -90.138611148786978, 15.80375003096173 ], [ -90.142605450635514, 15.825524206572755 ], [ -90.151022773374279, 15.839287366695375 ], [ -90.148799818950891, 15.84322333590676 ], [ -90.15111041174741, 15.846913088125405 ], [ -90.154027759725921, 15.849166650508948 ], [ -90.184444436941931, 15.851111089282547 ], [ -90.198611075762059, 15.863055539728654 ], [ -90.204865947820636, 15.869615353460633 ], [ -90.220740908492687, 15.877075893768307 ], [ -90.229722222381042, 15.87888888934852 ], [ -90.216749969975993, 15.891222194642216 ], [ -90.24611108149243, 15.898194446874417 ], [ -90.22416665591912, 15.951944466949929 ], [ -90.226395487678388, 15.952866754161674 ], [ -90.229799834526005, 15.954040823345265 ], [ -90.235109076189801, 15.955603029072151 ], [ -90.239444169144008, 15.958388876584422 ], [ -90.241666680698131, 15.965694464676373 ], [ -90.232500044485121, 15.973611069815144 ], [ -90.235542953254779, 15.980501635628931 ], [ -90.218014530933175, 15.972387721277499 ], [ -90.216399863571965, 15.975414033836742 ], [ -90.21536137227524, 15.974828038356117 ], [ -90.210026091633637, 15.975607897546011 ], [ -90.19621508629173, 15.989787169397868 ], [ -90.191111098730616, 15.995000042229014 ], [ -90.185538853074689, 15.988812489726786 ], [ -90.155138876819549, 15.963055591143748 ], [ -90.13083330901884, 15.981111120252278 ], [ -90.134861146708261, 15.998055518222802 ], [ -90.128133614805776, 16.009458463995021 ], [ -90.127777741459596, 16.009999954945595 ], [ -90.12650705185375, 16.017836134058165 ], [ -90.075847850212071, 16.002083519678148 ], [ -90.06748839978664, 15.999056112591745 ], [ -90.047074698274685, 15.991661473912339 ], [ -90.046796873301844, 15.991560817867006 ] ] ] ] } },
{ "type": "Feature", "properties": { "codigo_departamento": 13, "departamento": "Huehuetenango", "codigo_municipio_shape": 1330, "municipio": "Santiago Chimaltenango", "riesgos": 13.8, "pobreza": 11.2, "indice_san": 15.7, "politicas": 16.7, "ponderacion": 57.319, "ranking": 25, "riesgos_prom_depto": 13.2, "pobreza_prom_depto": 12.49, "indice_san_prom_depto": 13.11, "politicas_prom_depto": 11.36, "ponderacion_prom_depto": 50.13, "riesgos_prom_nacional": 13.19, "pobreza_prom_nacional": 9.78, "indice_san_prom_nacional": 7.92, "politicas_prom_nacional": 7.21, "ponderacion_prom_nacional": 38.07 }, "geometry": { "type": "MultiPolygon", "coordinates": [ [ [ [ -91.64961620279071, 15.537367813300683 ], [ -91.649630957156319, 15.534655191838098 ], [ -91.650830944691961, 15.531036906253094 ], [ -91.650843870206984, 15.529407774001251 ], [ -91.651862809338013, 15.526562303326816 ], [ -91.652069269698174, 15.524471119308476 ], [ -91.653270716167242, 15.521597384093175 ], [ -91.657336643816137, 15.516525469081545 ], [ -91.658887188192267, 15.513708042886607 ], [ -91.661317344632153, 15.504846784769796 ], [ -91.660999952770936, 15.492797406562758 ], [ -91.660385453658449, 15.490066273394476 ], [ -91.656965141113773, 15.481414701389424 ], [ -91.655891787618074, 15.477494434983326 ], [ -91.65736386076243, 15.469631776295506 ], [ -91.659123444288568, 15.466220162896732 ], [ -91.664921917912366, 15.469993837637274 ], [ -91.674729397469264, 15.474245602968049 ], [ -91.67970015012601, 15.475062795529062 ], [ -91.684654711353517, 15.475312610922309 ], [ -91.692428675795611, 15.474556467404012 ], [ -91.698901102672295, 15.472699832582284 ], [ -91.704119755455764, 15.472917995941769 ], [ -91.706669939208609, 15.473501221500783 ], [ -91.709649189875378, 15.474878957056267 ], [ -91.713654786447421, 15.477690755917601 ], [ -91.714940992622559, 15.479115078808842 ], [ -91.716313896981703, 15.480841554477422 ], [ -91.717872544903926, 15.485704479986985 ], [ -91.717846812774908, 15.489501779200999 ], [ -91.717629495163067, 15.494701276668154 ], [ -91.71640029501863, 15.499126573788232 ], [ -91.716368921482953, 15.503735085939059 ], [ -91.715166266018016, 15.506583251124901 ], [ -91.712701287149045, 15.518693384924727 ], [ -91.7097028050445, 15.526304660735027 ], [ -91.707871979732374, 15.533236893521325 ], [ -91.707783004549498, 15.534797826292817 ], [ -91.706039953076981, 15.541457119606884 ], [ -91.706004290867241, 15.54660903130948 ], [ -91.706503694038105, 15.549885973418105 ], [ -91.64961620279071, 15.537367813300683 ] ] ] ] } },
{ "type": "Feature", "properties": { "codigo_departamento": 14, "departamento": "Quiché", "codigo_municipio_shape": 1405, "municipio": "Chajul", "riesgos": 11.8, "pobreza": 17.0, "indice_san": 16.0, "politicas": 12.5, "ponderacion": 57.216, "ranking": 26, "riesgos_prom_depto": 13.55, "pobreza_prom_depto": 13.54, "indice_san_prom_depto": 12.98, "politicas_prom_depto": 11.31, "ponderacion_prom_depto": 51.32, "riesgos_prom_nacional": 13.19, "pobreza_prom_nacional": 9.78, "indice_san_prom_nacional": 7.92, "politicas_prom_nacional": 7.21, "ponderacion_prom_nacional": 38.07 }, "geometry": { "type": "MultiPolygon", "coordinates": [ [ [ [ -90.969577608696625, 15.73918004345928 ], [ -90.966919602399372, 15.735864001392649 ], [ -90.96652069663719, 15.735167917554724 ], [ -90.966027417969599, 15.734053048901922 ], [ -90.965397878702632, 15.73280363301221 ], [ -90.963910570142176, 15.730214566592586 ], [ -90.963417449291796, 15.729144875133839 ], [ -90.962699495119111, 15.727584025637523 ], [ -90.962136773513848, 15.724956148937906 ], [ -90.962517216786395, 15.722700769740745 ], [ -90.966124885570025, 15.719082851923369 ], [ -90.972755465328049, 15.710688175051709 ], [ -90.973358274580733, 15.709924599616487 ], [ -90.975730626447231, 15.706080407190086 ], [ -90.97602621098585, 15.70560763777508 ], [ -90.977529208435541, 15.703773733924059 ], [ -90.978692549037532, 15.701440835901423 ], [ -90.982139705989624, 15.691196685501687 ], [ -90.983016840044627, 15.686652967298063 ], [ -90.982792006454744, 15.678685782995181 ], [ -90.98254173560936, 15.677163189483567 ], [ -90.981798112186112, 15.676373600594211 ], [ -90.981343038288898, 15.6749315703817 ], [ -90.978227138008222, 15.671461273358192 ], [ -90.975187619043666, 15.669536775988902 ], [ -90.970405428198561, 15.667424410004493 ], [ -90.966255705848013, 15.665848677920783 ], [ -90.962105485528824, 15.664271742727069 ], [ -90.960464805216716, 15.663731260854572 ], [ -90.959404758258188, 15.662830229747396 ], [ -90.958659024824982, 15.662032650334831 ], [ -90.958072012284745, 15.660337489537016 ], [ -90.958151114844284, 15.656011228363313 ], [ -90.962032563286257, 15.64257389311455 ], [ -90.962029096690998, 15.639863123840989 ], [ -90.960823197638959, 15.637810951096611 ], [ -90.959480592348186, 15.636853092645495 ], [ -90.957017937302084, 15.636064379146948 ], [ -90.953657269655693, 15.636033043293956 ], [ -90.942471552477699, 15.637275824127551 ], [ -90.936685150825028, 15.638772195451574 ], [ -90.931998980645432, 15.638936994099033 ], [ -90.928157458881202, 15.638042340122789 ], [ -90.925892242401957, 15.63606584157851 ], [ -90.921614144146261, 15.631087379489404 ], [ -90.920209295663625, 15.629161907393563 ], [ -90.920095287654263, 15.62839054100902 ], [ -90.918139290784936, 15.626454184534685 ], [ -90.918162328887547, 15.625904361991937 ], [ -90.91659521731043, 15.624356827333395 ], [ -90.915605583779779, 15.622583231191054 ], [ -90.914466274743901, 15.61786487302394 ], [ -90.913423429520648, 15.603152952635321 ], [ -90.911821464396382, 15.596717956326234 ], [ -90.909633372038911, 15.594259811083942 ], [ -90.90502966935469, 15.591684899872872 ], [ -90.901981484973945, 15.588562291057983 ], [ -90.900945675082014, 15.586198649723158 ], [ -90.899988387470202, 15.580868711882532 ], [ -90.898031576655299, 15.574545488407871 ], [ -90.895012599893917, 15.570990521133558 ], [ -90.890888362184626, 15.56808452991798 ], [ -90.89008734624953, 15.567909697068108 ], [ -90.884984589967232, 15.563800420460325 ], [ -90.882629214269613, 15.561471482823869 ], [ -90.880866657023333, 15.559340234086614 ], [ -90.880079777571581, 15.558756652683245 ], [ -90.878633859339644, 15.556599073097333 ], [ -90.877859104687076, 15.554095571070349 ], [ -90.876098117882634, 15.550742269539478 ], [ -90.874247527073678, 15.547554119948582 ], [ -90.872300943342523, 15.544075900524293 ], [ -90.869657157704211, 15.53969191533943 ], [ -90.868411318364579, 15.536735463196818 ], [ -90.867766365746277, 15.531821875601549 ], [ -90.866432134410744, 15.526819177730031 ], [ -90.866692450687395, 15.524727740561351 ], [ -90.866329631266325, 15.518379122536535 ], [ -90.86554308483737, 15.516762087579913 ], [ -90.865621573989941, 15.508900914371404 ], [ -90.866076034456697, 15.505821970953608 ], [ -90.8679878152805, 15.500794143701617 ], [ -90.867893658867487, 15.499981177805392 ], [ -90.868512387797594, 15.499106191661228 ], [ -90.86873468015834, 15.497022280702591 ], [ -90.869750296559985, 15.49441292153794 ], [ -90.871362631174634, 15.484139333486892 ], [ -90.874318033849065, 15.482597840575561 ], [ -90.880294859913477, 15.480567988960988 ], [ -90.885271272226959, 15.477322158997417 ], [ -90.890711168154439, 15.473548646404243 ], [ -90.895466001308321, 15.471856815088763 ], [ -90.898457652910849, 15.468537546231669 ], [ -90.900805352398848, 15.46664652600845 ], [ -90.904072725963502, 15.466869484081075 ], [ -90.905593163617667, 15.466401592909129 ], [ -90.909467137987988, 15.462115766700597 ], [ -90.911417695800182, 15.460907574151916 ], [ -90.913980825948968, 15.460975776744947 ], [ -90.916621166484887, 15.462465537731921 ], [ -90.919967650180695, 15.462053110097642 ], [ -90.921680861610028, 15.460116347541346 ], [ -90.923200168511727, 15.459286882956158 ], [ -90.92500968521459, 15.458959351884085 ], [ -90.929124262289065, 15.458769700123446 ], [ -90.933619397468689, 15.459428365599084 ], [ -90.939251997291294, 15.459477444239933 ], [ -90.943200799324515, 15.459744555689909 ], [ -90.945891061803891, 15.459443097006664 ], [ -90.957645623150484, 15.454061338338935 ], [ -90.965071085343737, 15.453566030596605 ], [ -90.970470513086866, 15.454772149196163 ], [ -90.973269297003895, 15.454801153735209 ], [ -90.97778980198872, 15.453281483546922 ], [ -90.979824904955635, 15.45183847021368 ], [ -90.983949878148209, 15.450084637039417 ], [ -90.986466854167901, 15.450107515525806 ], [ -90.990516266149086, 15.451111121197536 ], [ -90.99331503597304, 15.451139866844724 ], [ -90.996821306788277, 15.450196815671823 ], [ -91.000855685646556, 15.44724906008396 ], [ -91.003573000449151, 15.446233262373916 ], [ -91.006130154096226, 15.445645206537117 ], [ -91.008831870905865, 15.446564065069891 ], [ -91.010869369304629, 15.448078970079179 ], [ -91.012074523224456, 15.44937969229804 ], [ -91.013895544398892, 15.4524140974318 ], [ -91.014927264679343, 15.454688033343221 ], [ -91.015956736286256, 15.457139280752717 ], [ -91.017087939491944, 15.458570348164246 ], [ -91.01799735213676, 15.459199723496514 ], [ -91.018836920945716, 15.459642098205343 ], [ -91.039508825098565, 15.455173440716068 ], [ -91.043089017722082, 15.454228034918673 ], [ -91.046850764786214, 15.453417454124867 ], [ -91.05001925218923, 15.452468300658362 ], [ -91.060220357562727, 15.450190284110509 ], [ -91.064600385109827, 15.449256026237155 ], [ -91.070975209040185, 15.448965946419996 ], [ -91.073588576537148, 15.448588809789545 ], [ -91.076504572818493, 15.448418718001941 ], [ -91.083561240720854, 15.447308475365737 ], [ -91.092748607738855, 15.447013815833285 ], [ -91.095139061056571, 15.446620945957685 ], [ -91.108672212572444, 15.446772949427858 ], [ -91.113576673133025, 15.445843295855562 ], [ -91.119233459480398, 15.443684146517922 ], [ -91.121639310449424, 15.441445370360718 ], [ -91.125817182390804, 15.43452019803639 ], [ -91.127657427772533, 15.432415495570325 ], [ -91.128743857543952, 15.430151927451172 ], [ -91.130419362183147, 15.433497211037391 ], [ -91.130725319932893, 15.434183191295736 ], [ -91.131473090814112, 15.437941989160869 ], [ -91.131228435185974, 15.443284017282213 ], [ -91.129694329332366, 15.448384732862461 ], [ -91.128809269335818, 15.449934965485635 ], [ -91.126790590597139, 15.451724126473565 ], [ -91.12434861569281, 15.453114326571429 ], [ -91.121658240596631, 15.455442204415954 ], [ -91.11809559934288, 15.46001163198698 ], [ -91.114573938129979, 15.464217610558652 ], [ -91.112371035635277, 15.467284851085056 ], [ -91.109875926911855, 15.469750894498659 ], [ -91.107432422269909, 15.471594947476849 ], [ -91.104578778326996, 15.473066089671073 ], [ -91.099699130248737, 15.473436547772048 ], [ -91.094648945636791, 15.472777522861339 ], [ -91.086250288441121, 15.47001333214131 ], [ -91.078029512890183, 15.46970943325824 ], [ -91.073951384508646, 15.470007215707406 ], [ -91.070876966321222, 15.470712399239787 ], [ -91.068080049942211, 15.471258434822404 ], [ -91.064108257975164, 15.47233069907835 ], [ -91.061064880537472, 15.473324045703235 ], [ -91.058682328958028, 15.474769313697037 ], [ -91.056233108715148, 15.476552833083861 ], [ -91.055268855901531, 15.477470586474647 ], [ -91.054456014233736, 15.478512787636195 ], [ -91.052583777927794, 15.482980601500969 ], [ -91.050864464727624, 15.491566909808705 ], [ -91.050133715514875, 15.492789406520469 ], [ -91.049227809448311, 15.49418091319721 ], [ -91.048004209976753, 15.49553798410304 ], [ -91.045789299306136, 15.497080567172693 ], [ -91.03934557131673, 15.500509244492665 ], [ -91.034809356793616, 15.503177569292184 ], [ -91.027557721698088, 15.507310274849441 ], [ -91.025897547755577, 15.508493872086664 ], [ -91.024381430745507, 15.509839134815159 ], [ -91.020794439210476, 15.512977586870983 ], [ -91.020099775967509, 15.513748472026323 ], [ -91.019414117314057, 15.514918153032813 ], [ -91.019117692799284, 15.517537108470288 ], [ -91.019487496531752, 15.523342762533485 ], [ -91.021070707923599, 15.529755689846231 ], [ -91.023348001722056, 15.533641323456857 ], [ -91.027792893511645, 15.536681117929291 ], [ -91.032600768369278, 15.539299376316372 ], [ -91.037049732799531, 15.543105998290756 ], [ -91.037552552398239, 15.544697460028006 ], [ -91.037256325150324, 15.551121831174022 ], [ -91.035119654874876, 15.5584639034904 ], [ -91.031966525840559, 15.567540834377127 ], [ -91.031926990986065, 15.56998137832454 ], [ -91.032518131132832, 15.571414377923315 ], [ -91.033105647446902, 15.572187703796757 ], [ -91.034211453994075, 15.573111367503987 ], [ -91.038683184311921, 15.574774391401103 ], [ -91.043637398701463, 15.580258294837327 ], [ -91.044626818278047, 15.581668835467839 ], [ -91.047648964563649, 15.583844043844154 ], [ -91.056568812448333, 15.586235195494288 ], [ -91.059535837339666, 15.587414651678237 ], [ -91.064904557146235, 15.588616348599466 ], [ -91.072484013352195, 15.588891884700521 ], [ -91.07925493895236, 15.592090144650317 ], [ -91.08118778387545, 15.593657893125201 ], [ -91.083021445551211, 15.596999281455748 ], [ -91.084005844685706, 15.600935307354144 ], [ -91.083315453356605, 15.610454765184794 ], [ -91.081796805088587, 15.61345965649797 ], [ -91.07996776709598, 15.615558179889229 ], [ -91.077663330191356, 15.619324245069983 ], [ -91.075221517439047, 15.625122247617877 ], [ -91.07458930117231, 15.628165331529367 ], [ -91.074597313211839, 15.63061311868948 ], [ -91.075397277483319, 15.634755387527075 ], [ -91.077184510542608, 15.644584521615894 ], [ -91.077917182617512, 15.647078198382827 ], [ -91.078765112100484, 15.650151207867577 ], [ -91.080524033126196, 15.654731103783316 ], [ -91.081184183187972, 15.668247336940114 ], [ -91.08210034370677, 15.677071435762723 ], [ -91.082055737610773, 15.681409610447684 ], [ -91.081217904964888, 15.687595528307636 ], [ -91.080725832437039, 15.689843510866293 ], [ -91.080371350524373, 15.692961311803945 ], [ -91.079123372668974, 15.698976432593227 ], [ -91.077994608238924, 15.70202980933858 ], [ -91.076033380410735, 15.706310426106546 ], [ -91.075133834570622, 15.709344335815416 ], [ -91.07448919938804, 15.712113915513946 ], [ -91.074188478692506, 15.716069146306895 ], [ -91.074542754179603, 15.719441668009802 ], [ -91.076078612540925, 15.723779067377194 ], [ -91.077054005046094, 15.728258358204632 ], [ -91.076963180599776, 15.73785858628745 ], [ -91.077869795076978, 15.742650154359309 ], [ -91.078082967267846, 15.744476227351187 ], [ -91.080176884385878, 15.750885581956084 ], [ -91.081077906969739, 15.754979042964081 ], [ -91.08266284779063, 15.759589073056215 ], [ -91.083870228578107, 15.762862925767941 ], [ -91.085255452434055, 15.767263355353569 ], [ -91.087654755094718, 15.77299086225948 ], [ -91.089819081919842, 15.777602566509742 ], [ -91.091307526932695, 15.780280208870494 ], [ -91.095151391259222, 15.785434107506568 ], [ -91.094378014173429, 15.785368594922998 ], [ -91.093325221616041, 15.785182026464796 ], [ -91.090836352403571, 15.784693689759941 ], [ -91.070781277959028, 15.778322366224781 ], [ -91.062485510680901, 15.775972648638193 ], [ -91.055418341679314, 15.773426914135888 ], [ -91.035601899542129, 15.767671406811758 ], [ -91.027409350834958, 15.762888417293002 ], [ -91.022081376522877, 15.759764451821779 ], [ -91.01979772537338, 15.758437997304718 ], [ -91.017154690747944, 15.756770529357174 ], [ -91.012612300040104, 15.753912168461563 ], [ -91.009951875589749, 15.752486178414088 ], [ -91.007760816046797, 15.751489140572266 ], [ -91.00064703529462, 15.751019612283365 ], [ -90.997585779938248, 15.748201666897724 ], [ -90.986669921270718, 15.737755042709338 ], [ -90.969577608696625, 15.73918004345928 ] ] ] ] } },
{ "type": "Feature", "properties": { "codigo_departamento": 16, "departamento": "Alta Verapaz", "codigo_municipio_shape": 1612, "municipio": "Santa María Cahabón", "riesgos": 13.5, "pobreza": 18.8, "indice_san": 16.5, "politicas": 8.3, "ponderacion": 57.147, "ranking": 27, "riesgos_prom_depto": 12.95, "pobreza_prom_depto": 15.54, "indice_san_prom_depto": 15.04, "politicas_prom_depto": 12.5, "ponderacion_prom_depto": 56.02, "riesgos_prom_nacional": 13.19, "pobreza_prom_nacional": 9.78, "indice_san_prom_nacional": 7.92, "politicas_prom_nacional": 7.21, "ponderacion_prom_nacional": 38.07 }, "geometry": { "type": "MultiPolygon", "coordinates": [ [ [ [ -89.536294639919518, 15.636291858268855 ], [ -89.534157913206727, 15.634152641523521 ], [ -89.539284323218993, 15.621639389954028 ], [ -89.542140239246308, 15.615961602361629 ], [ -89.54220698114608, 15.614898647717135 ], [ -89.545237785639145, 15.609089270000547 ], [ -89.550256395420533, 15.596558007020784 ], [ -89.553397539186577, 15.590415034589398 ], [ -89.553461522703103, 15.589337349736835 ], [ -89.554463072314434, 15.587815138669566 ], [ -89.555539244977453, 15.584505678585433 ], [ -89.559606565973098, 15.576198231923932 ], [ -89.562296477180041, 15.569148664498902 ], [ -89.564130051008405, 15.565915265815599 ], [ -89.565031894036224, 15.562534151842657 ], [ -89.566168105558361, 15.560808587098499 ], [ -89.569725340469958, 15.552137386374762 ], [ -89.571632194626744, 15.548642105954071 ], [ -89.5722406160139, 15.546306854837681 ], [ -89.575395581498597, 15.539718923389193 ], [ -89.575473585765224, 15.538661735757241 ], [ -89.582156543379796, 15.524944132078687 ], [ -89.583027758909338, 15.521795946133008 ], [ -89.596835005417546, 15.522583764259071 ], [ -89.605970351320408, 15.523298885417953 ], [ -89.623145295759358, 15.524716886663381 ], [ -89.628662357786268, 15.525552822576779 ], [ -89.631419670365801, 15.525223709118624 ], [ -89.638087064960374, 15.525895308344456 ], [ -89.7121517447748, 15.516823964335233 ], [ -89.718005431031557, 15.516430369868191 ], [ -89.743798318871384, 15.512952945871001 ], [ -89.784472099218874, 15.508246163242138 ], [ -89.785402417248562, 15.507773298755586 ], [ -89.800540149980861, 15.506172790200855 ], [ -89.80147260424873, 15.505710039167079 ], [ -89.808467376774786, 15.505360945923323 ], [ -89.809862578797521, 15.504664451789957 ], [ -89.816289186988527, 15.504326081610934 ], [ -89.825138577421839, 15.503262811926126 ], [ -89.825802270957496, 15.502827681551363 ], [ -89.831395883025351, 15.502616825623949 ], [ -89.832333514207235, 15.502154000698818 ], [ -89.841230449700078, 15.501404491852421 ], [ -89.842161746657425, 15.50093588736374 ], [ -89.880869742595024, 15.496520951973697 ], [ -89.907159888466296, 15.493611732763092 ], [ -89.911611110638688, 15.49351823134471 ], [ -89.912515696404228, 15.49464150181312 ], [ -89.913862483257546, 15.494793502464233 ], [ -89.91759567287535, 15.495399800738378 ], [ -89.923496373645804, 15.4976085078882 ], [ -89.924666330766314, 15.498581933485712 ], [ -89.926462671206792, 15.50064762488806 ], [ -89.926507698674129, 15.502796167856422 ], [ -89.927443639143917, 15.503814863851407 ], [ -89.927052620324844, 15.506718085866158 ], [ -89.928476251000134, 15.508016713163192 ], [ -89.928456413021934, 15.509357335386843 ], [ -89.927794404541615, 15.510395556731218 ], [ -89.927614281462553, 15.511986777703049 ], [ -89.925743322092956, 15.513144732884021 ], [ -89.927601648862591, 15.516220356108134 ], [ -89.927430292902159, 15.519458468995518 ], [ -89.926509842599771, 15.521004383464458 ], [ -89.924686527230676, 15.522672022 ], [ -89.924507042076939, 15.523470894465957 ], [ -89.927228477434696, 15.52561497261739 ], [ -89.927916628897137, 15.526116670809365 ], [ -89.92844786952864, 15.529862326352665 ], [ -89.927148713102667, 15.53551029360109 ], [ -89.9297400672435, 15.536034001764818 ], [ -89.929948740488285, 15.538961371440218 ], [ -89.931261021597834, 15.540167041522945 ], [ -89.931001146482828, 15.54340505365106 ], [ -89.930100914619459, 15.544443334122596 ], [ -89.928076335508962, 15.545261639629882 ], [ -89.926408852375104, 15.546689887104446 ], [ -89.923544860496136, 15.547582210492614 ], [ -89.919592651144484, 15.547077760282688 ], [ -89.917616463839295, 15.549295081340782 ], [ -89.91787559398891, 15.553277336610025 ], [ -89.919962640842883, 15.556052642230775 ], [ -89.922787272280587, 15.558676844059049 ], [ -89.922970352928843, 15.559636534244596 ], [ -89.923540714674658, 15.560509087348134 ], [ -89.923612677408371, 15.563733639769969 ], [ -89.922879910554698, 15.565676034447216 ], [ -89.921009387854582, 15.567157801769344 ], [ -89.918670325503356, 15.567691659632484 ], [ -89.913433158000629, 15.57036546993954 ], [ -89.911748491066518, 15.57027297844833 ], [ -89.908387608446617, 15.567888277384137 ], [ -89.906159614950496, 15.567729420372723 ], [ -89.906216296461125, 15.56888259710272 ], [ -89.907593145940112, 15.570908742541695 ], [ -89.909092839304876, 15.58169290386998 ], [ -89.910437901525071, 15.583631695233851 ], [ -89.910448001446696, 15.584435458053697 ], [ -89.913203981923076, 15.590183049959656 ], [ -89.915388001754252, 15.593535437280567 ], [ -89.916368778647197, 15.596519901705706 ], [ -89.91850718246728, 15.599853575173322 ], [ -89.918535908930565, 15.600931873245553 ], [ -89.919709481977023, 15.602045422104128 ], [ -89.92282989312038, 15.608842119638375 ], [ -89.927875999253487, 15.618273058571303 ], [ -89.929763200658229, 15.622895522194884 ], [ -89.931133732760301, 15.624598715639376 ], [ -89.933599387670711, 15.630430197530368 ], [ -89.938168506302972, 15.638745993194521 ], [ -89.93834917026274, 15.63979482462029 ], [ -89.93985494967184, 15.641970552412783 ], [ -89.940827372122627, 15.644765256492972 ], [ -89.942117521803866, 15.646522603523202 ], [ -89.942663836598228, 15.648599144216089 ], [ -89.94638903178766, 15.655112966638743 ], [ -89.94653209805854, 15.656186106750564 ], [ -89.949171923509397, 15.660454443808835 ], [ -89.94977634453744, 15.661879399777135 ], [ -89.949777907026913, 15.663500247584572 ], [ -89.945483200671205, 15.66659958930064 ], [ -89.944265533223899, 15.666852345161793 ], [ -89.942620048695417, 15.668101403628567 ], [ -89.93853971678304, 15.669897664172669 ], [ -89.936633849574562, 15.671455672931961 ], [ -89.934872099594344, 15.712583183387727 ], [ -89.934175786074476, 15.719046449453964 ], [ -89.888693616268284, 15.720640560190375 ], [ -89.882010680345999, 15.720319393417361 ], [ -89.879683924295122, 15.720879782002608 ], [ -89.873647411291202, 15.720580023584947 ], [ -89.87160428350407, 15.721108272041766 ], [ -89.849784981979099, 15.721575197099039 ], [ -89.823575297283952, 15.722585446821229 ], [ -89.817804915908965, 15.722312843887744 ], [ -89.812829058032619, 15.72283606611794 ], [ -89.776558719126783, 15.723628968213825 ], [ -89.733441420882272, 15.725289441461419 ], [ -89.710890290317181, 15.725549620097224 ], [ -89.714515962670049, 15.719134684039682 ], [ -89.715560195684446, 15.71798807192009 ], [ -89.716188996164121, 15.713433936163478 ], [ -89.717600243562373, 15.709702947811881 ], [ -89.719776590742356, 15.701330669014778 ], [ -89.721316827362017, 15.685444299300114 ], [ -89.721296625124921, 15.679493442779133 ], [ -89.72240164980056, 15.671751605263488 ], [ -89.723063386581373, 15.65524483052503 ], [ -89.724448385939539, 15.641783370680525 ], [ -89.72434486839974, 15.636911214050913 ], [ -89.723440409718947, 15.631581328351878 ], [ -89.726280113476989, 15.627705595467692 ], [ -89.729152602330757, 15.622198475257042 ], [ -89.729374372947674, 15.618132389069501 ], [ -89.728727565778811, 15.616734679477453 ], [ -89.726580383646592, 15.614234613917136 ], [ -89.724579816684368, 15.614052408552208 ], [ -89.722946782848993, 15.615325801325723 ], [ -89.718320320195971, 15.616899739139168 ], [ -89.715950051440316, 15.618944082909863 ], [ -89.714246985661418, 15.619674667206159 ], [ -89.711459701269291, 15.619680293619858 ], [ -89.710449974369695, 15.620745114396769 ], [ -89.709856338141051, 15.621093942158467 ], [ -89.708830960428344, 15.621716152326712 ], [ -89.708034846741327, 15.622419662278469 ], [ -89.707565732574764, 15.622882069879616 ], [ -89.706754234634602, 15.623127180926286 ], [ -89.70618882673719, 15.623129972409815 ], [ -89.705437643223163, 15.62320784027399 ], [ -89.705037433435095, 15.623693844999675 ], [ -89.704970850173666, 15.624252573126318 ], [ -89.704543652220664, 15.625005621589601 ], [ -89.70382626653614, 15.625117842391182 ], [ -89.702834870956238, 15.625070210569559 ], [ -89.700926902429956, 15.626046987003612 ], [ -89.700405686203993, 15.626162149556302 ], [ -89.699674542313474, 15.626442291401949 ], [ -89.699098507171897, 15.627071208979862 ], [ -89.699018710542774, 15.627762891583835 ], [ -89.699008851538409, 15.62837776361353 ], [ -89.698374291039457, 15.629061091466808 ], [ -89.697829639414906, 15.629221030446359 ], [ -89.697244505436061, 15.629726800629042 ], [ -89.697175760053966, 15.630418647664117 ], [ -89.696980455030925, 15.631087149129002 ], [ -89.696639105297095, 15.631495025342844 ], [ -89.69621955637362, 15.631768564012571 ], [ -89.695865114110418, 15.632266520154946 ], [ -89.695592166103609, 15.632765704086898 ], [ -89.69492718489812, 15.633202553300494 ], [ -89.694220145686018, 15.633393885839812 ], [ -89.693584371813174, 15.633462158279357 ], [ -89.692662601204319, 15.633391827579901 ], [ -89.692090733445099, 15.63307060983313 ], [ -89.691366177575858, 15.632902816699215 ], [ -89.690639319443321, 15.632914411120129 ], [ -89.690069209003127, 15.633208233319737 ], [ -89.689614743081393, 15.633480099511591 ], [ -89.688693599380301, 15.634058627901975 ], [ -89.68803096554953, 15.634384899451556 ], [ -89.687265398948568, 15.63463061734139 ], [ -89.686201305163877, 15.634792825388043 ], [ -89.685600400523128, 15.634828877069635 ], [ -89.684985202988187, 15.635065577365516 ], [ -89.684942532487042, 15.63554565762756 ], [ -89.685025731066219, 15.636128072869029 ], [ -89.685638164083841, 15.636786203653434 ], [ -89.686138407873898, 15.637251925129863 ], [ -89.686651914515465, 15.637617415417443 ], [ -89.687151256853284, 15.638139543803623 ], [ -89.686966659381127, 15.638863485054516 ], [ -89.686358730246425, 15.639335015238885 ], [ -89.685790234632293, 15.639527282772297 ], [ -89.684889696366824, 15.639547511726144 ], [ -89.684293689079738, 15.639315057706915 ], [ -89.683660772744119, 15.639205045028797 ], [ -89.682778303381099, 15.639549406380691 ], [ -89.682038854640894, 15.639582220044447 ], [ -89.681629194302715, 15.639240863081111 ], [ -89.680852222897329, 15.638748369548511 ], [ -89.68011551197813, 15.63864806008664 ], [ -89.679054275757835, 15.638631976946861 ], [ -89.677623019978469, 15.638632846168283 ], [ -89.676806651997055, 15.638453455982996 ], [ -89.675952281852759, 15.63777922125383 ], [ -89.675508967165911, 15.637359480367401 ], [ -89.67522380875198, 15.636449006420092 ], [ -89.675095380353838, 15.635820767456 ], [ -89.674984189755946, 15.634846354272065 ], [ -89.674544856984426, 15.634180672303211 ], [ -89.674077608850652, 15.633837301149507 ], [ -89.673321612534096, 15.633490676674073 ], [ -89.672910318523506, 15.633215862044571 ], [ -89.672349770986159, 15.632917340453856 ], [ -89.671812344772377, 15.632629323851436 ], [ -89.671087491452909, 15.632517883398304 ], [ -89.67050773189554, 15.632687372841596 ], [ -89.669856143055398, 15.633013750203094 ], [ -89.66936983294886, 15.633129362653433 ], [ -89.668874567658818, 15.633042843890799 ], [ -89.668268955112396, 15.632687204394857 ], [ -89.66753337383274, 15.632519168180712 ], [ -89.666756527373536, 15.632742071455569 ], [ -89.666181683514978, 15.633326888277077 ], [ -89.665943015262826, 15.633826543377914 ], [ -89.665727594739792, 15.634292698577781 ], [ -89.665088552900016, 15.634562829238583 ], [ -89.664281340405637, 15.634539258553216 ], [ -89.663585931354234, 15.634730662834391 ], [ -89.662824157440909, 15.634741633889371 ], [ -89.662019487525015, 15.634561241327441 ], [ -89.661213875451921, 15.634403399556149 ], [ -89.660366699906149, 15.634725637108566 ], [ -89.659853273595715, 15.635076656242141 ], [ -89.659349508163373, 15.635549689768089 ], [ -89.658592821617233, 15.635928591462523 ], [ -89.657865790176174, 15.635951356819355 ], [ -89.657060393187109, 15.635816072758574 ], [ -89.65648824813843, 15.636232764521662 ], [ -89.656056977137681, 15.636472180426814 ], [ -89.655386493193987, 15.636562377911147 ], [ -89.654675253887632, 15.636294238708849 ], [ -89.654218400107808, 15.636029981839817 ], [ -89.653494423387158, 15.635829348024263 ], [ -89.652884303750895, 15.635752323950912 ], [ -89.652272535432047, 15.635776831233684 ], [ -89.651544209156711, 15.635843565643537 ], [ -89.650590986578365, 15.636276983861171 ], [ -89.649910309437161, 15.63699328480989 ], [ -89.649041610651125, 15.637884999776912 ], [ -89.648583436638475, 15.638381269910106 ], [ -89.64779131106684, 15.638861144217513 ], [ -89.647003340843796, 15.639049946071205 ], [ -89.644831812301163, 15.639173553257837 ], [ -89.644165775288869, 15.638990701688705 ], [ -89.643567433348011, 15.638869823651738 ], [ -89.642854436628653, 15.638746057076709 ], [ -89.642232659744892, 15.638669951505751 ], [ -89.641712676879024, 15.638707118964474 ], [ -89.640890546806403, 15.638884089266833 ], [ -89.640081883137697, 15.638949550924647 ], [ -89.639482811386827, 15.638873785788673 ], [ -89.638574179598933, 15.638714280251603 ], [ -89.637684954914732, 15.638757054941143 ], [ -89.63726964688307, 15.639443529402302 ], [ -89.636824545508205, 15.639850825547626 ], [ -89.636172917407478, 15.640175957568408 ], [ -89.635899613705135, 15.64065246576293 ], [ -89.636007040706787, 15.641168672681196 ], [ -89.63599899592775, 15.641660536590976 ], [ -89.635872913544304, 15.642284871180404 ], [ -89.635566366141433, 15.642693160863086 ], [ -89.634687679978896, 15.642802660945589 ], [ -89.633634086901267, 15.643032462826561 ], [ -89.632972798589165, 15.643235568236369 ], [ -89.632291022835403, 15.643302947943704 ], [ -89.631552245129214, 15.642620182179499 ], [ -89.631158862132324, 15.641966426872068 ], [ -89.630597837929955, 15.641700521670284 ], [ -89.629996614591093, 15.641791701259548 ], [ -89.629570538455823, 15.642422695591616 ], [ -89.628916323972689, 15.642904612391934 ], [ -89.62792531969383, 15.642832938761568 ], [ -89.62721585986607, 15.643168434099595 ], [ -89.626709809037237, 15.643775621987198 ], [ -89.626052458993811, 15.644448181256291 ], [ -89.625173580469678, 15.644568920078136 ], [ -89.624337517856205, 15.644209615168885 ], [ -89.623997047552322, 15.643845537091702 ], [ -89.623057700853806, 15.643429344981204 ], [ -89.622518325152186, 15.643264179255819 ], [ -89.621909634476523, 15.643065221671657 ], [ -89.620358001399396, 15.642705023488253 ], [ -89.619781312605596, 15.642684839908835 ], [ -89.619017517140762, 15.642818615288412 ], [ -89.618483169213462, 15.643056357590021 ], [ -89.617859171432144, 15.643080574762852 ], [ -89.617137111496888, 15.64280086616967 ], [ -89.616692464687858, 15.642470147454038 ], [ -89.61603189917038, 15.641956679807292 ], [ -89.615200320053347, 15.641999122129777 ], [ -89.614585757729614, 15.64215775722815 ], [ -89.61403143144895, 15.642194322916042 ], [ -89.613091049403877, 15.642514916472543 ], [ -89.612231064401357, 15.643574715707807 ], [ -89.611726074429257, 15.644115301693899 ], [ -89.611236235994923, 15.644442854699991 ], [ -89.610438437689311, 15.644519650963723 ], [ -89.60976107291016, 15.644319598061189 ], [ -89.609265299443365, 15.644300638528355 ], [ -89.607858343822286, 15.64494911283788 ], [ -89.606899280747413, 15.645024527806843 ], [ -89.606393356130539, 15.644915134781519 ], [ -89.605729110787294, 15.644626129093979 ], [ -89.605102190799244, 15.644157161659463 ], [ -89.604315112795547, 15.643620260445484 ], [ -89.603439392418423, 15.643550263681218 ], [ -89.602952280310191, 15.643676986272771 ], [ -89.602348650306013, 15.643913610582983 ], [ -89.601638043449782, 15.644316698890202 ], [ -89.601102724115108, 15.644576948126009 ], [ -89.59989839526294, 15.644836962312928 ], [ -89.599343691261936, 15.644896051966672 ], [ -89.598537596024272, 15.645509783647816 ], [ -89.598207509133132, 15.645928925150063 ], [ -89.597821266170925, 15.646258052466923 ], [ -89.597310696771089, 15.646429531713988 ], [ -89.596410569092996, 15.646426825356601 ], [ -89.595869372262854, 15.646373277620535 ], [ -89.595170217918167, 15.646083701346292 ], [ -89.594180696369833, 15.645888902561907 ], [ -89.593278558749532, 15.646042997337808 ], [ -89.592403028298435, 15.645961673531227 ], [ -89.591315994578082, 15.645397498642962 ], [ -89.590619097354377, 15.644972538847282 ], [ -89.589952863759578, 15.64480532161936 ], [ -89.589283260605427, 15.644806178823936 ], [ -89.588737806593713, 15.645009817128997 ], [ -89.587966817240684, 15.644874813132603 ], [ -89.587412158105337, 15.644229772835223 ], [ -89.58704167038691, 15.64360904278913 ], [ -89.586263317886676, 15.643216653184131 ], [ -89.585744670943342, 15.643208568863763 ], [ -89.583215783549747, 15.643325973795248 ], [ -89.582401616440933, 15.643022155397237 ], [ -89.581864865080234, 15.642667372334817 ], [ -89.581296940217342, 15.642121410297278 ], [ -89.580380525923957, 15.641034036850639 ], [ -89.579986991244255, 15.640435506114583 ], [ -89.57939280979501, 15.64006854039966 ], [ -89.578427925676209, 15.639796205193866 ], [ -89.576348756870729, 15.639237909101483 ], [ -89.575544421649269, 15.639779358424027 ], [ -89.574238096518769, 15.639103362529744 ], [ -89.572914430104319, 15.637127227239441 ], [ -89.569913173306716, 15.635865031276406 ], [ -89.563812244414365, 15.635581007085021 ], [ -89.561038825481333, 15.635915489692922 ], [ -89.557733263478028, 15.635484464388073 ], [ -89.555395417410267, 15.636023173972715 ], [ -89.551724238713035, 15.634967985928391 ], [ -89.550276779008655, 15.635703439183068 ], [ -89.547777049447475, 15.63548015177 ], [ -89.547067939380469, 15.635791679155274 ], [ -89.536294639919518, 15.636291858268855 ] ] ] ] } },
{ "type": "Feature", "properties": { "codigo_departamento": 12, "departamento": "San Marcos", "codigo_municipio_shape": 1206, "municipio": "Concepción Tutuapa", "riesgos": 14.8, "pobreza": 16.4, "indice_san": 17.5, "politicas": 8.3, "ponderacion": 56.971, "ranking": 28, "riesgos_prom_depto": 13.62, "pobreza_prom_depto": 10.37, "indice_san_prom_depto": 8.35, "politicas_prom_depto": 2.38, "ponderacion_prom_depto": 34.67, "riesgos_prom_nacional": 13.19, "pobreza_prom_nacional": 9.78, "indice_san_prom_nacional": 7.92, "politicas_prom_nacional": 7.21, "ponderacion_prom_nacional": 38.07 }, "geometry": { "type": "MultiPolygon", "coordinates": [ [ [ [ -91.749509519468347, 15.344032591523355 ], [ -91.750135035615671, 15.34261921818141 ], [ -91.753018811956792, 15.339139481347717 ], [ -91.758560805553003, 15.335921948592899 ], [ -91.760840881150855, 15.334479318145998 ], [ -91.761405433093444, 15.332822639420854 ], [ -91.760951370288595, 15.329955845528392 ], [ -91.759099254792204, 15.328532065545835 ], [ -91.755360568843031, 15.327388148740239 ], [ -91.753338407047664, 15.325887674564591 ], [ -91.75309077788539, 15.323273988916354 ], [ -91.754820025062571, 15.321542474264231 ], [ -91.757068213720402, 15.32074373082761 ], [ -91.757375012780187, 15.320049426470471 ], [ -91.759666370932152, 15.318638493230313 ], [ -91.76478881862279, 15.31637544518664 ], [ -91.767488988864557, 15.314123784122089 ], [ -91.768564051026374, 15.312046182807915 ], [ -91.768597800670904, 15.310157182259777 ], [ -91.769199822947385, 15.308737957569548 ], [ -91.769440981683331, 15.303128215383721 ], [ -91.771423201301005, 15.300284990769216 ], [ -91.773015091854347, 15.300092606788077 ], [ -91.776166938092345, 15.302799037251921 ], [ -91.777546011502011, 15.303574911954721 ], [ -91.780729969032237, 15.303970810838408 ], [ -91.782093950344731, 15.303032516345146 ], [ -91.782408904810495, 15.3010083157669 ], [ -91.779798034482837, 15.294025983390988 ], [ -91.779208234903237, 15.290741530108157 ], [ -91.778599463748662, 15.289629774798676 ], [ -91.778200775151589, 15.285711357998673 ], [ -91.778440637977212, 15.283890134779554 ], [ -91.779166229386135, 15.28251335105916 ], [ -91.781522728042049, 15.279904811410811 ], [ -91.782732066041547, 15.2793114087823 ], [ -91.783983914539277, 15.278914833818277 ], [ -91.786903940553756, 15.27626183084921 ], [ -91.78921028297556, 15.270801037929953 ], [ -91.78981515924211, 15.268329805947687 ], [ -91.791612677337881, 15.265822070587534 ], [ -91.792112276842531, 15.264960382844464 ], [ -91.792866615387737, 15.2609690852913 ], [ -91.794344378771868, 15.258999693848297 ], [ -91.795313048165582, 15.258639939030367 ], [ -91.798700546829963, 15.2542424153197 ], [ -91.802452531518369, 15.251735991960343 ], [ -91.803944763078121, 15.251296506290519 ], [ -91.806658966896066, 15.251075939175895 ], [ -91.809480699959124, 15.251704476693588 ], [ -91.812364035915479, 15.251625978616527 ], [ -91.813761610099803, 15.250940733702087 ], [ -91.817364350141077, 15.251772169385445 ], [ -91.819781675244386, 15.25156908475615 ], [ -91.826453630163201, 15.250087733108595 ], [ -91.826554594074238, 15.249615952264392 ], [ -91.828004574971473, 15.249020154360434 ], [ -91.828599671823952, 15.248639087045191 ], [ -91.830358720820712, 15.247923984067116 ], [ -91.831676894843696, 15.246639346796517 ], [ -91.832992055909685, 15.245265421427147 ], [ -91.833472837300874, 15.243767378291803 ], [ -91.834076518305523, 15.241295977859199 ], [ -91.833756395387525, 15.237191552394631 ], [ -91.835686735460314, 15.23609989085611 ], [ -91.837175610348822, 15.235817215659496 ], [ -91.841142775866373, 15.233725888293932 ], [ -91.842813722818875, 15.232917564735017 ], [ -91.847302201214006, 15.228572330600128 ], [ -91.848098754035476, 15.22761597602857 ], [ -91.849494915498127, 15.22607060236516 ], [ -91.849646694599713, 15.225336922831312 ], [ -91.851745372945174, 15.223534114404522 ], [ -91.8531671809382, 15.22293799000261 ], [ -91.854356221224634, 15.222559876361515 ], [ -91.856105606649706, 15.221424165164184 ], [ -91.856933029538567, 15.221420465620053 ], [ -91.857729512114872, 15.220464069022404 ], [ -91.858567145948783, 15.219751944110733 ], [ -91.860504095283986, 15.219326748691824 ], [ -91.862530589334696, 15.218369785332774 ], [ -91.868798292099598, 15.218368650941345 ], [ -91.873779326612919, 15.219172193712824 ], [ -91.874445735077899, 15.219685135115604 ], [ -91.875813876202741, 15.219647916196251 ], [ -91.876960077519044, 15.220426527448465 ], [ -91.877537715471234, 15.221333367059428 ], [ -91.877202941113111, 15.221810792621584 ], [ -91.877077395106582, 15.224858750646529 ], [ -91.877672584202188, 15.226518219349193 ], [ -91.878758554911229, 15.226811778365649 ], [ -91.881921268385923, 15.227211723495859 ], [ -91.890334417947329, 15.22581275450043 ], [ -91.895380912876945, 15.225165304364943 ], [ -91.896097264712225, 15.224371081244204 ], [ -91.896582327665627, 15.222290967414398 ], [ -91.898188083498724, 15.220202789842711 ], [ -91.902074838489099, 15.219320109675824 ], [ -91.903537928816718, 15.219825561733902 ], [ -91.906665774195204, 15.222916529803744 ], [ -91.90836556466418, 15.223791469409161 ], [ -91.909961650172377, 15.224016167551083 ], [ -91.912697385817623, 15.223041843059098 ], [ -91.915548647201334, 15.221774252650423 ], [ -91.916681305984753, 15.222731139610268 ], [ -91.917355876955341, 15.224403334561867 ], [ -91.919221547869697, 15.226763755747303 ], [ -91.920216911552586, 15.229891742143243 ], [ -91.920942359902114, 15.230724617633371 ], [ -91.924446167146456, 15.238583327568394 ], [ -91.924467756530348, 15.241548439364335 ], [ -91.923821430766623, 15.244827864650789 ], [ -91.924050079237958, 15.250442581611878 ], [ -91.925381756664962, 15.251323549690255 ], [ -91.928080649341339, 15.251248325596192 ], [ -91.928994408401735, 15.250770198113866 ], [ -91.93406302398661, 15.250228229394658 ], [ -91.936528523350958, 15.249462518558589 ], [ -91.940637185783018, 15.249674050700081 ], [ -91.9425432915762, 15.25044463620049 ], [ -91.945562571182933, 15.252756063116651 ], [ -91.954286799906214, 15.257799257126106 ], [ -91.956810520078108, 15.260690163479717 ], [ -91.95890647412088, 15.268318132683714 ], [ -91.959682195146357, 15.282625957011893 ], [ -91.961083692720678, 15.284293512140612 ], [ -91.96891356492192, 15.286286809135115 ], [ -91.973465246577021, 15.289752998780683 ], [ -91.976734759658058, 15.293340929368956 ], [ -91.978926959301603, 15.29668435005558 ], [ -91.977421348, 15.298793902862846 ], [ -91.976913277769953, 15.298894408064774 ], [ -91.971612045106255, 15.304765130185002 ], [ -91.963141871623804, 15.312913725816122 ], [ -91.956342219245087, 15.320979369126778 ], [ -91.953759845405827, 15.321557127534293 ], [ -91.94553786261568, 15.321498131085063 ], [ -91.937123001263416, 15.322057129956033 ], [ -91.933047130085072, 15.325206084706929 ], [ -91.924104376264111, 15.332652481690026 ], [ -91.911591839626965, 15.341617817238999 ], [ -91.910995026083981, 15.342191177747948 ], [ -91.905883873337984, 15.345213623784444 ], [ -91.905403618398992, 15.345871152616425 ], [ -91.904372586283174, 15.346083038051162 ], [ -91.898882747255485, 15.350005141409058 ], [ -91.894239535803351, 15.353324521604314 ], [ -91.889390131377368, 15.356081187849732 ], [ -91.887164487701909, 15.35801244558956 ], [ -91.882784246526214, 15.360756608644532 ], [ -91.881205026468919, 15.362207426652283 ], [ -91.877946975988735, 15.360750387151558 ], [ -91.876122440679922, 15.35918641264335 ], [ -91.871535799048431, 15.356973438389726 ], [ -91.868971256254781, 15.35542374118949 ], [ -91.866813782436324, 15.353863656520579 ], [ -91.858509092521984, 15.349657525091351 ], [ -91.856305678775001, 15.348006716418217 ], [ -91.850423666219669, 15.34534376085985 ], [ -91.848056317913063, 15.343986943461479 ], [ -91.84726829481437, 15.343407743416861 ], [ -91.839939986220259, 15.339657974856031 ], [ -91.836214247170616, 15.338357249712988 ], [ -91.826430483343088, 15.333301624233405 ], [ -91.822166400421239, 15.330452122308737 ], [ -91.820366745042818, 15.330907016627107 ], [ -91.819610751478749, 15.330660089569196 ], [ -91.815300415552969, 15.331088094005761 ], [ -91.796427293123472, 15.330745354205765 ], [ -91.791524669526638, 15.332934611652105 ], [ -91.7828535628407, 15.337046663519464 ], [ -91.781412504145251, 15.338086214714204 ], [ -91.773957160360141, 15.341003449408674 ], [ -91.772599873999056, 15.341941708800453 ], [ -91.761973195620811, 15.345937046829945 ], [ -91.759260464864056, 15.346092589014626 ], [ -91.749509519468347, 15.344032591523355 ] ] ] ] } },
{ "type": "Feature", "properties": { "codigo_departamento": 13, "departamento": "Huehuetenango", "codigo_municipio_shape": 1318, "municipio": "San Mateo Ixtatán", "riesgos": 13.0, "pobreza": 17.6, "indice_san": 17.8, "politicas": 8.3, "ponderacion": 56.808, "ranking": 29, "riesgos_prom_depto": 13.2, "pobreza_prom_depto": 12.49, "indice_san_prom_depto": 13.11, "politicas_prom_depto": 11.36, "ponderacion_prom_depto": 50.13, "riesgos_prom_nacional": 13.19, "pobreza_prom_nacional": 9.78, "indice_san_prom_nacional": 7.92, "politicas_prom_nacional": 7.21, "ponderacion_prom_nacional": 38.07 }, "geometry": { "type": "MultiPolygon", "coordinates": [ [ [ [ -91.347849778056087, 15.838078588416591 ], [ -91.351145403490492, 15.837129903908473 ], [ -91.356424201587146, 15.833950423585936 ], [ -91.367932717942111, 15.826165755627155 ], [ -91.372455023453469, 15.822890896606655 ], [ -91.38312141627739, 15.815498902545839 ], [ -91.386340079150344, 15.813157286729901 ], [ -91.390491128154167, 15.810279150011903 ], [ -91.396371698616406, 15.80623655961654 ], [ -91.403419157277085, 15.802300652050056 ], [ -91.414778591934891, 15.796808759755381 ], [ -91.419523779061976, 15.793127722698744 ], [ -91.421766467276043, 15.791669752882667 ], [ -91.4250701400899, 15.790680366744095 ], [ -91.428301714654751, 15.789883584100572 ], [ -91.431155509475332, 15.789659050351077 ], [ -91.433744795795931, 15.789542152518395 ], [ -91.437023448469901, 15.790056043544464 ], [ -91.4405224675141, 15.790744313165007 ], [ -91.442743634868023, 15.791547647790363 ], [ -91.444138526977682, 15.792305507178863 ], [ -91.445675544216527, 15.793475591601858 ], [ -91.446512364300034, 15.794360495033208 ], [ -91.447020897901439, 15.794995639767315 ], [ -91.449857861798478, 15.797223361430104 ], [ -91.454066559805611, 15.799590732318118 ], [ -91.461175635528562, 15.804639088586546 ], [ -91.461768359671353, 15.805028522580155 ], [ -91.465916087509939, 15.807940911671871 ], [ -91.481899885858212, 15.821125341298711 ], [ -91.484684591001638, 15.823812097049778 ], [ -91.487229047564824, 15.82539114079686 ], [ -91.494434771140149, 15.831887529322666 ], [ -91.496789963341229, 15.834781302846828 ], [ -91.497465965102265, 15.835372321280216 ], [ -91.498893728334238, 15.836411398685774 ], [ -91.500062660745542, 15.837180929287666 ], [ -91.507470942805597, 15.84290673291474 ], [ -91.516507209505875, 15.851423763094678 ], [ -91.521137821784521, 15.853819977273503 ], [ -91.525107508473937, 15.856917689151265 ], [ -91.529102241656133, 15.862373292176802 ], [ -91.53577137973825, 15.868948447781165 ], [ -91.535938172617691, 15.869692950822333 ], [ -91.536456195141227, 15.869724696348102 ], [ -91.544782259023108, 15.877020293559388 ], [ -91.54813000551016, 15.881259027284568 ], [ -91.550904650103348, 15.886569403868563 ], [ -91.551667561220583, 15.89194762533387 ], [ -91.552009592660042, 15.902636254420225 ], [ -91.551698572548261, 15.91313747776992 ], [ -91.550676029702657, 15.918973688175198 ], [ -91.547594078672503, 15.930053884064261 ], [ -91.546951711814032, 15.937948756008552 ], [ -91.546348541201283, 15.939095901674165 ], [ -91.546342233601294, 15.941268363233236 ], [ -91.54551641494831, 15.944466752164232 ], [ -91.545229499122513, 15.957128130700895 ], [ -91.545568386558486, 15.964295261286766 ], [ -91.546182130751248, 15.966793881317974 ], [ -91.552077563698717, 15.973322880331441 ], [ -91.553445035086483, 15.97609656804825 ], [ -91.554209604291245, 15.979076330607244 ], [ -91.553948400030862, 15.983328067737297 ], [ -91.551775408240317, 15.987643757737192 ], [ -91.550319308061262, 15.988898127782967 ], [ -91.540770916099746, 15.993000011236264 ], [ -91.534786307577804, 15.995087722202399 ], [ -91.530229437721971, 15.997734077680414 ], [ -91.526563943189004, 16.001850574917324 ], [ -91.523950468672084, 16.003531750535398 ], [ -91.522474011832941, 16.004180233266723 ], [ -91.51998030876284, 16.006321977476635 ], [ -91.516788167067247, 16.011139711342462 ], [ -91.515149119077279, 16.012836529502351 ], [ -91.514365605644727, 16.01524985161122 ], [ -91.51263154286633, 16.01793901707433 ], [ -91.510832385150593, 16.02325544677084 ], [ -91.507035520609577, 16.041292169293929 ], [ -91.504718328657148, 16.046620718427413 ], [ -91.502369631533597, 16.049269320316963 ], [ -91.500023704703239, 16.051383555561927 ], [ -91.500026096789981, 16.053794384679186 ], [ -91.497485988797322, 16.055151446554504 ], [ -91.492970896722241, 16.059760585167982 ], [ -91.490331726752842, 16.063238449620741 ], [ -91.489751463673244, 16.064733482062845 ], [ -91.487350843653161, 16.067781432629548 ], [ -91.486042550326331, 16.070215740716218 ], [ -91.484449418304195, 16.071687771648424 ], [ -91.483404009420966, 16.073806473889373 ], [ -91.329227314039443, 16.074134596523358 ], [ -91.329339425987243, 16.071972223326274 ], [ -91.330150360866909, 16.070347359506822 ], [ -91.332511394809757, 16.067346252774641 ], [ -91.336946184307294, 16.064046061741355 ], [ -91.340454332698641, 16.060543158611662 ], [ -91.348608417268366, 16.053924347944871 ], [ -91.349997700137351, 16.052047417066259 ], [ -91.351233084747733, 16.049136790399999 ], [ -91.352795795717157, 16.046903069879495 ], [ -91.354520887093798, 16.0454466482024 ], [ -91.357913395593087, 16.04421762805902 ], [ -91.368258287147839, 16.04354880877905 ], [ -91.375221971394652, 16.044167672537789 ], [ -91.383515397321659, 16.042940311124084 ], [ -91.391330485605579, 16.043519885596908 ], [ -91.394900940195043, 16.043238253693996 ], [ -91.398187426654857, 16.041360476385641 ], [ -91.405822570230825, 16.035558904794065 ], [ -91.4099599168498, 16.03086870538321 ], [ -91.41188730558865, 16.02939294023442 ], [ -91.412579443673408, 16.028207381872868 ], [ -91.412738387432796, 16.024726887235879 ], [ -91.40962640531086, 16.021585934329686 ], [ -91.407580145561283, 16.020312298989616 ], [ -91.404514720212248, 16.020444296819825 ], [ -91.404040221913093, 16.019964044669127 ], [ -91.396729002313236, 16.017385863328656 ], [ -91.391724245616473, 16.013054543961392 ], [ -91.386120223426488, 16.007381096205947 ], [ -91.385728925598016, 16.006803154370019 ], [ -91.383864789081102, 16.004779458858525 ], [ -91.382986222832542, 16.003143864792975 ], [ -91.382468491286602, 16.001226311214079 ], [ -91.382315949344928, 16.000226536977934 ], [ -91.381502923263199, 15.99908510001255 ], [ -91.379758109734652, 15.994296850536674 ], [ -91.377583371639673, 15.986423619956875 ], [ -91.375800478342029, 15.982613353250475 ], [ -91.374010118627993, 15.979734993270498 ], [ -91.367674403242788, 15.96559785287358 ], [ -91.364771169486204, 15.961750780718218 ], [ -91.362624295728139, 15.957880060941779 ], [ -91.361189913460322, 15.953272559703166 ], [ -91.35992287716472, 15.94790719160558 ], [ -91.357839231937234, 15.94447184157603 ], [ -91.356177233566783, 15.942816644219789 ], [ -91.355172777905167, 15.942142481584821 ], [ -91.354190049785018, 15.94166843121771 ], [ -91.353480812020862, 15.941374953214281 ], [ -91.352406765186558, 15.940789489787289 ], [ -91.351525799126833, 15.940151274362846 ], [ -91.345679072834159, 15.933266422296668 ], [ -91.345243818014552, 15.93274005142392 ], [ -91.34508615496047, 15.93210510484108 ], [ -91.34433673234048, 15.927534414487685 ], [ -91.344009632795633, 15.926491490727846 ], [ -91.343467561544628, 15.925681884521062 ], [ -91.342396378753236, 15.924547391809847 ], [ -91.341231184780384, 15.923915995386849 ], [ -91.340327355610896, 15.92358709516296 ], [ -91.334290388209766, 15.922391718228848 ], [ -91.33112713849323, 15.921621706617561 ], [ -91.329929176711914, 15.921148154119631 ], [ -91.328988659630255, 15.920530861323737 ], [ -91.32769496377415, 15.919353913486898 ], [ -91.326666484411504, 15.9181530340491 ], [ -91.325804783518564, 15.91690261047061 ], [ -91.324855323171619, 15.915184956919271 ], [ -91.3235209307053, 15.912798950811938 ], [ -91.322053113675778, 15.909473165023471 ], [ -91.320480290734807, 15.903193662544423 ], [ -91.318249427425272, 15.898150512207003 ], [ -91.316035874491064, 15.894055253927338 ], [ -91.314133614821614, 15.891064940971035 ], [ -91.313037179952957, 15.88907951025241 ], [ -91.31223862707489, 15.887208236673182 ], [ -91.311678169134325, 15.884640699033671 ], [ -91.311819509250896, 15.882387034072273 ], [ -91.31213652266517, 15.879641083810796 ], [ -91.313275090480317, 15.875647632144975 ], [ -91.315183449855624, 15.869674245531252 ], [ -91.315974086197528, 15.865610279134925 ], [ -91.317071979377971, 15.860378377791415 ], [ -91.318100981878928, 15.858098833358051 ], [ -91.319409182073713, 15.85571300131323 ], [ -91.320887721080254, 15.854034510015675 ], [ -91.322423280567847, 15.852584638991445 ], [ -91.323957796009708, 15.851682627214254 ], [ -91.325594345715743, 15.850859339017743 ], [ -91.328674346441773, 15.850053955774792 ], [ -91.33573823935437, 15.848501956581345 ], [ -91.338413874434778, 15.847474165755106 ], [ -91.343325676797562, 15.843918316405308 ], [ -91.344926130058681, 15.842424701432977 ], [ -91.347849778056087, 15.838078588416591 ] ] ] ] } },
{ "type": "Feature", "properties": { "codigo_departamento": 13, "departamento": "Huehuetenango", "codigo_municipio_shape": 1321, "municipio": "Tectitán", "riesgos": 14.5, "pobreza": 12.1, "indice_san": 13.5, "politicas": 16.7, "ponderacion": 56.789, "ranking": 30, "riesgos_prom_depto": 13.2, "pobreza_prom_depto": 12.49, "indice_san_prom_depto": 13.11, "politicas_prom_depto": 11.36, "ponderacion_prom_depto": 50.13, "riesgos_prom_nacional": 13.19, "pobreza_prom_nacional": 9.78, "indice_san_prom_nacional": 7.92, "politicas_prom_nacional": 7.21, "ponderacion_prom_nacional": 38.07 }, "geometry": { "type": "MultiPolygon", "coordinates": [ [ [ [ -91.978926959301603, 15.29668435005558 ], [ -91.979566661670788, 15.296084994136507 ], [ -91.982156434920014, 15.293657186888943 ], [ -91.989235895939288, 15.285716193819695 ], [ -92.00882063606106, 15.264966938249735 ], [ -92.009908508719917, 15.265067794772031 ], [ -92.010628752786886, 15.264753449494064 ], [ -92.027369061335875, 15.26813418161891 ], [ -92.043814846413738, 15.270881900213826 ], [ -92.048577215166461, 15.272247990238796 ], [ -92.076772177426136, 15.277648688709073 ], [ -92.077766713658491, 15.287278112649547 ], [ -92.077252657865699, 15.303121943320939 ], [ -92.077862121102413, 15.315622210338335 ], [ -92.07775498147376, 15.34178338625779 ], [ -92.077475412556382, 15.352544275016497 ], [ -92.078259098081574, 15.361170478534655 ], [ -92.078060918249321, 15.39259692012511 ], [ -92.07870452494015, 15.396678842268047 ], [ -92.079764631372541, 15.397565750612335 ], [ -92.083062033774354, 15.398371491926854 ], [ -92.085302459446552, 15.398371678132678 ], [ -92.094120020012724, 15.400731029511547 ], [ -92.099571360893322, 15.402453808552318 ], [ -92.103629402262058, 15.404244295774372 ], [ -92.107253213576911, 15.407222851422723 ], [ -92.109293483327292, 15.409801772739364 ], [ -92.110660652720682, 15.412075148647014 ], [ -92.113623406136497, 15.419641000752247 ], [ -92.116249692245759, 15.422800761009825 ], [ -92.117799240939306, 15.423715439361231 ], [ -92.115555092001628, 15.427690873175846 ], [ -92.094624285483746, 15.459204336910471 ], [ -92.090636963416074, 15.45580596882554 ], [ -92.087299578310649, 15.455005781487705 ], [ -92.086184261908912, 15.455081415024564 ], [ -92.080179853189208, 15.457890577474362 ], [ -92.077556848641166, 15.458237879035838 ], [ -92.075837543108605, 15.45749509953165 ], [ -92.073351473607616, 15.455344536682565 ], [ -92.067859665240576, 15.454738441227549 ], [ -92.064834467270842, 15.453068021496264 ], [ -92.063274795837984, 15.452730353077232 ], [ -92.060312032079992, 15.451181046471378 ], [ -92.055636022896238, 15.451067391908571 ], [ -92.054964548312796, 15.451542510807682 ], [ -92.039805110594088, 15.450609557522005 ], [ -92.032321713785421, 15.449047044032406 ], [ -92.02739183464702, 15.447306795218415 ], [ -92.026072289002329, 15.446467087132513 ], [ -92.024294463314916, 15.444351883784162 ], [ -92.022412687923236, 15.440310744907245 ], [ -92.01873664836458, 15.435217578240133 ], [ -92.018486849274808, 15.433961080771542 ], [ -92.015463535390126, 15.430438015415934 ], [ -92.012457705584623, 15.427303697807067 ], [ -92.00244880314429, 15.419626053872545 ], [ -91.998430968991528, 15.416271194286249 ], [ -91.995945340885825, 15.413452019038724 ], [ -91.992392406379111, 15.411322909735768 ], [ -91.986666652224898, 15.408224514383537 ], [ -91.984696455885143, 15.406294591713854 ], [ -91.983514932824576, 15.404945670867855 ], [ -91.982638087371484, 15.403341638372133 ], [ -91.981303127445017, 15.394396418177857 ], [ -91.979563367008211, 15.38990928591727 ], [ -91.978378847815776, 15.380600893961736 ], [ -91.977828699033097, 15.379736210241413 ], [ -91.977760938679012, 15.377869204486938 ], [ -91.976043911716047, 15.371985523282753 ], [ -91.975684386819893, 15.366790573175383 ], [ -91.975796032816831, 15.364197826078815 ], [ -91.977462533872668, 15.360247223889335 ], [ -91.979092286298311, 15.35797216999635 ], [ -91.980969425301964, 15.356543446604032 ], [ -91.983768222230978, 15.352712083092507 ], [ -91.986358703881024, 15.349075215874933 ], [ -91.987461632568085, 15.346863232694171 ], [ -91.988649851733982, 15.345917190385357 ], [ -91.990545955932973, 15.342565257093995 ], [ -91.994121654957439, 15.339701113319506 ], [ -91.994579108698758, 15.339247798429271 ], [ -91.995315757772943, 15.338361829811539 ], [ -91.996029234716929, 15.335134456351865 ], [ -91.996166530289329, 15.331863811381023 ], [ -91.996472467173177, 15.328143063386769 ], [ -91.995473952111482, 15.324747534652669 ], [ -91.995505763455185, 15.322840285624732 ], [ -91.993435235738914, 15.317804857707033 ], [ -91.992546359800045, 15.315968038774004 ], [ -91.991862868392104, 15.315493759401667 ], [ -91.990681437996585, 15.314335856195365 ], [ -91.987832816017388, 15.311356805109385 ], [ -91.9845929813129, 15.304899028302762 ], [ -91.982067426228667, 15.301240006951202 ], [ -91.980994737363346, 15.300372954990852 ], [ -91.980269812112269, 15.298733458790773 ], [ -91.978926959301603, 15.29668435005558 ] ] ] ] } },
{ "type": "Feature", "properties": { "codigo_departamento": 13, "departamento": "Huehuetenango", "codigo_municipio_shape": 1314, "municipio": "San Rafael La Independencia", "riesgos": 10.3, "pobreza": 17.5, "indice_san": 16.1, "politicas": 12.5, "ponderacion": 56.392, "ranking": 31, "riesgos_prom_depto": 13.2, "pobreza_prom_depto": 12.49, "indice_san_prom_depto": 13.11, "politicas_prom_depto": 11.36, "ponderacion_prom_depto": 50.13, "riesgos_prom_nacional": 13.19, "pobreza_prom_nacional": 9.78, "indice_san_prom_nacional": 7.92, "politicas_prom_nacional": 7.21, "ponderacion_prom_nacional": 38.07 }, "geometry": { "type": "MultiPolygon", "coordinates": [ [ [ [ -91.464895948472872, 15.738040869145451 ], [ -91.46726680874653, 15.735776617867336 ], [ -91.470819087929058, 15.732981740373893 ], [ -91.47413587729686, 15.730939813052039 ], [ -91.476533757513252, 15.729486786119729 ], [ -91.480114695312849, 15.727592339103666 ], [ -91.480742665187108, 15.727296201302902 ], [ -91.486913895852595, 15.724163380920791 ], [ -91.492254704502784, 15.720843878204024 ], [ -91.49872456168977, 15.717657396908635 ], [ -91.500039050427958, 15.71693887316837 ], [ -91.500895103296799, 15.716626166165856 ], [ -91.503148417382889, 15.71567682054407 ], [ -91.508221954641613, 15.713119892543924 ], [ -91.512402495463675, 15.710651655321474 ], [ -91.514693185906921, 15.709035878793546 ], [ -91.518044865052474, 15.706736995374499 ], [ -91.522272484724866, 15.702558412740943 ], [ -91.525781725905091, 15.698756745413782 ], [ -91.528285950533984, 15.693191465894801 ], [ -91.528960504435034, 15.692718115768574 ], [ -91.529494116751778, 15.690511889071583 ], [ -91.530124429139406, 15.690026938402152 ], [ -91.530857468283926, 15.686920493980701 ], [ -91.535049865504021, 15.687090968687766 ], [ -91.539756212151474, 15.687885039370171 ], [ -91.547998666861247, 15.690226580025623 ], [ -91.548618406293315, 15.690735704427553 ], [ -91.553043475022591, 15.69323697896157 ], [ -91.557999431370575, 15.697627269348619 ], [ -91.558884892469209, 15.699248689089709 ], [ -91.56030883276145, 15.704906954535854 ], [ -91.56020633351163, 15.719660009627072 ], [ -91.561405364659393, 15.724393761958911 ], [ -91.563360889794623, 15.728627484406266 ], [ -91.564854156088273, 15.730591824203342 ], [ -91.564963686636887, 15.731939237043003 ], [ -91.562691740099709, 15.732973838559648 ], [ -91.556547718181761, 15.737143922258056 ], [ -91.5515257910223, 15.742115496482253 ], [ -91.547753509758536, 15.745123823826546 ], [ -91.547732030371435, 15.745930333460759 ], [ -91.545536275069907, 15.74802835453951 ], [ -91.544934537246291, 15.748983506859274 ], [ -91.544840665016181, 15.749716098119132 ], [ -91.543100986520386, 15.752137985805986 ], [ -91.542013038325024, 15.755588913351618 ], [ -91.541298693097758, 15.756869800106806 ], [ -91.539424728724853, 15.766715539528564 ], [ -91.538629669279729, 15.768425181036809 ], [ -91.533682153822497, 15.765220677372161 ], [ -91.52330986787851, 15.763250326414036 ], [ -91.518376158005623, 15.761573023061603 ], [ -91.500076815617106, 15.756966051429519 ], [ -91.493600771581185, 15.75591363073638 ], [ -91.488340652210695, 15.754033454380428 ], [ -91.48566323804431, 15.753349444970672 ], [ -91.481041365185561, 15.751940121183003 ], [ -91.476268200178836, 15.7493976516231 ], [ -91.47216939866604, 15.746308506205812 ], [ -91.47023101610479, 15.744158585627405 ], [ -91.467980782714378, 15.741522932371472 ], [ -91.466527450558715, 15.739800042278288 ], [ -91.464895948472872, 15.738040869145451 ] ] ] ] } },
{ "type": "Feature", "properties": { "codigo_departamento": 7, "departamento": "Sololá", "codigo_municipio_shape": 708, "municipio": "Concepción", "riesgos": 12.3, "pobreza": 16.2, "indice_san": 15.4, "politicas": 12.5, "ponderacion": 56.378, "ranking": 32, "riesgos_prom_depto": 13.93, "pobreza_prom_depto": 10.61, "indice_san_prom_depto": 9.75, "politicas_prom_depto": 5.51, "ponderacion_prom_depto": 39.75, "riesgos_prom_nacional": 13.19, "pobreza_prom_nacional": 9.78, "indice_san_prom_nacional": 7.92, "politicas_prom_nacional": 7.21, "ponderacion_prom_nacional": 38.07 }, "geometry": { "type": "MultiPolygon", "coordinates": [ [ [ [ -91.135876145058702, 14.805670172916027 ], [ -91.136045437001442, 14.801621749370115 ], [ -91.133470699514248, 14.798634451569725 ], [ -91.131422958115479, 14.796416175135548 ], [ -91.128392569031305, 14.794383081033999 ], [ -91.124758512617277, 14.792145096048904 ], [ -91.121187474729311, 14.788799393517136 ], [ -91.119256130596185, 14.787987253231519 ], [ -91.116727743121459, 14.785863231417324 ], [ -91.110785539918524, 14.783330566357641 ], [ -91.111107857358135, 14.78009227699177 ], [ -91.110113974478153, 14.778290273891594 ], [ -91.10978736744714, 14.773703532588806 ], [ -91.110302078786646, 14.77244707231516 ], [ -91.112559843807432, 14.77005715252823 ], [ -91.114052772117986, 14.769387048740871 ], [ -91.118016802941568, 14.767155591156147 ], [ -91.126077442945217, 14.766702634267981 ], [ -91.13043560775202, 14.765810515914923 ], [ -91.134467396514438, 14.763709207998586 ], [ -91.137616819364922, 14.76085965468134 ], [ -91.138578593192264, 14.761817444870195 ], [ -91.139839385832673, 14.762288500743692 ], [ -91.142965905694268, 14.765750073362838 ], [ -91.147790569860675, 14.772274190039335 ], [ -91.150420544570849, 14.774695804015792 ], [ -91.153160275635202, 14.776432568631478 ], [ -91.156573626920419, 14.780003609704899 ], [ -91.157316428167391, 14.781683704044569 ], [ -91.1569054659481, 14.783812095586422 ], [ -91.157236054776931, 14.789763541969698 ], [ -91.156598669194622, 14.793402736486444 ], [ -91.147478660846772, 14.799872607025986 ], [ -91.141082508849308, 14.805415142721232 ], [ -91.138917452716456, 14.805838226998564 ], [ -91.135876145058702, 14.805670172916027 ] ] ] ] } },
{ "type": "Feature", "properties": { "codigo_departamento": 8, "departamento": "Totonicapán", "codigo_municipio_shape": 806, "municipio": "Santa María Chiquimula", "riesgos": 14.3, "pobreza": 16.8, "indice_san": 16.7, "politicas": 8.3, "ponderacion": 56.151, "ranking": 33, "riesgos_prom_depto": 13.74, "pobreza_prom_depto": 13.76, "indice_san_prom_depto": 12.0, "politicas_prom_depto": 9.88, "ponderacion_prom_depto": 49.41, "riesgos_prom_nacional": 13.19, "pobreza_prom_nacional": 9.78, "indice_san_prom_nacional": 7.92, "politicas_prom_nacional": 7.21, "ponderacion_prom_nacional": 38.07 }, "geometry": { "type": "MultiPolygon", "coordinates": [ [ [ [ -91.260966926845924, 15.126507910917361 ], [ -91.261571445532979, 15.112976624652385 ], [ -91.262442813205539, 15.102999114738784 ], [ -91.262989022586268, 15.084726016635486 ], [ -91.265241617463289, 15.050019816036782 ], [ -91.270766480890757, 15.040290058475364 ], [ -91.272773886654676, 15.037135388835971 ], [ -91.272892270030155, 15.036075497554474 ], [ -91.26410891889266, 15.022554972282071 ], [ -91.263940479895282, 15.020888511301798 ], [ -91.263715017775667, 15.019158349491239 ], [ -91.2666906129175, 15.001503475073799 ], [ -91.262253240197481, 14.995590685468231 ], [ -91.260883665474921, 14.991910962907934 ], [ -91.259302335052652, 14.989559277520755 ], [ -91.259150041740895, 14.988487158928997 ], [ -91.256105481311153, 14.983708975172698 ], [ -91.254743344290233, 14.981784839713418 ], [ -91.2438003286221, 14.984247111183665 ], [ -91.241621057710049, 14.98541535423338 ], [ -91.236908774471416, 14.985314550396954 ], [ -91.235166039768558, 14.984616469988373 ], [ -91.234251714925946, 14.983731620887463 ], [ -91.23258847417614, 14.981067353804166 ], [ -91.2326639104907, 14.979167807659504 ], [ -91.234553722943815, 14.974177932175502 ], [ -91.236109427945649, 14.972656983857437 ], [ -91.236254950930018, 14.971914774144452 ], [ -91.238307722034961, 14.969218251606073 ], [ -91.242030785969973, 14.962044054405549 ], [ -91.241461850649387, 14.959992666591882 ], [ -91.239124783312775, 14.957318741089797 ], [ -91.238868594642767, 14.955748753660002 ], [ -91.238806947385442, 14.951413648572236 ], [ -91.241042530337637, 14.946713278921063 ], [ -91.243441655211655, 14.944963766357976 ], [ -91.246618872178743, 14.943402080192159 ], [ -91.248478525046963, 14.94182799032823 ], [ -91.252113306215122, 14.94057248518383 ], [ -91.255593840048689, 14.938628882896561 ], [ -91.259638219771276, 14.937719804606019 ], [ -91.266916581974883, 14.936901849955515 ], [ -91.269291181094317, 14.936436326271249 ], [ -91.289876176253898, 14.935846789888966 ], [ -91.297800514722553, 14.937384750020303 ], [ -91.300625016617985, 14.938953493983147 ], [ -91.306258198819393, 14.940346469665499 ], [ -91.319059108360378, 14.940829623826835 ], [ -91.335403531537921, 14.939054694170782 ], [ -91.342087460518073, 14.939310025228821 ], [ -91.344488368045873, 14.940029006206613 ], [ -91.349732834663314, 14.94269812876766 ], [ -91.357994927012513, 14.949827653536444 ], [ -91.365168245093798, 14.954334877337709 ], [ -91.366278268748459, 14.954376715301944 ], [ -91.368389877367278, 14.955508016274676 ], [ -91.374334500227974, 14.957499260176396 ], [ -91.384904797607419, 14.959897092025862 ], [ -91.398231068963014, 14.960606726788496 ], [ -91.413565872516315, 14.960651696981749 ], [ -91.417091664208002, 14.961291906186903 ], [ -91.422606869961868, 14.966164435340163 ], [ -91.425043449622763, 14.969724270832561 ], [ -91.426584284481621, 14.970944905301328 ], [ -91.425992942082885, 14.971474083486935 ], [ -91.424232007464383, 14.972779252443981 ], [ -91.421158546484122, 14.975724803944562 ], [ -91.418733498548349, 14.977959651468584 ], [ -91.413934199068962, 14.981508842121801 ], [ -91.410817330934336, 14.985575792630272 ], [ -91.407276359147588, 14.989217187822845 ], [ -91.405732147573744, 14.990571155549212 ], [ -91.404848361505046, 14.993143109276197 ], [ -91.403671913981995, 15.001553924261469 ], [ -91.4021058325024, 15.001220952937082 ], [ -91.401892314862522, 15.0046934977582 ], [ -91.400396451997622, 15.008980631937028 ], [ -91.3982974885365, 15.01112937223574 ], [ -91.39460210690244, 15.012556210087663 ], [ -91.390819233234467, 15.014485107284301 ], [ -91.385846276778125, 15.019007330134256 ], [ -91.383319781947847, 15.023949028902313 ], [ -91.380333042201968, 15.02816888252049 ], [ -91.378119832590343, 15.033923894888318 ], [ -91.378105448684522, 15.036365194775692 ], [ -91.376831852022761, 15.042367522515077 ], [ -91.374448902027609, 15.044252982237904 ], [ -91.362825120869346, 15.050665522578109 ], [ -91.359082756342218, 15.053633454467537 ], [ -91.356694154753981, 15.055537865518351 ], [ -91.356096254689149, 15.056110832310161 ], [ -91.348778189959233, 15.062535623579141 ], [ -91.346131258787835, 15.065649100056756 ], [ -91.341542495844848, 15.071928545952597 ], [ -91.33894278122483, 15.07424693007464 ], [ -91.338346272204376, 15.074627797291475 ], [ -91.333628250502713, 15.078190220831216 ], [ -91.332382406500756, 15.079607904237267 ], [ -91.324228418048207, 15.083750326605767 ], [ -91.321398219644934, 15.085172027806346 ], [ -91.318745578793099, 15.087889672320777 ], [ -91.31641156861015, 15.096572306743409 ], [ -91.315087902193127, 15.099498595414685 ], [ -91.31469459400023, 15.101818369001824 ], [ -91.312403771370242, 15.105357644189244 ], [ -91.309784906243479, 15.106624841198384 ], [ -91.304635813738798, 15.106552421112756 ], [ -91.302857291766728, 15.106985321163052 ], [ -91.29868271281066, 15.11026401375827 ], [ -91.298090249373857, 15.111428803677203 ], [ -91.297489555048571, 15.112385664269432 ], [ -91.296785355918857, 15.112905678004315 ], [ -91.295157763573343, 15.117509396705021 ], [ -91.29214480224249, 15.123087731984928 ], [ -91.292148864242264, 15.124177928249988 ], [ -91.291031366511547, 15.125981526018425 ], [ -91.289781427951311, 15.129650381397626 ], [ -91.288503004015794, 15.134905112712179 ], [ -91.286899556026782, 15.137686704229214 ], [ -91.283918460955576, 15.137364698752524 ], [ -91.280936919468104, 15.134288446297299 ], [ -91.278620695147765, 15.132794292808411 ], [ -91.276899590672727, 15.132134983454476 ], [ -91.272878498042132, 15.131720176211118 ], [ -91.268359637545288, 15.130523127053081 ], [ -91.263136820468702, 15.127309734707215 ], [ -91.260966926845924, 15.126507910917361 ] ] ] ] } },
{ "type": "Feature", "properties": { "codigo_departamento": 14, "departamento": "Quiché", "codigo_municipio_shape": 1410, "municipio": "Cunén", "riesgos": 15.5, "pobreza": 12.8, "indice_san": 15.3, "politicas": 12.5, "ponderacion": 56.097, "ranking": 34, "riesgos_prom_depto": 13.55, "pobreza_prom_depto": 13.54, "indice_san_prom_depto": 12.98, "politicas_prom_depto": 11.31, "ponderacion_prom_depto": 51.32, "riesgos_prom_nacional": 13.19, "pobreza_prom_nacional": 9.78, "indice_san_prom_nacional": 7.92, "politicas_prom_nacional": 7.21, "ponderacion_prom_nacional": 38.07 }, "geometry": { "type": "MultiPolygon", "coordinates": [ [ [ [ -90.887397238257961, 15.41963121370941 ], [ -90.887161053120778, 15.416274506077398 ], [ -90.8872293002308, 15.391365162028164 ], [ -90.888663879065135, 15.385041436201892 ], [ -90.88976715103388, 15.379989696752602 ], [ -90.890140270786887, 15.37773320073174 ], [ -90.890487035812512, 15.372137785492239 ], [ -90.891683618207935, 15.361841715645983 ], [ -90.892390048003762, 15.355770795684176 ], [ -90.89316956956381, 15.352384147716789 ], [ -90.893930500865707, 15.348237192866121 ], [ -90.89512126691028, 15.345386388783437 ], [ -90.897634368421592, 15.339203708297983 ], [ -90.903922920440678, 15.339606236810727 ], [ -90.907129203349669, 15.33928055909306 ], [ -90.912345153638213, 15.339285379474768 ], [ -90.914718783268469, 15.33912347463807 ], [ -90.922827617340815, 15.338894164030705 ], [ -90.925937045962215, 15.338652017070292 ], [ -90.926967943988842, 15.338861517087128 ], [ -90.929868153390444, 15.340953137895212 ], [ -90.932778907951302, 15.344226262188032 ], [ -90.934905643540432, 15.344558832395528 ], [ -90.935930811377787, 15.344230605502919 ], [ -90.938432563843023, 15.342228577671158 ], [ -90.940081949295774, 15.339488995537181 ], [ -90.941968932466665, 15.337916091196059 ], [ -90.942064040123199, 15.337415476746061 ], [ -90.944526940594372, 15.335266168964772 ], [ -90.946010377693597, 15.334665386116978 ], [ -90.949192221613572, 15.333497385463339 ], [ -90.954256291559176, 15.332961043178924 ], [ -90.970690672727272, 15.333121248705433 ], [ -90.984605915360163, 15.330370467229409 ], [ -90.993577229847133, 15.330247975365527 ], [ -90.997447210633609, 15.328230384676125 ], [ -91.001652914205934, 15.3267624129941 ], [ -91.002846914989945, 15.32628739983447 ], [ -91.008130104290899, 15.325946036090585 ], [ -91.011634060688564, 15.327229919361997 ], [ -91.016428296104621, 15.332455997017261 ], [ -91.017800827001992, 15.333353745963802 ], [ -91.019667122823449, 15.333113909515752 ], [ -91.021375534804676, 15.331964510742106 ], [ -91.02600051950995, 15.329162410122661 ], [ -91.028439341402418, 15.327689579617486 ], [ -91.034331879308894, 15.325794203363291 ], [ -91.038261637494799, 15.325685312608847 ], [ -91.043772110208266, 15.326000231721936 ], [ -91.047090384021487, 15.32594004564899 ], [ -91.049929651637072, 15.325698285220223 ], [ -91.052083292094153, 15.325339814551331 ], [ -91.070097650918996, 15.324968733154416 ], [ -91.073291169623587, 15.324616775310107 ], [ -91.083012951614378, 15.322364490470562 ], [ -91.085235229430083, 15.323218310544181 ], [ -91.089743933468242, 15.326391499699913 ], [ -91.093450923799381, 15.330386875115913 ], [ -91.09693716796626, 15.332295116946252 ], [ -91.099648748613532, 15.332540747618104 ], [ -91.105106926704323, 15.331604414209531 ], [ -91.119677886770432, 15.331115395344812 ], [ -91.123326970810126, 15.331766252677928 ], [ -91.126563216982547, 15.333226895827293 ], [ -91.132527408431031, 15.333568316939665 ], [ -91.135273380203714, 15.332639021708705 ], [ -91.139947302646931, 15.330020059712579 ], [ -91.146676505448994, 15.323789754575783 ], [ -91.153114184936555, 15.321421198990011 ], [ -91.160254242265793, 15.320508657158864 ], [ -91.168837612643387, 15.320792686703475 ], [ -91.174284900321709, 15.321798591532891 ], [ -91.178786967601823, 15.324434618134061 ], [ -91.18017098286343, 15.325303287602795 ], [ -91.179137595049113, 15.327360952217008 ], [ -91.176951392255887, 15.332689628145946 ], [ -91.174133738087136, 15.343222921582237 ], [ -91.166994389298026, 15.352767254300597 ], [ -91.162803273190875, 15.357186827257911 ], [ -91.160148932863535, 15.359785636135708 ], [ -91.157967208637331, 15.362513698632698 ], [ -91.159053581823841, 15.366205214459663 ], [ -91.157305094291047, 15.368309908177016 ], [ -91.15560170906717, 15.37051097486655 ], [ -91.154658275046771, 15.371285977490734 ], [ -91.153874966022499, 15.371856716474879 ], [ -91.152841777841658, 15.372180253229404 ], [ -91.1442956473159, 15.373052418679645 ], [ -91.137805774679023, 15.37494227917799 ], [ -91.135830877355247, 15.375702915842854 ], [ -91.133536809230208, 15.37635015818466 ], [ -91.124888932996811, 15.377514392411747 ], [ -91.114944217870843, 15.381699110227062 ], [ -91.114253560573516, 15.381727146672889 ], [ -91.113591552538281, 15.381547581329487 ], [ -91.112909720135789, 15.380983785945046 ], [ -91.112327548364775, 15.380084215905628 ], [ -91.111432509889653, 15.37986087367211 ], [ -91.110456205921693, 15.379935048159716 ], [ -91.105954201644025, 15.382754624091108 ], [ -91.099979199012139, 15.384620582171003 ], [ -91.093836917312643, 15.385923538663192 ], [ -91.083068538012327, 15.389749495614094 ], [ -91.077436577415568, 15.391814306836062 ], [ -91.073110560553715, 15.39542987436181 ], [ -91.071913041628733, 15.396380750367491 ], [ -91.069941903706038, 15.398522236751329 ], [ -91.0635218200064, 15.403995585543345 ], [ -91.062654386783166, 15.404497454345947 ], [ -91.061984386303607, 15.404865495244373 ], [ -91.057942535787049, 15.405972190031578 ], [ -91.052270323972138, 15.406227528489115 ], [ -91.048470098633359, 15.406327476261428 ], [ -91.040346120758031, 15.40623452544145 ], [ -91.029737668335784, 15.406677255245732 ], [ -91.027672480817657, 15.407071214712914 ], [ -91.025954159607565, 15.408215985999764 ], [ -91.024399858951, 15.409190513653607 ], [ -91.023068621674824, 15.409599987087661 ], [ -91.021337130896626, 15.410101900500344 ], [ -91.020203836488179, 15.410018384186634 ], [ -91.018466959542437, 15.409736333051489 ], [ -91.01623165115916, 15.408789044659779 ], [ -91.013914300892083, 15.407165546159593 ], [ -91.012065130701799, 15.405471666399158 ], [ -91.01131202637319, 15.404591806372681 ], [ -91.010340701217402, 15.40303001771813 ], [ -91.00893996249485, 15.40193651983572 ], [ -91.007892177391511, 15.401438047659004 ], [ -91.00581306215598, 15.400670533781362 ], [ -91.002590891673037, 15.400546724677525 ], [ -90.99888405037855, 15.400214065903373 ], [ -90.996162945127665, 15.400413198175732 ], [ -90.990647925169824, 15.401360777505957 ], [ -90.98766893340769, 15.401800316855333 ], [ -90.985999135047891, 15.402244905360178 ], [ -90.983902317222515, 15.403143056053288 ], [ -90.976317782429561, 15.407447569065413 ], [ -90.975819621718642, 15.407731053420358 ], [ -90.970030492904471, 15.409605167303173 ], [ -90.966880959401962, 15.41014789656691 ], [ -90.96153007496325, 15.410290878014973 ], [ -90.953230450753423, 15.409434094950095 ], [ -90.950878425148829, 15.409802088794603 ], [ -90.948944726821992, 15.410847094356818 ], [ -90.947750402420709, 15.41141323069038 ], [ -90.943000776822629, 15.41494072669119 ], [ -90.93977333514087, 15.41605271985159 ], [ -90.935858005602967, 15.416017494073587 ], [ -90.933559719030555, 15.415416700634218 ], [ -90.928127308168357, 15.412384280305609 ], [ -90.922705810598458, 15.410497129223808 ], [ -90.918439906423544, 15.410371362491114 ], [ -90.914275031840617, 15.412024239068936 ], [ -90.905322419551624, 15.418618494305363 ], [ -90.90164479185394, 15.419901847946896 ], [ -90.894949720515015, 15.420666364022315 ], [ -90.889423034902094, 15.419760035012043 ], [ -90.887397238257961, 15.41963121370941 ] ] ] ] } },
{ "type": "Feature", "properties": { "codigo_departamento": 16, "departamento": "Alta Verapaz", "codigo_municipio_shape": 1616, "municipio": "Santa Catalina La Tinta", "riesgos": 10.0, "pobreza": 14.1, "indice_san": 15.3, "politicas": 16.7, "ponderacion": 56.084, "ranking": 35, "riesgos_prom_depto": 12.95, "pobreza_prom_depto": 15.54, "indice_san_prom_depto": 15.04, "politicas_prom_depto": 12.5, "ponderacion_prom_depto": 56.02, "riesgos_prom_nacional": 13.19, "pobreza_prom_nacional": 9.78, "indice_san_prom_nacional": 7.92, "politicas_prom_nacional": 7.21, "ponderacion_prom_nacional": 38.07 }, "geometry": { "type": "MultiPolygon", "coordinates": [ [ [ [ -89.799943509469983, 15.340109327378318 ], [ -89.800371989586992, 15.319191324266798 ], [ -89.799960718975356, 15.299173163660074 ], [ -89.799672330332967, 15.289150478887452 ], [ -89.799379195117211, 15.279474204897252 ], [ -89.798964032806651, 15.263276273959002 ], [ -89.798635836728096, 15.241363225121583 ], [ -89.798323595233938, 15.232888626374786 ], [ -89.788446824027318, 15.234564497528847 ], [ -89.786112469965559, 15.234657468915213 ], [ -89.783855246823563, 15.235373371306922 ], [ -89.781445279315321, 15.236004671495836 ], [ -89.779650802920727, 15.234498217960992 ], [ -89.777052393341847, 15.233994800019397 ], [ -89.774790386546329, 15.232813400827411 ], [ -89.773031809307611, 15.231206979902634 ], [ -89.770414848518342, 15.231884841988776 ], [ -89.767645878123602, 15.232469068129589 ], [ -89.765524818625593, 15.231007476420826 ], [ -89.762584426729049, 15.22935009426396 ], [ -89.759802555030959, 15.228501891783099 ], [ -89.757605137218576, 15.227554889042061 ], [ -89.751199705719628, 15.229360484819239 ], [ -89.743826520793519, 15.231658552790575 ], [ -89.745550688620966, 15.223244276543225 ], [ -89.74693016127317, 15.217129468138911 ], [ -89.748293678488807, 15.210948946493147 ], [ -89.749958703039781, 15.205220797049172 ], [ -89.75157578790035, 15.199276368290645 ], [ -89.752334206664031, 15.196766128830751 ], [ -89.756469331760584, 15.19314670754706 ], [ -89.760376360266832, 15.189881655400804 ], [ -89.765339268963587, 15.185916181424032 ], [ -89.770436348526147, 15.180987555778229 ], [ -89.772180941030825, 15.178981142625394 ], [ -89.774464983089047, 15.176458780821562 ], [ -89.78067239346484, 15.172919233338055 ], [ -89.783248190053399, 15.171531766691464 ], [ -89.786167810484613, 15.169959568266124 ], [ -89.787370424061635, 15.169313115187688 ], [ -89.789825368066246, 15.169573839055564 ], [ -89.796269585049203, 15.169491801757458 ], [ -89.803784383861398, 15.169351413874736 ], [ -89.807053674151518, 15.165341555567219 ], [ -89.808816127066365, 15.163276334771396 ], [ -89.821475822577682, 15.169886212346634 ], [ -89.824912984923273, 15.171653600304086 ], [ -89.838742616939996, 15.166493893586232 ], [ -89.850470912223287, 15.162143568706004 ], [ -89.851690094622683, 15.161229467131301 ], [ -89.851910026949241, 15.161718990455466 ], [ -89.854525346168785, 15.162655054614463 ], [ -89.857844468931759, 15.163817615255157 ], [ -89.862002012208862, 15.165535828032512 ], [ -89.86380123923567, 15.167011220441902 ], [ -89.864590940293212, 15.169133948570211 ], [ -89.8638660461597, 15.171241233641826 ], [ -89.863228909420414, 15.173857635197212 ], [ -89.864425996915259, 15.176016518026225 ], [ -89.864742023426203, 15.178343715065644 ], [ -89.863721813704416, 15.181006698374011 ], [ -89.863911966419451, 15.183671869663035 ], [ -89.863477353287095, 15.185909597536254 ], [ -89.864402291055413, 15.187966503927202 ], [ -89.863858584650956, 15.19027155809775 ], [ -89.863658560581186, 15.190869218286977 ], [ -89.864168269473737, 15.190982421039719 ], [ -89.865698180850501, 15.191898776248719 ], [ -89.866563918402264, 15.192537248229574 ], [ -89.867263523317831, 15.193486045693319 ], [ -89.867782169573587, 15.194253993377517 ], [ -89.868002999238897, 15.194883478956191 ], [ -89.868164591189085, 15.195667897791251 ], [ -89.868140253704794, 15.196528731859329 ], [ -89.867856256210544, 15.197028161899038 ], [ -89.867091317907438, 15.197353849776542 ], [ -89.866397521339991, 15.197545082072095 ], [ -89.865744984089204, 15.198050659090535 ], [ -89.865457756810699, 15.198807376934806 ], [ -89.865379037258748, 15.199454132210123 ], [ -89.865392771139213, 15.200058159726959 ], [ -89.865517823167281, 15.20095493644949 ], [ -89.865659844105949, 15.202276325215477 ], [ -89.865735109430602, 15.203395882923591 ], [ -89.865815578983884, 15.204202871826597 ], [ -89.866058996557442, 15.204876693896711 ], [ -89.866117227446495, 15.205615653224488 ], [ -89.866150562837433, 15.206466004152807 ], [ -89.866069503627003, 15.207270740548767 ], [ -89.865782344051155, 15.207982310158011 ], [ -89.86542893890568, 15.208536069059271 ], [ -89.865099175926701, 15.20902356542622 ], [ -89.864631124081001, 15.209509133687613 ], [ -89.864117501510023, 15.209971489786806 ], [ -89.863697915608739, 15.210323418536195 ], [ -89.863365491284881, 15.210990331822776 ], [ -89.863420067295223, 15.211975288445311 ], [ -89.863663865056139, 15.214193128670699 ], [ -89.863765996046681, 15.215067010969461 ], [ -89.864012723404642, 15.215517407493261 ], [ -89.864973652758508, 15.215933755143292 ], [ -89.865524523369828, 15.216097199125979 ], [ -89.866097124679285, 15.216284647921167 ], [ -89.866828875937031, 15.216675218422521 ], [ -89.867047074489079, 15.217483001293331 ], [ -89.866900497184261, 15.218040773361285 ], [ -89.865936057783543, 15.219391872771581 ], [ -89.865506527815995, 15.220414089960412 ], [ -89.865315374769523, 15.220880945688151 ], [ -89.865073421904228, 15.221638285963536 ], [ -89.864876968025669, 15.222462852428164 ], [ -89.864705075053493, 15.223198600057161 ], [ -89.864463363453538, 15.223978514424456 ], [ -89.864151598829977, 15.224778896299194 ], [ -89.863817488288092, 15.225557520769192 ], [ -89.863250619152495, 15.226511218911787 ], [ -89.862401165883341, 15.227863898509069 ], [ -89.861834952304548, 15.228772452918587 ], [ -89.861523732969545, 15.229573965937242 ], [ -89.861389102893412, 15.230891484575498 ], [ -89.86145870362266, 15.233956769146403 ], [ -89.861636285546666, 15.234406203452522 ], [ -89.86199607256988, 15.234993624856983 ], [ -89.862380781933609, 15.235468528368937 ], [ -89.862720660097736, 15.235831066313814 ], [ -89.863334755751623, 15.236398340240346 ], [ -89.863760726120148, 15.237187587528839 ], [ -89.863493762974329, 15.238100328647905 ], [ -89.863073849522237, 15.238430796777449 ], [ -89.862588040569577, 15.238579756679941 ], [ -89.861500408864273, 15.23890088028727 ], [ -89.86146355978731, 15.239816836833667 ], [ -89.861640704329645, 15.240335112920382 ], [ -89.861931696284088, 15.240897870572857 ], [ -89.862283200345047, 15.242043863402282 ], [ -89.862480048040794, 15.242762188759626 ], [ -89.862556591021402, 15.243792596292444 ], [ -89.862546958923502, 15.244441441399642 ], [ -89.86241728287591, 15.245423818614356 ], [ -89.862241375906947, 15.246426992695502 ], [ -89.862231741097034, 15.247075837454089 ], [ -89.862265706543113, 15.24788104706937 ], [ -89.86248454859367, 15.24864482550994 ], [ -89.862725650896692, 15.24947550673409 ], [ -89.862760921404231, 15.25019269936662 ], [ -89.862655153343368, 15.251130263644114 ], [ -89.862362580436852, 15.252199522794124 ], [ -89.862147706176842, 15.252733755683757 ], [ -89.86184152160935, 15.253153845876843 ], [ -89.86128450640507, 15.25343723780351 ], [ -89.860746832689003, 15.253944374863982 ], [ -89.860459470139645, 15.254701062904655 ], [ -89.859995254598047, 15.256483479877632 ], [ -89.859784088133864, 15.258292013583647 ], [ -89.859763797007304, 15.259656273333853 ], [ -89.859887818688293, 15.26061962843176 ], [ -89.860173821019544, 15.261518660863539 ], [ -89.860415908488392, 15.262282770092051 ], [ -89.860474092379363, 15.263021726909031 ], [ -89.86034880073916, 15.263667818103183 ], [ -89.85975677952375, 15.264778016357843 ], [ -89.859516724235618, 15.265401052931354 ], [ -89.859393652243128, 15.265936568950604 ], [ -89.859385675218448, 15.266472566248234 ], [ -89.859488763273177, 15.267279873867849 ], [ -89.859707192010532, 15.268110241029891 ], [ -89.859926702331478, 15.268828888059547 ], [ -89.860328797402246, 15.269661831060628 ], [ -89.860505384012583, 15.270178975150239 ], [ -89.860583825847513, 15.271119117084686 ], [ -89.860521586344916, 15.272215296247534 ], [ -89.860719194277365, 15.272843342755067 ], [ -89.861127857626585, 15.273274578436849 ], [ -89.861834186331322, 15.273821722712865 ], [ -89.862744450297711, 15.274572625285648 ], [ -89.863519638940488, 15.275142175135676 ], [ -89.864366401541957, 15.275511826657292 ], [ -89.865194158169942, 15.275635158214854 ], [ -89.866161662795818, 15.275626135580858 ], [ -89.867014984017416, 15.275594063641671 ], [ -89.8680062345491, 15.27535624599092 ], [ -89.868846280677303, 15.274847686467766 ], [ -89.869678361876922, 15.274679867569064 ], [ -89.870553027230997, 15.274737246134222 ], [ -89.871358525902053, 15.274793654504084 ], [ -89.872184295031417, 15.275051246173971 ], [ -89.873052673601009, 15.275532905874963 ], [ -89.873808295999581, 15.275856101589268 ], [ -89.874563904378917, 15.276180425360803 ], [ -89.8751625105307, 15.276232803647652 ], [ -89.875829684638816, 15.276287263215703 ], [ -89.879981877678176, 15.275964827302168 ], [ -89.88240332135048, 15.275841684139044 ], [ -89.88369573096881, 15.275681353988693 ], [ -89.88464421590038, 15.275425933554551 ], [ -89.885292028831955, 15.275256617586363 ], [ -89.88601067363912, 15.274975419320128 ], [ -89.886517848192042, 15.274959900078802 ], [ -89.887024359074147, 15.274989520607466 ], [ -89.887828559427689, 15.275135017479419 ], [ -89.888630780332562, 15.275414797185258 ], [ -89.88936608113444, 15.27558077582327 ], [ -89.890146705295791, 15.275748510057817 ], [ -89.890883392803957, 15.275781320488498 ], [ -89.891827185567479, 15.275883595150923 ], [ -89.892539309906979, 15.276005224614693 ], [ -89.89311170234231, 15.276259223338897 ], [ -89.893936206410544, 15.27660588802353 ], [ -89.895267217565504, 15.276983280923448 ], [ -89.895980761916221, 15.277404021729531 ], [ -89.895869075826639, 15.277961172729826 ], [ -89.895811793721734, 15.278732400646248 ], [ -89.896052902448702, 15.285021410101837 ], [ -89.896107998466789, 15.285978173434673 ], [ -89.895959031539462, 15.286736843167589 ], [ -89.895125607850844, 15.286992774457529 ], [ -89.894481700548994, 15.286894666681219 ], [ -89.893975159372474, 15.28686505997249 ], [ -89.893074856868566, 15.286964296093785 ], [ -89.892678449095072, 15.287272561466612 ], [ -89.892302996207746, 15.287736877592316 ], [ -89.891923910444334, 15.28844719617031 ], [ -89.891635916699059, 15.289249073205442 ], [ -89.891484385235003, 15.290140883776509 ], [ -89.891428307857865, 15.290789097705119 ], [ -89.891419399527749, 15.29139281941484 ], [ -89.891501600785219, 15.292086975510507 ], [ -89.891768721110509, 15.292739680206404 ], [ -89.892108231997753, 15.293136054532535 ], [ -89.892607695209577, 15.293646389950881 ], [ -89.893063221937354, 15.294021800660854 ], [ -89.893294488907515, 15.294740599110149 ], [ -89.892997923468059, 15.29529517825466 ], [ -89.892312771167951, 15.295666019324473 ], [ -89.891175456356677, 15.296221320940882 ], [ -89.890083739968105, 15.296798692378747 ], [ -89.889339214841669, 15.297291724257901 ], [ -89.888778640610909, 15.297808758263391 ], [ -89.888357135498609, 15.298239689457768 ], [ -89.888061634110841, 15.298760413404761 ], [ -89.887618171338772, 15.299929192945518 ], [ -89.887293459226896, 15.301284727732828 ], [ -89.887407500967001, 15.302223121031671 ], [ -89.888177892525476, 15.302263196391953 ], [ -89.888898227575126, 15.302582483092856 ], [ -89.889828811143289, 15.303311022164102 ], [ -89.890394447826395, 15.303751179518429 ], [ -89.89096358370675, 15.303993865430652 ], [ -89.891701832944321, 15.303966889999916 ], [ -89.892534672476089, 15.303558604551634 ], [ -89.893290959731104, 15.303136835451449 ], [ -89.894071570860234, 15.302839557623486 ], [ -89.894748421109057, 15.302639027014745 ], [ -89.895260022989348, 15.302485863133908 ], [ -89.895849025372371, 15.302209616707685 ], [ -89.89624971604232, 15.30177047996678 ], [ -89.896538779645226, 15.301133400008583 ], [ -89.897067875448698, 15.300621552736162 ], [ -89.89764356634835, 15.300419609390641 ], [ -89.898251571755679, 15.300589450194771 ], [ -89.898982366244539, 15.301067998839081 ], [ -89.899449016099737, 15.301321657035144 ], [ -89.899980159019194, 15.301538962057736 ], [ -89.900967726041259, 15.301835959960023 ], [ -89.901703780580377, 15.301957907842057 ], [ -89.902364596504867, 15.302016731916604 ], [ -89.902923466919688, 15.302049309753162 ], [ -89.90528085156798, 15.301797538066664 ], [ -89.908435460044515, 15.301779124511357 ], [ -89.911977439484261, 15.301395806031058 ], [ -89.912727751715508, 15.301418588747197 ], [ -89.913947997531409, 15.301472690740493 ], [ -89.914633455147481, 15.301556650668289 ], [ -89.915166440413785, 15.301649789235086 ], [ -89.915825101239349, 15.301856403795723 ], [ -89.916319342367302, 15.301974967246998 ], [ -89.916887061205259, 15.302078741040587 ], [ -89.917436241203902, 15.302138236987529 ], [ -89.918098706833149, 15.302085295083069 ], [ -89.918786700139123, 15.301996585957413 ], [ -89.919870688083577, 15.301826421909331 ], [ -89.920658978060473, 15.301837285847926 ], [ -89.921713772788181, 15.301913897859496 ], [ -89.922691306983197, 15.302025558361574 ], [ -89.923604931090949, 15.302173582692214 ], [ -89.924365689275561, 15.302357877815876 ], [ -89.924859954099304, 15.302475293176904 ], [ -89.92552944425438, 15.302817475046098 ], [ -89.926260489936411, 15.303284663954207 ], [ -89.926994929842891, 15.303479874614217 ], [ -89.927669105448942, 15.303501561376375 ], [ -89.928276097424543, 15.302867664929654 ], [ -89.928499008315441, 15.302414729341224 ], [ -89.928785300107307, 15.301961533973179 ], [ -89.929134451785288, 15.301583695327766 ], [ -89.929868019651963, 15.301001198390908 ], [ -89.930659917000952, 15.300764886484416 ], [ -89.931611916366634, 15.300913405023064 ], [ -89.932118431966558, 15.301068223023117 ], [ -89.933311842162865, 15.301768607561501 ], [ -89.933719088398519, 15.302271962744234 ], [ -89.933987260945003, 15.302742932087527 ], [ -89.934231148273255, 15.303324184330517 ], [ -89.934606358722121, 15.304350824093008 ], [ -89.935257570805319, 15.30427284746637 ], [ -89.938901653474531, 15.304310385395205 ], [ -89.939260555023651, 15.305020755492661 ], [ -89.941283183317083, 15.309642378465771 ], [ -89.943074261363094, 15.31355649764677 ], [ -89.950654256226358, 15.316351037630303 ], [ -89.959005497336179, 15.319593811219706 ], [ -89.954145077455649, 15.320844786542791 ], [ -89.947839410939196, 15.322385161012507 ], [ -89.941548381534716, 15.323914253334294 ], [ -89.934794111982967, 15.325582395103613 ], [ -89.926557898593316, 15.327578680037364 ], [ -89.917376334602693, 15.329672182362684 ], [ -89.913993958397214, 15.327430096156105 ], [ -89.907895978677587, 15.323529552819336 ], [ -89.904777880076097, 15.321520146202493 ], [ -89.902074908162049, 15.319874263887918 ], [ -89.901144441072503, 15.322483295535621 ], [ -89.900981772444041, 15.323143577902735 ], [ -89.895374553927311, 15.323170615873417 ], [ -89.888758596274101, 15.323306479631787 ], [ -89.88188724456009, 15.323452117922022 ], [ -89.875915819229903, 15.323497276964275 ], [ -89.876212391789807, 15.324161697297217 ], [ -89.876751452322537, 15.324904006452341 ], [ -89.877633048906063, 15.32576171426466 ], [ -89.878628513922436, 15.326666162394693 ], [ -89.879512102909175, 15.327390709542957 ], [ -89.880715315130701, 15.328207761680448 ], [ -89.88207369445314, 15.32938476564925 ], [ -89.882951381152097, 15.330508774759993 ], [ -89.883443881197991, 15.331295568798151 ], [ -89.883550762422644, 15.331852368153687 ], [ -89.883777080252116, 15.333569984909003 ], [ -89.883840229619025, 15.335506542595088 ], [ -89.88400488953333, 15.336754898122454 ], [ -89.884197091861097, 15.33771469804001 ], [ -89.884582841192397, 15.339544024297259 ], [ -89.88466055399185, 15.340224571528976 ], [ -89.882669831392946, 15.340271239490754 ], [ -89.869750911942546, 15.340003327876556 ], [ -89.857674579590324, 15.339672057784922 ], [ -89.84985383321812, 15.339389016055552 ], [ -89.839779669109774, 15.338108792574825 ], [ -89.827086044429876, 15.336481636942509 ], [ -89.820153690302988, 15.338151429933779 ], [ -89.809413966254837, 15.340445952156536 ], [ -89.801121364455184, 15.339363300286081 ], [ -89.799943509469983, 15.340109327378318 ] ] ] ] } },
{ "type": "Feature", "properties": { "codigo_departamento": 16, "departamento": "Alta Verapaz", "codigo_municipio_shape": 1605, "municipio": "Tamahú", "riesgos": 14.3, "pobreza": 13.0, "indice_san": 16.3, "politicas": 12.5, "ponderacion": 55.992, "ranking": 36, "riesgos_prom_depto": 12.95, "pobreza_prom_depto": 15.54, "indice_san_prom_depto": 15.04, "politicas_prom_depto": 12.5, "ponderacion_prom_depto": 56.02, "riesgos_prom_nacional": 13.19, "pobreza_prom_nacional": 9.78, "indice_san_prom_nacional": 7.92, "politicas_prom_nacional": 7.21, "ponderacion_prom_nacional": 38.07 }, "geometry": { "type": "MultiPolygon", "coordinates": [ [ [ [ -90.197738180506747, 15.336264562135979 ], [ -90.199522637898681, 15.308936974537643 ], [ -90.201292715103477, 15.264945653574564 ], [ -90.22119722189683, 15.266060523403596 ], [ -90.238211395847827, 15.26954616008828 ], [ -90.245749974830844, 15.269640134571031 ], [ -90.251704034389093, 15.268747991940439 ], [ -90.25468215980861, 15.268015670090096 ], [ -90.261023650573136, 15.265629819706524 ], [ -90.262979095686518, 15.264699710896929 ], [ -90.264586901163881, 15.264119845640071 ], [ -90.267344630416531, 15.263022231956404 ], [ -90.270389688480122, 15.262637102204739 ], [ -90.271909277448344, 15.26312189766943 ], [ -90.271801895326021, 15.264276701320441 ], [ -90.272354625756023, 15.266278405850111 ], [ -90.276527446157118, 15.275477629873865 ], [ -90.286338243032645, 15.297097954297723 ], [ -90.295492623295985, 15.318557748151612 ], [ -90.289815460826006, 15.320508743166801 ], [ -90.285921003740569, 15.321425622300319 ], [ -90.283534347797016, 15.322106751784563 ], [ -90.266185928022665, 15.326777939452738 ], [ -90.263941030159472, 15.32840329343925 ], [ -90.263016177344369, 15.328402112522047 ], [ -90.262503221220541, 15.328395820777748 ], [ -90.261975481907086, 15.328452570492695 ], [ -90.261145361238889, 15.328993338886786 ], [ -90.261100816489147, 15.329911800048675 ], [ -90.261356689296591, 15.331523768059821 ], [ -90.261912863213254, 15.335490009796386 ], [ -90.264104773761218, 15.348387549165263 ], [ -90.264539261088117, 15.354997554073101 ], [ -90.260988034430426, 15.353677029288434 ], [ -90.255686521338276, 15.350345613411015 ], [ -90.250973990904001, 15.347406347035124 ], [ -90.247827168837716, 15.345829831307663 ], [ -90.242721308485486, 15.342693637583832 ], [ -90.225739588872543, 15.332783990124121 ], [ -90.21816534295445, 15.333640266829359 ], [ -90.212756526527528, 15.334549305788411 ], [ -90.199693838989319, 15.33630266995546 ], [ -90.197738180506747, 15.336264562135979 ] ] ] ] } },
{ "type": "Feature", "properties": { "codigo_departamento": 8, "departamento": "Totonicapán", "codigo_municipio_shape": 805, "municipio": "Momostenango", "riesgos": 14.5, "pobreza": 15.0, "indice_san": 13.8, "politicas": 12.5, "ponderacion": 55.838, "ranking": 37, "riesgos_prom_depto": 13.74, "pobreza_prom_depto": 13.76, "indice_san_prom_depto": 12.0, "politicas_prom_depto": 9.88, "ponderacion_prom_depto": 49.41, "riesgos_prom_nacional": 13.19, "pobreza_prom_nacional": 9.78, "indice_san_prom_nacional": 7.92, "politicas_prom_nacional": 7.21, "ponderacion_prom_nacional": 38.07 }, "geometry": { "type": "MultiPolygon", "coordinates": [ [ [ [ -91.312607044810875, 15.239088658492147 ], [ -91.313600168570801, 15.239087085210949 ], [ -91.314425748057488, 15.238645922325812 ], [ -91.314987022849039, 15.238007334373274 ], [ -91.315367708515481, 15.237397890869531 ], [ -91.315582142063192, 15.236917115374263 ], [ -91.315951886344493, 15.235781146220569 ], [ -91.31600492222509, 15.23481903250074 ], [ -91.315904273845035, 15.234234219630576 ], [ -91.315508099475124, 15.232989699758953 ], [ -91.315308987832395, 15.232130759426191 ], [ -91.315720206951951, 15.231484262420032 ], [ -91.31639625937747, 15.23096740839137 ], [ -91.317068521645353, 15.230195209286517 ], [ -91.317266572668018, 15.229724474435436 ], [ -91.317597838310022, 15.229181307470522 ], [ -91.317977573958004, 15.228688210376868 ], [ -91.318449223115806, 15.22804893851643 ], [ -91.318604753656857, 15.227364368359302 ], [ -91.31860939109626, 15.226780344117865 ], [ -91.318582962717585, 15.226298889606936 ], [ -91.318496627214842, 15.225815859978264 ], [ -91.318217721871477, 15.224967619350409 ], [ -91.317863088694082, 15.224205799715453 ], [ -91.317629912035784, 15.223313843635495 ], [ -91.317631833447109, 15.221167410404966 ], [ -91.317682770182557, 15.220393942240834 ], [ -91.317792920484862, 15.219782464458111 ], [ -91.3183541273835, 15.219143860922923 ], [ -91.319231304008284, 15.218494063096212 ], [ -91.320164804400662, 15.218296564792761 ], [ -91.3209155536114, 15.218477281168225 ], [ -91.32158779078047, 15.218948873103272 ], [ -91.322186378936649, 15.21931823994391 ], [ -91.322893378691191, 15.219294145087444 ], [ -91.323379524029761, 15.21865609626251 ], [ -91.323369255020879, 15.218042586532006 ], [ -91.322804725204065, 15.217192219197228 ], [ -91.32229850334393, 15.21654563543539 ], [ -91.322031826533944, 15.216062386804145 ], [ -91.321248240906598, 15.215401303379014 ], [ -91.320921035484758, 15.214848690311197 ], [ -91.320994910486263, 15.214188359965844 ], [ -91.320673660119013, 15.212957965868634 ], [ -91.320076022938679, 15.212471113924133 ], [ -91.319565995791081, 15.212306883678449 ], [ -91.318665663816674, 15.212139731233702 ], [ -91.317688907099139, 15.212073679135809 ], [ -91.317163874983237, 15.211894646383728 ], [ -91.316702355035375, 15.211336504454767 ], [ -91.316527596293909, 15.210634776049321 ], [ -91.316685203492085, 15.209760430566554 ], [ -91.31718658014853, 15.209034391032613 ], [ -91.317610266604689, 15.208715593581998 ], [ -91.318214957739983, 15.208311163118131 ], [ -91.318596620157066, 15.20756953913294 ], [ -91.318495270612345, 15.207072836458355 ], [ -91.318380653730529, 15.206342186229408 ], [ -91.318403300430461, 15.205393399053541 ], [ -91.319070086453792, 15.204712650121781 ], [ -91.319555512552355, 15.20416158979913 ], [ -91.319757547631184, 15.203330500470255 ], [ -91.31970881310059, 15.202359714867844 ], [ -91.322235080906964, 15.198021269603824 ], [ -91.323490836823296, 15.197443178760382 ], [ -91.324892477233305, 15.197468303003227 ], [ -91.326010708216913, 15.196699381618625 ], [ -91.329427782980233, 15.190378026517587 ], [ -91.331003587888787, 15.189256608267048 ], [ -91.331259628173513, 15.187984183065288 ], [ -91.330621355276151, 15.186530023452654 ], [ -91.330820649274258, 15.184707004924929 ], [ -91.329478129257168, 15.184422528730288 ], [ -91.328710778112637, 15.183630549762865 ], [ -91.328247081197247, 15.181577801023144 ], [ -91.329113502820405, 15.180569743089222 ], [ -91.330348380871769, 15.180042283855238 ], [ -91.330893153617993, 15.178884971913918 ], [ -91.33089771026053, 15.177268375489975 ], [ -91.330047574770703, 15.176577465773686 ], [ -91.329790463882688, 15.175619819338346 ], [ -91.330545930378705, 15.174220047318244 ], [ -91.330362687384095, 15.171040789096129 ], [ -91.33220404612652, 15.170003781928466 ], [ -91.332775653232275, 15.168830843035975 ], [ -91.33216655071746, 15.167666112085644 ], [ -91.332383571236164, 15.165578862854797 ], [ -91.330765863383476, 15.164135534692678 ], [ -91.328724111652619, 15.163666261843614 ], [ -91.326964503359278, 15.16237550071404 ], [ -91.324497547296232, 15.159482051263231 ], [ -91.322473093620445, 15.156015714508872 ], [ -91.32082194615343, 15.153816298243319 ], [ -91.320115624361321, 15.151940229141369 ], [ -91.318635532669276, 15.150694425328279 ], [ -91.317238651734371, 15.150695309702749 ], [ -91.315744538566946, 15.151445588061636 ], [ -91.313584349861728, 15.153834610706269 ], [ -91.312128451877655, 15.154528662767088 ], [ -91.310413013963156, 15.153850422255903 ], [ -91.309541673850475, 15.152774058244086 ], [ -91.309565139353737, 15.150331798879346 ], [ -91.308350799658285, 15.148877798928204 ], [ -91.307026463472766, 15.148680334505261 ], [ -91.305673876112039, 15.149621398913544 ], [ -91.303799438354019, 15.149856980813876 ], [ -91.299225789742337, 15.148599080974307 ], [ -91.291211438912072, 15.141451914823397 ], [ -91.287819419011385, 15.139070788692738 ], [ -91.286899556026782, 15.13768670422921 ], [ -91.288503004015809, 15.134905112712184 ], [ -91.289781427951311, 15.129650381397626 ], [ -91.291031366511547, 15.125981526018425 ], [ -91.292148864242264, 15.124177928249988 ], [ -91.29214480224249, 15.123087731984931 ], [ -91.295157763573343, 15.117509396705012 ], [ -91.296785355918857, 15.112905678004312 ], [ -91.297489555048571, 15.112385664269432 ], [ -91.298090249373857, 15.111428803677203 ], [ -91.298682712810646, 15.110264013758261 ], [ -91.302857291766728, 15.106985321163052 ], [ -91.304635813738827, 15.106552421112749 ], [ -91.309784906243465, 15.10662484119838 ], [ -91.312403771370242, 15.105357644189244 ], [ -91.314694594000244, 15.101818369001824 ], [ -91.315087902193127, 15.099498595414689 ], [ -91.31641156861015, 15.096572306743406 ], [ -91.318745578793084, 15.08788967232077 ], [ -91.321398219644948, 15.085172027806346 ], [ -91.324228418048207, 15.083750326605772 ], [ -91.33238240650077, 15.07960790423726 ], [ -91.333628250502713, 15.078190220831214 ], [ -91.338346272204376, 15.074627797291475 ], [ -91.33894278122483, 15.07424693007464 ], [ -91.341542495844848, 15.071928545952593 ], [ -91.346131258787835, 15.065649100056762 ], [ -91.348778189959233, 15.062535623579141 ], [ -91.356096254689149, 15.056110832310161 ], [ -91.356694154753967, 15.055537865518344 ], [ -91.359082756342218, 15.053633454467525 ], [ -91.362825120869346, 15.050665522578109 ], [ -91.374448902027609, 15.044252982237904 ], [ -91.376831852022747, 15.042367522515077 ], [ -91.378105448684522, 15.036365194775689 ], [ -91.378119832590343, 15.033923894888318 ], [ -91.380333042201968, 15.028168882520484 ], [ -91.383319781947847, 15.023949028902306 ], [ -91.385846276778139, 15.019007330134256 ], [ -91.390819233234467, 15.014485107284301 ], [ -91.394602106902425, 15.012556210087659 ], [ -91.3982974885365, 15.01112937223574 ], [ -91.400396451997622, 15.008980631937028 ], [ -91.401892314862508, 15.004693497758208 ], [ -91.4021058325024, 15.001220952937073 ], [ -91.403671913981995, 15.001553924261476 ], [ -91.404848361505046, 14.993143109276197 ], [ -91.405732147573744, 14.990571155549212 ], [ -91.407276359147588, 14.989217187822845 ], [ -91.410817330934321, 14.985575792630264 ], [ -91.413934199068962, 14.981508842121801 ], [ -91.418733498548349, 14.977959651468574 ], [ -91.421158546484151, 14.975724803944562 ], [ -91.424232007464383, 14.972779252443981 ], [ -91.425992942082885, 14.971474083486935 ], [ -91.426584284481621, 14.970944905301323 ], [ -91.428569809363907, 14.969755370530294 ], [ -91.431546829781809, 14.968618956614458 ], [ -91.434309580824518, 14.968258326989266 ], [ -91.442895808242596, 14.968314833089361 ], [ -91.448457841073562, 14.968731212268136 ], [ -91.449754204595337, 14.96922131688336 ], [ -91.453662190985028, 14.970735785695833 ], [ -91.458388467786818, 14.973299657497831 ], [ -91.45845294597008, 14.978583034887427 ], [ -91.458936402971673, 14.979237067417561 ], [ -91.459907083229851, 14.981157507022859 ], [ -91.462826633184449, 14.985961918234297 ], [ -91.462819802096092, 14.986918812936018 ], [ -91.463582141385842, 14.98774870731517 ], [ -91.463954010645978, 14.989060653289059 ], [ -91.46498934662074, 14.996838400678849 ], [ -91.46542063872991, 14.997480773453674 ], [ -91.46557449614825, 15.001005658320299 ], [ -91.467005378060151, 15.005160533931612 ], [ -91.469879780137305, 15.00951040396194 ], [ -91.476060642900507, 15.011999034843468 ], [ -91.483031004387101, 15.012421840168125 ], [ -91.490205526853131, 15.011339751305181 ], [ -91.494294324918712, 15.008354763985727 ], [ -91.496465721802906, 15.002532503056294 ], [ -91.500031427470503, 14.995013369741905 ], [ -91.500825607854551, 14.99421868959033 ], [ -91.501659815995851, 14.993516911851646 ], [ -91.503096344691542, 14.992864284996068 ], [ -91.504451152506263, 14.9925963780542 ], [ -91.505894647171303, 14.992529020902859 ], [ -91.507802991343667, 14.992640954293801 ], [ -91.509346601385602, 14.992970799288617 ], [ -91.511430199329084, 14.994045327539359 ], [ -91.513924879627425, 14.996525759694597 ], [ -91.514753986781116, 14.998242850133266 ], [ -91.5154660529507, 14.99999419907186 ], [ -91.515566869565902, 15.000965373610867 ], [ -91.51704600280874, 15.002481067232823 ], [ -91.518543687339189, 15.004766282794789 ], [ -91.520053405911639, 15.006320573102979 ], [ -91.524049275034685, 15.00893156135144 ], [ -91.526235161598066, 15.00987105681852 ], [ -91.528526498304686, 15.011881159242568 ], [ -91.531920176441631, 15.01878260758178 ], [ -91.532433193652821, 15.019580187314341 ], [ -91.53299794043815, 15.020038023857561 ], [ -91.537700631369376, 15.02099928848234 ], [ -91.538475362663561, 15.022120541962227 ], [ -91.539039028339332, 15.026243529253572 ], [ -91.541907450974037, 15.026943232498152 ], [ -91.54260760470018, 15.027925027466846 ], [ -91.542622331610218, 15.030893190448838 ], [ -91.543936408057803, 15.037946118277924 ], [ -91.544598175782227, 15.059317726378326 ], [ -91.546102985954889, 15.069811068135143 ], [ -91.546600916794432, 15.081242486665982 ], [ -91.547919042849017, 15.092620407857737 ], [ -91.547869084913714, 15.09886012942367 ], [ -91.548454286239505, 15.100791369133933 ], [ -91.549200385580562, 15.107798828394627 ], [ -91.549070694753922, 15.112935321771165 ], [ -91.548509914989197, 15.113565556241049 ], [ -91.547493413722364, 15.113742060256952 ], [ -91.546180399965948, 15.115361702381849 ], [ -91.544408089019285, 15.116111804199488 ], [ -91.536638267219203, 15.123364817212096 ], [ -91.522756606706579, 15.136306918605289 ], [ -91.520547250315587, 15.137734095792633 ], [ -91.514346931383784, 15.13118794480528 ], [ -91.512483293478027, 15.129158972683992 ], [ -91.512499901739531, 15.128612252486001 ], [ -91.51131099991872, 15.127231704362325 ], [ -91.507785614320269, 15.122599964957306 ], [ -91.507261710462018, 15.122510641276607 ], [ -91.506478780279991, 15.121377920525882 ], [ -91.505625474200926, 15.119003076158629 ], [ -91.505259025756899, 15.11644389753379 ], [ -91.505314372040118, 15.109121980115601 ], [ -91.504931458462252, 15.106839497388432 ], [ -91.504150891570958, 15.105295538474877 ], [ -91.502905129922084, 15.104171049163321 ], [ -91.501525149941486, 15.103531482881259 ], [ -91.500055881533015, 15.103353407610143 ], [ -91.493095970217098, 15.102503875184944 ], [ -91.491697343324304, 15.102535231131204 ], [ -91.490285457264889, 15.103373168087936 ], [ -91.487482475664024, 15.106624092780754 ], [ -91.484543479994159, 15.108626765856405 ], [ -91.482046154176174, 15.108530935755446 ], [ -91.480636444317327, 15.107500136101779 ], [ -91.480094206776855, 15.106563279875907 ], [ -91.478922195799541, 15.104246099427559 ], [ -91.473974854737122, 15.101438012563026 ], [ -91.47287551718172, 15.099541581100155 ], [ -91.472170187903743, 15.095806240057746 ], [ -91.472702306455261, 15.091723361700772 ], [ -91.474509221521942, 15.088403772766641 ], [ -91.477247548123302, 15.0864642620763 ], [ -91.478598947065464, 15.085455393519592 ], [ -91.480686376598911, 15.084121553147231 ], [ -91.481218305560077, 15.083474355368276 ], [ -91.48163068650662, 15.082795850926018 ], [ -91.481674432045196, 15.081711534678494 ], [ -91.481242849171863, 15.079935986913355 ], [ -91.477111001452172, 15.073384800871331 ], [ -91.475673357652596, 15.072554903593179 ], [ -91.47395980553209, 15.07201914916676 ], [ -91.470966343384987, 15.071773022537558 ], [ -91.467985226615099, 15.071996932612057 ], [ -91.465936966531089, 15.072578483717795 ], [ -91.463146296186949, 15.072915465193011 ], [ -91.460819018632108, 15.073569643053 ], [ -91.455670899168737, 15.076239342949117 ], [ -91.449571463936323, 15.078996181120219 ], [ -91.443798535886714, 15.080486338045041 ], [ -91.441563167614319, 15.082472947929611 ], [ -91.43955954422664, 15.085919673315235 ], [ -91.43815869084743, 15.08802496625222 ], [ -91.437449043396057, 15.089502341175034 ], [ -91.435400774282584, 15.103949350363868 ], [ -91.434560485411723, 15.106342054528302 ], [ -91.433690376105815, 15.108437413130696 ], [ -91.431693097048566, 15.110807399075664 ], [ -91.429666824516701, 15.112764795061741 ], [ -91.427480578701136, 15.114095163481718 ], [ -91.425491921729147, 15.114806636935814 ], [ -91.422144577776052, 15.116115304336205 ], [ -91.416064449535938, 15.118805697842843 ], [ -91.409153830910128, 15.1231304853727 ], [ -91.407458948269991, 15.124509284829122 ], [ -91.404268122354466, 15.128337000135128 ], [ -91.399752669383204, 15.132062636471789 ], [ -91.392279867372707, 15.134496163095468 ], [ -91.389631373311161, 15.135991160842956 ], [ -91.388885800882093, 15.136613985859261 ], [ -91.388400112424634, 15.137321133111177 ], [ -91.387867216150255, 15.138271970201277 ], [ -91.387560990931263, 15.139469579241705 ], [ -91.38735893522778, 15.140887102560786 ], [ -91.387050635618124, 15.143816600491466 ], [ -91.385911550631988, 15.155224570794303 ], [ -91.385874466888779, 15.160649356780752 ], [ -91.381772026405997, 15.20438284454084 ], [ -91.381740089310313, 15.210625565315894 ], [ -91.381296329517284, 15.211222263530424 ], [ -91.3799933309067, 15.211212878465849 ], [ -91.377923483972864, 15.211220550789532 ], [ -91.37643522583727, 15.211398474872862 ], [ -91.37554874063359, 15.212224687475999 ], [ -91.374244132121774, 15.212348566468119 ], [ -91.373471703329898, 15.212562147678716 ], [ -91.372387266003656, 15.214619457043108 ], [ -91.371261297621615, 15.215114034158686 ], [ -91.370653373275175, 15.215342352674931 ], [ -91.370727923614709, 15.216087390186249 ], [ -91.371186611731105, 15.216429633575494 ], [ -91.371229138223626, 15.217254649926399 ], [ -91.370728612688183, 15.217889322194148 ], [ -91.369348691391892, 15.21849727819982 ], [ -91.369343987744458, 15.219108431317398 ], [ -91.370116292490565, 15.21974668621619 ], [ -91.37036873467035, 15.220280620328481 ], [ -91.370311087203348, 15.221346674003494 ], [ -91.369901272617213, 15.221682619780706 ], [ -91.369367120389214, 15.22184707401961 ], [ -91.367643451970594, 15.221007593241929 ], [ -91.367116901703298, 15.220940502489324 ], [ -91.366498154282937, 15.22113596873271 ], [ -91.366357751013808, 15.221841030384663 ], [ -91.366478602533874, 15.222464393434462 ], [ -91.366578281485928, 15.222966718246463 ], [ -91.365865341147227, 15.224361273324925 ], [ -91.365109598523404, 15.224667579993488 ], [ -91.363740099792267, 15.224746857270327 ], [ -91.363173488562595, 15.225120059850267 ], [ -91.362729729243057, 15.22563085468742 ], [ -91.36250065053801, 15.226666277205819 ], [ -91.362666389485483, 15.227126155280367 ], [ -91.362777296511382, 15.227604840037875 ], [ -91.362314665762497, 15.22822281881745 ], [ -91.361753674810302, 15.228319273661405 ], [ -91.361202777673768, 15.228614632215857 ], [ -91.360801438254867, 15.230332281245461 ], [ -91.36011009052379, 15.230808499154202 ], [ -91.358706388989233, 15.230867156597142 ], [ -91.357653495922065, 15.231901067135414 ], [ -91.356826406578293, 15.231950374889644 ], [ -91.353301355331482, 15.230910057961941 ], [ -91.350872297981695, 15.230779260120487 ], [ -91.350344463311785, 15.231397860430533 ], [ -91.350277285638555, 15.233000445208175 ], [ -91.349829689206345, 15.233698714089968 ], [ -91.349113274181263, 15.234027846415621 ], [ -91.347540725467596, 15.233877322465279 ], [ -91.346584035659433, 15.2362167113111 ], [ -91.346188294788107, 15.236604679576743 ], [ -91.345703363767953, 15.236866592787646 ], [ -91.342773193043357, 15.23638179350764 ], [ -91.342114482423753, 15.236918065565241 ], [ -91.341412255503343, 15.237512759223364 ], [ -91.339226388483169, 15.235447289856122 ], [ -91.336272792548428, 15.235209643556814 ], [ -91.335161557965336, 15.235435257713654 ], [ -91.334324213481082, 15.236120433250379 ], [ -91.330610765071526, 15.23655264180216 ], [ -91.32884065967076, 15.238434001165562 ], [ -91.327166789436106, 15.238515297848092 ], [ -91.32561742248572, 15.242786480747228 ], [ -91.324295918152018, 15.245019089853518 ], [ -91.323180681522473, 15.247209172501559 ], [ -91.321451322771551, 15.248994734055785 ], [ -91.320083797979009, 15.251150145660358 ], [ -91.319090809108815, 15.252224965298602 ], [ -91.318700836476054, 15.251658319475522 ], [ -91.318200815066717, 15.251249005220332 ], [ -91.317503322680764, 15.25079641200324 ], [ -91.315572672008813, 15.249722256916868 ], [ -91.31434303027153, 15.249025029526246 ], [ -91.313416059571693, 15.248313126443147 ], [ -91.312919202418982, 15.247509561398974 ], [ -91.312468660216709, 15.246662284288641 ], [ -91.311197353384529, 15.245503809397142 ], [ -91.310881272394056, 15.244941096138758 ], [ -91.31081794659957, 15.244274096536795 ], [ -91.310966388709986, 15.243680989105751 ], [ -91.312607044810875, 15.239088658492147 ] ] ] ] } },
{ "type": "Feature", "properties": { "codigo_departamento": 19, "departamento": "Zacapa", "codigo_municipio_shape": 1909, "municipio": "La Unión", "riesgos": 14.3, "pobreza": 13.9, "indice_san": 10.9, "politicas": 16.7, "ponderacion": 55.67, "ranking": 38, "riesgos_prom_depto": 12.81, "pobreza_prom_depto": 8.25, "indice_san_prom_depto": 4.62, "politicas_prom_depto": 7.23, "ponderacion_prom_depto": 32.85, "riesgos_prom_nacional": 13.19, "pobreza_prom_nacional": 9.78, "indice_san_prom_nacional": 7.92, "politicas_prom_nacional": 7.21, "ponderacion_prom_nacional": 38.07 }, "geometry": { "type": "MultiPolygon", "coordinates": [ [ [ [ -89.183942701960305, 15.005302980412543 ], [ -89.184000388107947, 15.003950385933779 ], [ -89.182859894829392, 15.002629567262675 ], [ -89.182346752372283, 15.002119006057557 ], [ -89.182838186410549, 15.001532817228098 ], [ -89.182810177973394, 15.000986411285622 ], [ -89.182584630666213, 15.000454736088203 ], [ -89.181860852476447, 15.000043282846198 ], [ -89.181298763823079, 14.999805996478409 ], [ -89.179653622254492, 14.998968487381433 ], [ -89.178507669791458, 14.997435505904257 ], [ -89.17873946852049, 14.993666363542665 ], [ -89.178181446407066, 14.992385776242704 ], [ -89.172786221342534, 14.990554642486542 ], [ -89.170046956514355, 14.990106998908447 ], [ -89.168398047147107, 14.988967079052555 ], [ -89.166977603015212, 14.985784895248889 ], [ -89.165616967361103, 14.985075055614658 ], [ -89.16368851007131, 14.984844042388522 ], [ -89.161732764131628, 14.983476711006229 ], [ -89.157194759870393, 14.982366955895365 ], [ -89.156762452805012, 14.981981798735221 ], [ -89.156424214325895, 14.981397456004069 ], [ -89.155988170683685, 14.981026896994482 ], [ -89.155868207287213, 14.97968826480672 ], [ -89.155982603889029, 14.978610758385877 ], [ -89.15648232951429, 14.978144332793219 ], [ -89.158592938727793, 14.975414236784424 ], [ -89.16215665439249, 14.972071307725086 ], [ -89.162204324567767, 14.971284804437641 ], [ -89.16279862106758, 14.970718434176375 ], [ -89.163289301825088, 14.967501899074644 ], [ -89.161914748091533, 14.966082350713924 ], [ -89.161775452729287, 14.963123660063884 ], [ -89.16254632305855, 14.960524314823013 ], [ -89.163437565386388, 14.95921059458135 ], [ -89.163089429373372, 14.955467846844916 ], [ -89.163937082608669, 14.951255683872674 ], [ -89.165117368191972, 14.949766335158349 ], [ -89.166197379204519, 14.945889671823407 ], [ -89.16824218564858, 14.943699697033525 ], [ -89.172910637536575, 14.942291395627683 ], [ -89.173971869124742, 14.941424866971301 ], [ -89.175033648568458, 14.936829301657875 ], [ -89.172521607609625, 14.93469370275079 ], [ -89.171783333050328, 14.931415884266082 ], [ -89.171840061361422, 14.930343016438828 ], [ -89.172510637678073, 14.929227424239976 ], [ -89.172911158702959, 14.928850630949251 ], [ -89.179392436511961, 14.922261269557099 ], [ -89.181819703447843, 14.92531916702379 ], [ -89.184210812502471, 14.929901471669631 ], [ -89.187384966631271, 14.933275247450133 ], [ -89.187775216671085, 14.934267614919978 ], [ -89.189038142129576, 14.935540755438291 ], [ -89.191520045022841, 14.939593273102583 ], [ -89.194988397931169, 14.942317678315231 ], [ -89.200505862131934, 14.947635590431071 ], [ -89.202547635860199, 14.948502046374442 ], [ -89.209168135842305, 14.948515149250978 ], [ -89.220474539806148, 14.94983528125608 ], [ -89.223535752099963, 14.949706627209519 ], [ -89.225121415688875, 14.948668023652811 ], [ -89.226742838663995, 14.946015797284538 ], [ -89.227051076354627, 14.944976347537953 ], [ -89.228771622646335, 14.942855905943878 ], [ -89.229082577340662, 14.94156043391933 ], [ -89.233425937607478, 14.936367647845044 ], [ -89.235366810781983, 14.933014439099797 ], [ -89.237203726679198, 14.930829257975446 ], [ -89.237834672727317, 14.929174674962061 ], [ -89.239926083555815, 14.926994777694723 ], [ -89.242197937640853, 14.923209237443441 ], [ -89.243737364860394, 14.921644011729587 ], [ -89.245194193155939, 14.918354893901817 ], [ -89.246475800804717, 14.916368026436306 ], [ -89.247025906001753, 14.916221389353604 ], [ -89.253103651649141, 14.906579235003013 ], [ -89.255070186961078, 14.904084599801198 ], [ -89.259467165651927, 14.900367388481435 ], [ -89.272761827813, 14.895738136675041 ], [ -89.276240287131102, 14.894850557334918 ], [ -89.281215451778635, 14.894383196971377 ], [ -89.286382212011844, 14.896372430526597 ], [ -89.292387788666332, 14.899987208500262 ], [ -89.301673025326352, 14.904557402356881 ], [ -89.309538133461743, 14.90763332092364 ], [ -89.315021797763293, 14.910979757881138 ], [ -89.321132967896048, 14.911959228014604 ], [ -89.324722015981393, 14.911575846872022 ], [ -89.328126547403869, 14.910034231025787 ], [ -89.330723387525339, 14.909427233207817 ], [ -89.331323478091122, 14.908862637725381 ], [ -89.335986400248999, 14.90812512719336 ], [ -89.341485969166712, 14.906073066680555 ], [ -89.343045509487439, 14.904956313311782 ], [ -89.350022604230702, 14.903131823296913 ], [ -89.35091295696671, 14.902859474308951 ], [ -89.355765530876127, 14.901118216393197 ], [ -89.358614158784292, 14.900363696102346 ], [ -89.361260222821684, 14.898925627176155 ], [ -89.365039670081188, 14.898214019705341 ], [ -89.365642496485748, 14.897652736365558 ], [ -89.370448432944656, 14.896433852146577 ], [ -89.372321038457812, 14.895488787446981 ], [ -89.378302945076342, 14.894393274848563 ], [ -89.383756648583443, 14.895470055031772 ], [ -89.386144149673441, 14.896619040110778 ], [ -89.389153573839977, 14.897069309178171 ], [ -89.391946773467055, 14.898068951500157 ], [ -89.393900608461053, 14.898095234036916 ], [ -89.398746757814337, 14.899269294355163 ], [ -89.401400338808827, 14.900473103669043 ], [ -89.407096509705227, 14.901643451904905 ], [ -89.408293984490427, 14.902472316727529 ], [ -89.408015631502892, 14.903619863875512 ], [ -89.406878588176241, 14.904810334497753 ], [ -89.400894877076539, 14.915823555845387 ], [ -89.399658886081241, 14.925487554254019 ], [ -89.398696025398678, 14.929651277755678 ], [ -89.397542278517605, 14.931343452033676 ], [ -89.396537337708324, 14.93169652339248 ], [ -89.393574636331905, 14.934462377886524 ], [ -89.387229421820521, 14.938371698419685 ], [ -89.385338578760738, 14.939586169602812 ], [ -89.376236166104334, 14.942313091964872 ], [ -89.371892790293458, 14.943010124192673 ], [ -89.369298282095087, 14.945074049358025 ], [ -89.368694915805463, 14.945830482711056 ], [ -89.366116082572844, 14.949542868861451 ], [ -89.362963798436397, 14.952917765636821 ], [ -89.362419511530874, 14.952886523431408 ], [ -89.360679441503279, 14.954125699669312 ], [ -89.35738749158233, 14.956657775069747 ], [ -89.356097157654332, 14.957306162133648 ], [ -89.351634709529122, 14.960049563886965 ], [ -89.350117050847118, 14.961613718357643 ], [ -89.343532543331179, 14.967092545478989 ], [ -89.342472613582004, 14.967219938477877 ], [ -89.340152191457491, 14.968692143753248 ], [ -89.338833164285546, 14.96900827106688 ], [ -89.336302120773922, 14.970818870960235 ], [ -89.335515438916715, 14.970845703394211 ], [ -89.333238186738271, 14.972231648850514 ], [ -89.330859478134428, 14.974053644167036 ], [ -89.329096999579519, 14.976111167976445 ], [ -89.328869976201446, 14.977276255230116 ], [ -89.326524288055026, 14.981339187822908 ], [ -89.326010358881362, 14.984250493934562 ], [ -89.3269002513874, 14.990074727634017 ], [ -89.328894064775099, 14.996670373675526 ], [ -89.329260922382716, 15.001963848646831 ], [ -89.329739517627445, 15.009818864637269 ], [ -89.328867514275302, 15.010381258662942 ], [ -89.326960779741796, 15.009788643113115 ], [ -89.322113033743179, 15.010374720340728 ], [ -89.317941579233263, 15.010035304813915 ], [ -89.316231811055573, 15.009364575058179 ], [ -89.314822706932915, 15.009401523661115 ], [ -89.313947373619499, 15.010055173639444 ], [ -89.313431384761159, 15.01181681797593 ], [ -89.313042594592815, 15.012389233142315 ], [ -89.312423183121282, 15.012805610627128 ], [ -89.310518585666685, 15.012531023514343 ], [ -89.308813247386666, 15.010928492994838 ], [ -89.306482119861812, 15.007617984314512 ], [ -89.304962438146603, 15.006426825611724 ], [ -89.301190880225178, 15.005925534828025 ], [ -89.29544744741824, 15.006400580589336 ], [ -89.292951494650879, 15.006133148638348 ], [ -89.291488523563245, 15.00670492010552 ], [ -89.289738692646409, 15.008093246964384 ], [ -89.289194938249196, 15.010376644900564 ], [ -89.287864768791522, 15.011354409034853 ], [ -89.283984703916346, 15.012563475175371 ], [ -89.276510619551217, 15.013340212640534 ], [ -89.275882227303171, 15.013836420013339 ], [ -89.267682060532792, 15.015519188927081 ], [ -89.260684952135705, 15.016196036577544 ], [ -89.258278171476221, 15.017771784801674 ], [ -89.256579656366483, 15.019928835914984 ], [ -89.25589265907017, 15.019822758377758 ], [ -89.253528957805358, 15.020389545018297 ], [ -89.251573791974963, 15.020325704060294 ], [ -89.249810618883345, 15.018574078949712 ], [ -89.249398221651248, 15.013448212194461 ], [ -89.247865213410478, 15.009753385646327 ], [ -89.246407461361727, 15.008129757264852 ], [ -89.244550334270784, 15.007145889396504 ], [ -89.241274959037838, 15.005269979531262 ], [ -89.23654418628125, 15.004826235433089 ], [ -89.234325863753526, 15.00578216699188 ], [ -89.23297044922495, 15.005544259848969 ], [ -89.231552746197096, 15.004358898594079 ], [ -89.230130057084935, 15.004549639158649 ], [ -89.227963634073888, 15.005622547541202 ], [ -89.226814995889768, 15.007058628460038 ], [ -89.223355238893447, 15.009707280117269 ], [ -89.221431054084988, 15.009969708996543 ], [ -89.212892972694036, 15.008876697242053 ], [ -89.210480652442826, 15.007733305818212 ], [ -89.206716923684681, 15.004684726974443 ], [ -89.205633800593517, 15.00437675861563 ], [ -89.202155471306128, 15.005213175593196 ], [ -89.20022874404161, 15.005032084864295 ], [ -89.191851741459303, 15.006989958014335 ], [ -89.186037302186506, 15.006484150836377 ], [ -89.183942701960305, 15.005302980412543 ] ] ] ] } },
{ "type": "Feature", "properties": { "codigo_departamento": 7, "departamento": "Sololá", "codigo_municipio_shape": 714, "municipio": "Santa Cruz La Laguna", "riesgos": 12.3, "pobreza": 15.3, "indice_san": 15.5, "politicas": 12.5, "ponderacion": 55.616, "ranking": 39, "riesgos_prom_depto": 13.93, "pobreza_prom_depto": 10.61, "indice_san_prom_depto": 9.75, "politicas_prom_depto": 5.51, "ponderacion_prom_depto": 39.75, "riesgos_prom_nacional": 13.19, "pobreza_prom_nacional": 9.78, "indice_san_prom_nacional": 7.92, "politicas_prom_nacional": 7.21, "ponderacion_prom_nacional": 38.07 }, "geometry": { "type": "MultiPolygon", "coordinates": [ [ [ [ -91.199455442493559, 14.740973704148294 ], [ -91.200083243909972, 14.741068966665924 ], [ -91.200698617490517, 14.741052290640981 ], [ -91.201350059334771, 14.740813341983033 ], [ -91.202105993108418, 14.740430606521231 ], [ -91.202780345091696, 14.740157943351694 ], [ -91.203819739890008, 14.739889241905896 ], [ -91.204459695186586, 14.739705551432239 ], [ -91.205041738910964, 14.739576764221988 ], [ -91.205817661757919, 14.739516131502944 ], [ -91.206318824780183, 14.739553908680332 ], [ -91.207240570757207, 14.739759879344927 ], [ -91.208047613248993, 14.740010148708931 ], [ -91.208855833298415, 14.740116951324204 ], [ -91.209461185685626, 14.739977035613641 ], [ -91.210194064281737, 14.739572627061538 ], [ -91.210630373233414, 14.73916592446605 ], [ -91.211092670436798, 14.738348209863952 ], [ -91.211338246452385, 14.737629361598925 ], [ -91.211765208934281, 14.736944676577902 ], [ -91.212385409915527, 14.73640608609848 ], [ -91.213186175998828, 14.736002190618013 ], [ -91.214349227920337, 14.736011169458662 ], [ -91.215477548418818, 14.736008576854708 ], [ -91.216731681244795, 14.735951596002288 ], [ -91.217426508635029, 14.736012305001076 ], [ -91.218166330925342, 14.736107249298612 ], [ -91.218758619195413, 14.736144571596698 ], [ -91.21954492498898, 14.736161919029033 ], [ -91.220264912655495, 14.735912147753172 ], [ -91.220814536162848, 14.735628299898115 ], [ -91.221948891374169, 14.734882377836183 ], [ -91.222568349525133, 14.734431867852797 ], [ -91.22343005659981, 14.733595725949407 ], [ -91.22461513131816, 14.732174614771417 ], [ -91.225005509254203, 14.731844347299074 ], [ -91.225566685715009, 14.731493922081281 ], [ -91.22637722791427, 14.731311474107146 ], [ -91.227255449983346, 14.731228956408168 ], [ -91.228477505249344, 14.73097283307869 ], [ -91.228990944613315, 14.7308547542504 ], [ -91.229493274828286, 14.730746755593566 ], [ -91.230237792533757, 14.730331069718115 ], [ -91.230708468000117, 14.729901987856028 ], [ -91.23107605780578, 14.729517308335188 ], [ -91.231617810855852, 14.728766802237807 ], [ -91.231906068648556, 14.72835892169608 ], [ -91.232332010275144, 14.727862843304257 ], [ -91.23346823897198, 14.728315490607157 ], [ -91.234996663879912, 14.729579999062146 ], [ -91.235598941315402, 14.729817310048286 ], [ -91.236144473393296, 14.729966072129404 ], [ -91.236736035911576, 14.730092587963169 ], [ -91.237531436649164, 14.730420614350395 ], [ -91.238064610762976, 14.730735344325927 ], [ -91.238927030860197, 14.731174587397684 ], [ -91.239724761647579, 14.731213418075463 ], [ -91.240708109628855, 14.730832272658137 ], [ -91.241280505633043, 14.730527080762753 ], [ -91.241910501979703, 14.730131948980205 ], [ -91.242391433535445, 14.729868987807251 ], [ -91.243182706703507, 14.729264949959587 ], [ -91.243420969279427, 14.728647673384458 ], [ -91.244578895491756, 14.729076713419046 ], [ -91.245110435716214, 14.730539205209311 ], [ -91.248814745663211, 14.734652320323045 ], [ -91.249712368095999, 14.736938880808228 ], [ -91.249073628676911, 14.739806916381349 ], [ -91.247542883363806, 14.743529036106858 ], [ -91.247236483962837, 14.749757094029468 ], [ -91.244015736126443, 14.749810601519304 ], [ -91.241936825679218, 14.749057098854847 ], [ -91.224727474018124, 14.751399642657004 ], [ -91.220651616565192, 14.751396547482083 ], [ -91.217214924524285, 14.754874392464073 ], [ -91.211660606456149, 14.758919845519326 ], [ -91.205588754516938, 14.760858766361457 ], [ -91.200978629954108, 14.756561724959155 ], [ -91.198912760807389, 14.753675094055122 ], [ -91.198807835887337, 14.746109878455194 ], [ -91.199455442493559, 14.740973704148294 ] ] ] ] } },
{ "type": "Feature", "properties": { "codigo_departamento": 16, "departamento": "Alta Verapaz", "codigo_municipio_shape": 1603, "municipio": "San Cristóbal Verapaz", "riesgos": 13.8, "pobreza": 13.8, "indice_san": 15.3, "politicas": 12.5, "ponderacion": 55.318, "ranking": 40, "riesgos_prom_depto": 12.95, "pobreza_prom_depto": 15.54, "indice_san_prom_depto": 15.04, "politicas_prom_depto": 12.5, "ponderacion_prom_depto": 56.02, "riesgos_prom_nacional": 13.19, "pobreza_prom_nacional": 9.78, "indice_san_prom_nacional": 7.92, "politicas_prom_nacional": 7.21, "ponderacion_prom_nacional": 38.07 }, "geometry": { "type": "MultiPolygon", "coordinates": [ [ [ [ -90.429191350947505, 15.40164127707221 ], [ -90.430720292912198, 15.399212130611289 ], [ -90.433141994331748, 15.395778190530924 ], [ -90.43593296801501, 15.392262654946355 ], [ -90.43895735196061, 15.387878065229955 ], [ -90.441370534097672, 15.384832319603099 ], [ -90.443093839899007, 15.382664987976113 ], [ -90.446539490360706, 15.377731807402309 ], [ -90.450230143247254, 15.372829584487683 ], [ -90.455507373742563, 15.365816958278209 ], [ -90.455596371629298, 15.364476541041299 ], [ -90.452648515443727, 15.361233797098748 ], [ -90.449224412335795, 15.357832011404948 ], [ -90.445116327750924, 15.353750503296411 ], [ -90.440123059319589, 15.349177761401839 ], [ -90.427899868308614, 15.33697452345799 ], [ -90.427384165304147, 15.336472887322774 ], [ -90.427836536667272, 15.335922570894532 ], [ -90.431234676782395, 15.331208057647592 ], [ -90.433966569218853, 15.326921661398908 ], [ -90.435276171686056, 15.324529385308459 ], [ -90.437188271808409, 15.321957706081406 ], [ -90.43878552990904, 15.319535954479127 ], [ -90.440213635193359, 15.317578585922091 ], [ -90.445189966721784, 15.309601671713628 ], [ -90.447567579719873, 15.30680258155602 ], [ -90.452615306232175, 15.298598146083194 ], [ -90.454112656850924, 15.296758865913514 ], [ -90.455413416941809, 15.294675696431154 ], [ -90.455817647979259, 15.29405135404431 ], [ -90.459126368231466, 15.287712595567712 ], [ -90.461239568513136, 15.287608991272492 ], [ -90.464186598207917, 15.28786485950565 ], [ -90.468750700533548, 15.288211258223701 ], [ -90.470746680343026, 15.288813097111168 ], [ -90.473836270210327, 15.289456630535321 ], [ -90.47759977320176, 15.289100499587109 ], [ -90.479824330197687, 15.288345309977462 ], [ -90.483351812260182, 15.285784517384906 ], [ -90.491058408271101, 15.281163488311218 ], [ -90.490910420223543, 15.281820145055203 ], [ -90.490869765734857, 15.282352665009441 ], [ -90.490911698307997, 15.283618953370375 ], [ -90.490972531179679, 15.284274563067175 ], [ -90.491056615065744, 15.284931562013593 ], [ -90.491260512256474, 15.286077714478022 ], [ -90.491262452433844, 15.286843323196795 ], [ -90.491163215973074, 15.287508430610226 ], [ -90.490849185263926, 15.288871224265744 ], [ -90.490658638382769, 15.289535306842229 ], [ -90.490307572647282, 15.290197588198573 ], [ -90.48956245852635, 15.291272114838089 ], [ -90.489097926746851, 15.291839395918988 ], [ -90.488636126286764, 15.292177483587645 ], [ -90.487898210480722, 15.292646841730649 ], [ -90.487160682071476, 15.293083454552603 ], [ -90.486170582895724, 15.293627884623792 ], [ -90.485088196954678, 15.294204020889543 ], [ -90.484477347603999, 15.294552840753807 ], [ -90.484061868881113, 15.294858691377216 ], [ -90.48359858469243, 15.295319831951245 ], [ -90.48231011046532, 15.296882791736895 ], [ -90.481946977957378, 15.297577662561068 ], [ -90.481880560560612, 15.298365081182565 ], [ -90.481964692958613, 15.298966750985517 ], [ -90.482165008403115, 15.299435359548951 ], [ -90.482353610423218, 15.299959163019251 ], [ -90.482355105290068, 15.300758639090002 ], [ -90.482012303277799, 15.301698770901341 ], [ -90.481675947223692, 15.302050670961801 ], [ -90.481039118595277, 15.302721003100222 ], [ -90.480882662086657, 15.303351579636017 ], [ -90.480852400568438, 15.303984706791002 ], [ -90.480884503309667, 15.30703836291762 ], [ -90.480966778832993, 15.30779470936967 ], [ -90.481205871789314, 15.308863347123985 ], [ -90.481439696125108, 15.309400082678492 ], [ -90.481752422307181, 15.310003200628051 ], [ -90.482077906454819, 15.310561294494606 ], [ -90.483013111309234, 15.311793601901849 ], [ -90.483245362765672, 15.312462433862549 ], [ -90.483543319953085, 15.313377038992812 ], [ -90.484636012117107, 15.31574368281591 ], [ -90.485002222375584, 15.31669180020481 ], [ -90.485119545495252, 15.31743724933996 ], [ -90.485120806335047, 15.32020262443613 ], [ -90.485158401049731, 15.320902007996343 ], [ -90.48513826131078, 15.321613164731234 ], [ -90.485086341892796, 15.322111676930572 ], [ -90.484899288167568, 15.322818693829246 ], [ -90.485324482525627, 15.323554061527616 ], [ -90.485720812978471, 15.323881470552722 ], [ -90.486653485400808, 15.324358323307653 ], [ -90.487335805502525, 15.324754442956801 ], [ -90.48844128216858, 15.325132737037885 ], [ -90.489845175679164, 15.325416144186724 ], [ -90.49069826673724, 15.325835626862846 ], [ -90.491644576411929, 15.32614662616224 ], [ -90.492463865663069, 15.326522817076192 ], [ -90.493349430923359, 15.327098482810113 ], [ -90.494109878632372, 15.327628706380274 ], [ -90.494776220870676, 15.328391611240452 ], [ -90.495622179475717, 15.329411726734195 ], [ -90.496255004463549, 15.330107630211085 ], [ -90.497048071445235, 15.330782746944788 ], [ -90.498591303771946, 15.331877296183396 ], [ -90.499304377492848, 15.332528924757886 ], [ -90.499812445782908, 15.333101470510657 ], [ -90.500810539014395, 15.333758548393455 ], [ -90.502121612452342, 15.334271203547914 ], [ -90.503192720586043, 15.334660342599225 ], [ -90.50428914698918, 15.334828438068904 ], [ -90.505219834621187, 15.334549773402552 ], [ -90.506173396538543, 15.334059073276437 ], [ -90.506727548827996, 15.333789742395808 ], [ -90.507666445726258, 15.333652308277015 ], [ -90.508251207000072, 15.333696100724694 ], [ -90.508903187166268, 15.33371354496775 ], [ -90.510009540317796, 15.334026259055964 ], [ -90.510415468239415, 15.334531024649989 ], [ -90.510889134132015, 15.335113327746425 ], [ -90.511715670614493, 15.335866690129626 ], [ -90.51275393205124, 15.336133467094983 ], [ -90.513930392803005, 15.336324992500785 ], [ -90.514786205244235, 15.336523104326814 ], [ -90.515561268434567, 15.336809519978299 ], [ -90.516288936351046, 15.337217361419341 ], [ -90.517813664065073, 15.337922013865194 ], [ -90.519011451476175, 15.338279747895925 ], [ -90.520256190614163, 15.338504749029038 ], [ -90.521673719143095, 15.338632295086899 ], [ -90.523124014430309, 15.338892312054389 ], [ -90.523900541682636, 15.339056763538768 ], [ -90.524684209191776, 15.339553278122651 ], [ -90.525491859351902, 15.339940523681106 ], [ -90.526253630519889, 15.340370169598113 ], [ -90.527749107727246, 15.340698412084015 ], [ -90.529338157088773, 15.340837975003579 ], [ -90.531329201891324, 15.340882605468602 ], [ -90.53542403358334, 15.341082595066311 ], [ -90.537297745784826, 15.341359624299082 ], [ -90.539079557843905, 15.341634495797535 ], [ -90.540748652603924, 15.341797448260644 ], [ -90.542524631851862, 15.341627316601461 ], [ -90.543745241881041, 15.340985813130105 ], [ -90.546113772090564, 15.340046400617313 ], [ -90.547848188882838, 15.339647664293167 ], [ -90.548488138019721, 15.339652439265883 ], [ -90.549277279904686, 15.339636268110526 ], [ -90.550111116449457, 15.339778677336946 ], [ -90.551067637331954, 15.340177636082508 ], [ -90.551806644101092, 15.340619370957219 ], [ -90.553117845281605, 15.341039153137279 ], [ -90.554077800531445, 15.34114453642785 ], [ -90.554948179698854, 15.341097619634816 ], [ -90.555573763428157, 15.340887664170571 ], [ -90.557256965721834, 15.340390047272141 ], [ -90.55879491436923, 15.339974390143706 ], [ -90.560389236041559, 15.339714043302404 ], [ -90.562050469311288, 15.33955378677809 ], [ -90.563008817048257, 15.339798011643641 ], [ -90.563609917034185, 15.340293535767884 ], [ -90.564573927652646, 15.341003061764775 ], [ -90.565631073569193, 15.341659397505348 ], [ -90.56708926575017, 15.342252348218183 ], [ -90.567909696807021, 15.342550381968431 ], [ -90.569305822650719, 15.342725954533242 ], [ -90.570390619130549, 15.342754714041046 ], [ -90.571192351922932, 15.342708114803887 ], [ -90.571808445650262, 15.34246300316156 ], [ -90.572529953612673, 15.34185655154203 ], [ -90.572958227969579, 15.341450168620273 ], [ -90.573819799353601, 15.341159163334156 ], [ -90.575408412504899, 15.34134356725642 ], [ -90.577589493528492, 15.341767019447298 ], [ -90.578729600461273, 15.342146406052361 ], [ -90.579277253974865, 15.342285602723505 ], [ -90.579823503158664, 15.342546738962707 ], [ -90.580346296594783, 15.342874247793249 ], [ -90.581017506539169, 15.343248536000496 ], [ -90.581865016958105, 15.343673290576923 ], [ -90.582979003393646, 15.343846848835692 ], [ -90.583706834138368, 15.343750844919532 ], [ -90.584606575842074, 15.34363185932969 ], [ -90.586202263040704, 15.343204212192296 ], [ -90.587293556302853, 15.342871599938711 ], [ -90.589184925688016, 15.342636842529956 ], [ -90.591050601307501, 15.342612960744884 ], [ -90.591908344010406, 15.342654973053367 ], [ -90.592419900013724, 15.342949585837738 ], [ -90.59300844374431, 15.343532989727541 ], [ -90.593851049824366, 15.343931674238394 ], [ -90.594710378902789, 15.344090007787729 ], [ -90.596250817015701, 15.344218415378457 ], [ -90.596950235497118, 15.344114156128523 ], [ -90.597633305883377, 15.343455252579664 ], [ -90.597662464683793, 15.342889807444044 ], [ -90.597806506785645, 15.342301886836001 ], [ -90.598107520748741, 15.341572238620003 ], [ -90.598348120827609, 15.340986485745264 ], [ -90.598787778632783, 15.340547419700528 ], [ -90.599566951575625, 15.340489179984012 ], [ -90.60024532943217, 15.341206784386516 ], [ -90.600641866036483, 15.341588224184308 ], [ -90.601164101721594, 15.341916810736524 ], [ -90.602189105888698, 15.34239422064743 ], [ -90.604811830972039, 15.343233214871361 ], [ -90.606329604685811, 15.343615392596385 ], [ -90.606986210168273, 15.343233971021185 ], [ -90.607741193582555, 15.342286713386576 ], [ -90.608259735679127, 15.34197043320143 ], [ -90.608945478812814, 15.342044413156511 ], [ -90.609492906435463, 15.342206120078171 ], [ -90.610096297667397, 15.342511842100787 ], [ -90.610959487323214, 15.343099276572357 ], [ -90.611526206902141, 15.343560443648647 ], [ -90.612395928809292, 15.343932251636579 ], [ -90.613238388722493, 15.343989829671113 ], [ -90.614395089740043, 15.343890408122586 ], [ -90.616441542321667, 15.344090717306196 ], [ -90.618428222942939, 15.344534290270493 ], [ -90.619374640372783, 15.344866239969912 ], [ -90.620491416993303, 15.345569277024468 ], [ -90.621078983016375, 15.345939171581705 ], [ -90.621648451707358, 15.346211756818496 ], [ -90.622338707428398, 15.346300425441061 ], [ -90.622986033655323, 15.34632652603209 ], [ -90.623914232539249, 15.346213326472023 ], [ -90.625185252367828, 15.346194120241293 ], [ -90.626419486408494, 15.346340515455347 ], [ -90.627514789254121, 15.34662997737413 ], [ -90.629007193352834, 15.347256792022012 ], [ -90.629970796370287, 15.347873462571144 ], [ -90.630849312870609, 15.348038640347269 ], [ -90.631711043501411, 15.348041019185759 ], [ -90.633622664391964, 15.348027438960397 ], [ -90.636850579989442, 15.348006342017875 ], [ -90.638874742163111, 15.348127165974502 ], [ -90.639546847798826, 15.348434672189027 ], [ -90.640057385563168, 15.348828553341889 ], [ -90.640660470706877, 15.34916807590267 ], [ -90.641653202809238, 15.349423637193643 ], [ -90.643024678279502, 15.349581561018059 ], [ -90.64494844306958, 15.349525100998903 ], [ -90.645770562191757, 15.349688497801612 ], [ -90.646555847739251, 15.350075102255291 ], [ -90.647259692995064, 15.35061555832247 ], [ -90.647839654475973, 15.35094352820955 ], [ -90.648502273736511, 15.351061189110228 ], [ -90.650148618249204, 15.351201642807155 ], [ -90.651849472851438, 15.351619339097095 ], [ -90.653137658051023, 15.352099305160801 ], [ -90.655084138485847, 15.353085341280547 ], [ -90.657324227118679, 15.354408722785831 ], [ -90.659154823647469, 15.356084643479624 ], [ -90.661155260033979, 15.357770238438722 ], [ -90.661823485529268, 15.358432249409978 ], [ -90.662370179862378, 15.359243176920016 ], [ -90.662985984340509, 15.359910281098992 ], [ -90.664072382646921, 15.359966846904912 ], [ -90.66509250115061, 15.35980927383399 ], [ -90.665539747535036, 15.359518081224234 ], [ -90.666166262967423, 15.359014197562825 ], [ -90.666755792261426, 15.358539288800531 ], [ -90.667217160910681, 15.358233560224479 ], [ -90.667927522591356, 15.358195823286124 ], [ -90.668895308029946, 15.358662191335734 ], [ -90.669532476271414, 15.358979416376325 ], [ -90.67013565026015, 15.359318869619665 ], [ -90.670966506766291, 15.359749918864564 ], [ -90.671581605651994, 15.360011572392754 ], [ -90.672095432504221, 15.36011745046283 ], [ -90.672793425010468, 15.360146199066449 ], [ -90.673640891906231, 15.360077126171108 ], [ -90.674350633327975, 15.360095829777636 ], [ -90.674841158772338, 15.360256794314916 ], [ -90.675469004610875, 15.360419190660378 ], [ -90.676212871854418, 15.360404365329719 ], [ -90.677391719280379, 15.360416657948964 ], [ -90.678537325870366, 15.360593477204706 ], [ -90.679138030151833, 15.36084253877952 ], [ -90.679706859640348, 15.361184999302758 ], [ -90.68081937253298, 15.361460843472134 ], [ -90.681799113321389, 15.361429255841951 ], [ -90.68271485765159, 15.361448948280193 ], [ -90.683455900676961, 15.361690422287243 ], [ -90.684137728796827, 15.362130040020649 ], [ -90.684671170263442, 15.36256924485915 ], [ -90.685352627733664, 15.363042735072229 ], [ -90.686942847920989, 15.364170504601491 ], [ -90.688295347106632, 15.365062027527664 ], [ -90.689630093284592, 15.365453070431764 ], [ -90.690394932898684, 15.365649599837544 ], [ -90.691320762633367, 15.365759708415208 ], [ -90.692631593187059, 15.365786843537458 ], [ -90.694158450704819, 15.365855735354746 ], [ -90.695335519360071, 15.366033927948203 ], [ -90.696291145472259, 15.366610736112859 ], [ -90.69686612035153, 15.367404953219944 ], [ -90.697232665925071, 15.368419491508881 ], [ -90.697602996916117, 15.369089624168007 ], [ -90.697873135479767, 15.369503492280463 ], [ -90.698281334492748, 15.369852156738817 ], [ -90.699131190252885, 15.370683090913069 ], [ -90.699215360412722, 15.371338970673474 ], [ -90.698913863665723, 15.37213767740994 ], [ -90.698865291573824, 15.372957068702508 ], [ -90.699121581403077, 15.373626021465599 ], [ -90.699526988509604, 15.374229884491303 ], [ -90.70069058467385, 15.37564114308246 ], [ -90.701959745747843, 15.376820846575821 ], [ -90.703367715513025, 15.377868717771429 ], [ -90.704015666204739, 15.378275185336941 ], [ -90.705293990549677, 15.378621520942039 ], [ -90.706607755144631, 15.378867706627828 ], [ -90.707109018104006, 15.379117935751557 ], [ -90.707494323342601, 15.37948780852769 ], [ -90.708273422381254, 15.380462543766265 ], [ -90.708551837732571, 15.381187054997325 ], [ -90.708657026217111, 15.38199899906871 ], [ -90.708718035915325, 15.382699814422592 ], [ -90.708804523562875, 15.383199870552211 ], [ -90.709002622150948, 15.383924683329449 ], [ -90.709430167136119, 15.384584098812331 ], [ -90.710167667319183, 15.385213955509267 ], [ -90.711007481589959, 15.385855023654145 ], [ -90.712019064381565, 15.386543032343249 ], [ -90.712971341087567, 15.387386275520814 ], [ -90.71338955009675, 15.387889741621787 ], [ -90.713856900502975, 15.389116487007211 ], [ -90.713915136726797, 15.394282669617102 ], [ -90.714215321231748, 15.39717346775533 ], [ -90.714489652230995, 15.398275132554028 ], [ -90.715138317253604, 15.40006276557847 ], [ -90.715323090758957, 15.40057173730021 ], [ -90.715749071867791, 15.40143215266216 ], [ -90.716241950257839, 15.402402800441717 ], [ -90.716756168854971, 15.403552103299242 ], [ -90.716805170138073, 15.404342013131995 ], [ -90.716620754847128, 15.405505594685351 ], [ -90.716141886835942, 15.406502393195863 ], [ -90.715582365628322, 15.407581934248752 ], [ -90.71490820006106, 15.409830285881627 ], [ -90.714779846278617, 15.410496402588686 ], [ -90.71473591442286, 15.411373443810012 ], [ -90.714748198306708, 15.412060206820614 ], [ -90.715051766522748, 15.412831277749472 ], [ -90.715298437917653, 15.413322816140044 ], [ -90.715772512192657, 15.413938663748453 ], [ -90.716486463302417, 15.41465635711695 ], [ -90.717803511251475, 15.416702702730445 ], [ -90.717872294482703, 15.417600101370972 ], [ -90.717778523141845, 15.418990481364299 ], [ -90.717769789874254, 15.419789962943399 ], [ -90.717592499454284, 15.420299730024068 ], [ -90.717196805933625, 15.420872751252151 ], [ -90.716219787837787, 15.422278890594802 ], [ -90.715871762162351, 15.422697679634652 ], [ -90.715245979788335, 15.423390298760518 ], [ -90.714386801370779, 15.424026304165425 ], [ -90.713410242615154, 15.424749181950569 ], [ -90.711524341210833, 15.426540065773706 ], [ -90.710748424760268, 15.427331631088316 ], [ -90.71042101020609, 15.427939219954482 ], [ -90.710327164825614, 15.429171481064044 ], [ -90.710233414756573, 15.430447787958416 ], [ -90.709879884626517, 15.431365671326171 ], [ -90.709496546369593, 15.431816835480745 ], [ -90.709069226688683, 15.432190748517998 ], [ -90.708537579699978, 15.432629085023114 ], [ -90.707411242981635, 15.434050564994424 ], [ -90.706830303593392, 15.434788789041065 ], [ -90.705618399277697, 15.436736768434956 ], [ -90.703903364194971, 15.439595414275098 ], [ -90.703606721284217, 15.440206694608582 ], [ -90.702813887630228, 15.441839391420636 ], [ -90.702078364340267, 15.44313049381474 ], [ -90.701651534148596, 15.443403882778759 ], [ -90.700825074642452, 15.443595205024913 ], [ -90.700012614892898, 15.443520147982946 ], [ -90.698859169576835, 15.443219072953289 ], [ -90.698131078725581, 15.44277898532242 ], [ -90.696970870421652, 15.442089343862524 ], [ -90.695590635664232, 15.441608595128056 ], [ -90.69497343760105, 15.441512964472265 ], [ -90.694218116994023, 15.441483654693126 ], [ -90.692843184877617, 15.441524689181174 ], [ -90.692098267260889, 15.441502254865904 ], [ -90.69121777486987, 15.441473891793772 ], [ -90.689674535323277, 15.441257928295482 ], [ -90.688167890162447, 15.440787112859946 ], [ -90.687025627223306, 15.440531269827108 ], [ -90.685709448394462, 15.440472364457015 ], [ -90.684975360879548, 15.440576502388666 ], [ -90.684094891865783, 15.440808982416232 ], [ -90.68343630381986, 15.440981664198308 ], [ -90.682013381471236, 15.441255898068269 ], [ -90.680638299324428, 15.441363484542276 ], [ -90.680079104223225, 15.441340695205326 ], [ -90.679184737119598, 15.441304231531573 ], [ -90.677766763491547, 15.441133541908602 ], [ -90.677150485339695, 15.440904613575309 ], [ -90.669567479836772, 15.436049232604031 ], [ -90.668146028937471, 15.435152307400859 ], [ -90.667006574658132, 15.434651340269372 ], [ -90.665680796641212, 15.434414920804191 ], [ -90.664856596820613, 15.434406246136842 ], [ -90.663937942717368, 15.434619045447306 ], [ -90.662785568353911, 15.435273192687196 ], [ -90.661236065889128, 15.436612016264291 ], [ -90.659709080902587, 15.438017692607255 ], [ -90.659012332095188, 15.43889344643218 ], [ -90.65573690426298, 15.441874057801982 ], [ -90.65391004773987, 15.443537378666562 ], [ -90.651657831968819, 15.445697580469878 ], [ -90.650453556427934, 15.446971077472609 ], [ -90.649892361029956, 15.44810683764547 ], [ -90.649463770533643, 15.448943612967101 ], [ -90.649362397576823, 15.44951847354103 ], [ -90.64921865072148, 15.450340198439244 ], [ -90.649114363966049, 15.451483060379839 ], [ -90.6491064688298, 15.452183134564875 ], [ -90.649245648209899, 15.453005603161124 ], [ -90.649539665391274, 15.454397744578671 ], [ -90.649607966794775, 15.455413697864758 ], [ -90.64996311174275, 15.456445116305087 ], [ -90.650375907828973, 15.457372122418018 ], [ -90.650775862028013, 15.458509039235256 ], [ -90.651114349428994, 15.45993440174971 ], [ -90.651290329108491, 15.4616245514454 ], [ -90.651326099301102, 15.462479801794043 ], [ -90.651241249889608, 15.463911968259588 ], [ -90.65112556738903, 15.465032122450431 ], [ -90.65108895635052, 15.466264915404125 ], [ -90.651091243896801, 15.468075185016518 ], [ -90.650770465857633, 15.469105080082574 ], [ -90.650365358028893, 15.469662034037642 ], [ -90.649760739860213, 15.470304955495285 ], [ -90.649136230934729, 15.470852802668718 ], [ -90.648145188653103, 15.471376428386996 ], [ -90.647212911774375, 15.471800164919678 ], [ -90.646258354741335, 15.472134447372396 ], [ -90.645408300862911, 15.472391917937287 ], [ -90.644728274511209, 15.47275056948421 ], [ -90.643861281672528, 15.473475374575017 ], [ -90.643535486147542, 15.473915713869282 ], [ -90.643137119168884, 15.474491921218346 ], [ -90.642829554851275, 15.475070225766389 ], [ -90.642429769528633, 15.475514291579001 ], [ -90.64206923688738, 15.475988133566428 ], [ -90.641846220393077, 15.476452151511605 ], [ -90.641679586539979, 15.477027436068646 ], [ -90.641618668815198, 15.477778886086666 ], [ -90.641773293542443, 15.478828505702776 ], [ -90.641869798553998, 15.479406597035942 ], [ -90.641920383279441, 15.480029368259281 ], [ -90.641660363811127, 15.480726749874657 ], [ -90.641240251651055, 15.481370478085514 ], [ -90.640947779381207, 15.481951195910911 ], [ -90.640605355643828, 15.482880326815824 ], [ -90.640009746978308, 15.483851927151981 ], [ -90.639433418508972, 15.484201499975558 ], [ -90.638917182657437, 15.484284073465259 ], [ -90.638263033942621, 15.484410344731151 ], [ -90.637607791115855, 15.484581771459467 ], [ -90.636289540227935, 15.485197822221336 ], [ -90.634930289147931, 15.48527137469247 ], [ -90.612353233683564, 15.480201218420754 ], [ -90.607285401646337, 15.479596518891629 ], [ -90.590696763960239, 15.475746449415199 ], [ -90.58722624030672, 15.475338243498612 ], [ -90.577065757962629, 15.472910042571025 ], [ -90.557344803038376, 15.469241243038248 ], [ -90.549256534399774, 15.46740721003475 ], [ -90.544188249935772, 15.466603510183102 ], [ -90.515651706267832, 15.460284624451658 ], [ -90.50268183465802, 15.457830712808619 ], [ -90.497647073052022, 15.456851355044343 ], [ -90.479492601095302, 15.452685556404012 ], [ -90.45527161026169, 15.447734042377716 ], [ -90.454373256734257, 15.44712979450879 ], [ -90.454356265957813, 15.446042232983073 ], [ -90.456132492334802, 15.441103412911431 ], [ -90.457425889749402, 15.438139556199804 ], [ -90.458885665217494, 15.43451026277245 ], [ -90.462796013578853, 15.425594069821148 ], [ -90.463636722432568, 15.424183203339565 ], [ -90.464363562700029, 15.422322758740778 ], [ -90.465801936091381, 15.419236264196195 ], [ -90.466497095796072, 15.417153001402575 ], [ -90.46584070497984, 15.416040065330019 ], [ -90.464383052052455, 15.41549046332424 ], [ -90.463714022765231, 15.415180209437237 ], [ -90.458795153664028, 15.41320215703727 ], [ -90.45226740618169, 15.410825035640947 ], [ -90.447895807239377, 15.409087907983608 ], [ -90.437165953763412, 15.404765117641752 ], [ -90.430683649751103, 15.40243198932869 ], [ -90.429191350947505, 15.40164127707221 ] ] ] ] } },
{ "type": "Feature", "properties": { "codigo_departamento": 18, "departamento": "Izabal", "codigo_municipio_shape": 1803, "municipio": "El Estor", "riesgos": 11.5, "pobreza": 17.3, "indice_san": 9.7, "politicas": 16.7, "ponderacion": 55.126, "ranking": 41, "riesgos_prom_depto": 14.56, "pobreza_prom_depto": 10.96, "indice_san_prom_depto": 6.04, "politicas_prom_depto": 5.86, "ponderacion_prom_depto": 37.34, "riesgos_prom_nacional": 13.19, "pobreza_prom_nacional": 9.78, "indice_san_prom_nacional": 7.92, "politicas_prom_nacional": 7.21, "ponderacion_prom_nacional": 38.07 }, "geometry": { "type": "MultiPolygon", "coordinates": [ [ [ [ -89.099343314703091, 15.578984520594304 ], [ -89.100760307477614, 15.579952543534265 ], [ -89.102381729730027, 15.58078658904814 ], [ -89.104032191596872, 15.581285042721719 ], [ -89.105543141394222, 15.581870112111414 ], [ -89.106806834941736, 15.582115820505345 ], [ -89.107822841616198, 15.582044721553425 ], [ -89.108657005634242, 15.581836183072914 ], [ -89.1095851684385, 15.581517647238533 ], [ -89.110369179332977, 15.581531527518342 ], [ -89.111220140904607, 15.581635689755899 ], [ -89.112158526559497, 15.582009827483629 ], [ -89.113051818559882, 15.582338046952684 ], [ -89.11388050942908, 15.582420376795859 ], [ -89.11491811035971, 15.582438726691926 ], [ -89.116164041113635, 15.582393083212049 ], [ -89.11688094772812, 15.582294095676193 ], [ -89.117600622210674, 15.582016953765061 ], [ -89.11925452477594, 15.58112921881159 ], [ -89.120394509006744, 15.580591057335386 ], [ -89.121297476426903, 15.580405110515029 ], [ -89.122498704319952, 15.580292094480798 ], [ -89.123746705381208, 15.580135908574794 ], [ -89.125557653057612, 15.579496763610726 ], [ -89.126156714670074, 15.57950732485032 ], [ -89.126663461552312, 15.579538816248739 ], [ -89.127539373095402, 15.579554253317283 ], [ -89.127733124560024, 15.579088472353305 ], [ -89.128031594277985, 15.57790946358549 ], [ -89.128346216930055, 15.577109705066235 ], [ -89.129022191879969, 15.576741517508694 ], [ -89.129337212140896, 15.575920333988766 ], [ -89.129377634929455, 15.575005210330579 ], [ -89.129417920044688, 15.574066400309482 ], [ -89.129430048432127, 15.573419212361005 ], [ -89.129512676411167, 15.572704466223252 ], [ -89.129710014023843, 15.57201542555344 ], [ -89.130116646370865, 15.571240966914894 ], [ -89.130706417242465, 15.570535145245222 ], [ -89.131246860226426, 15.570008913406978 ], [ -89.131738281517954, 15.569614907397286 ], [ -89.134786191443823, 15.569400071778452 ], [ -89.136377511018821, 15.56936149384619 ], [ -89.137785471800314, 15.569297126814153 ], [ -89.139455371795151, 15.568789575775737 ], [ -89.140779638248546, 15.56825339012785 ], [ -89.141964219722155, 15.567782417409441 ], [ -89.142754457587074, 15.567461296444648 ], [ -89.143470056081995, 15.567429858134656 ], [ -89.144345936275627, 15.567445216722581 ], [ -89.14513184687398, 15.567324775479369 ], [ -89.145735633841184, 15.56711203630457 ], [ -89.146315337057743, 15.566942859874414 ], [ -89.147006430284407, 15.566977526191724 ], [ -89.147626237165966, 15.567122604190395 ], [ -89.148340595031428, 15.56715767639459 ], [ -89.149125686130361, 15.567081192539753 ], [ -89.149707048345945, 15.566822932194379 ], [ -89.150338514113301, 15.566342223673548 ], [ -89.151019403289041, 15.565706725386972 ], [ -89.151538625298429, 15.565067268060107 ], [ -89.15182319682053, 15.56462559979455 ], [ -89.152406627824959, 15.564255703146827 ], [ -89.15358178521889, 15.564320246531238 ], [ -89.154156883666474, 15.564397976838483 ], [ -89.15500842219943, 15.564501968378371 ], [ -89.155907564726405, 15.564517684845933 ], [ -89.157203928203145, 15.564227906635153 ], [ -89.158239835375738, 15.564335109222442 ], [ -89.158768829490867, 15.564389465204149 ], [ -89.159431860495289, 15.564713473197099 ], [ -89.159282649142597, 15.565291742097767 ], [ -89.158929535024569, 15.565665679200555 ], [ -89.158525648271109, 15.566329732806254 ], [ -89.15861921647776, 15.56749311268714 ], [ -89.159051337691338, 15.567814219742898 ], [ -89.15971629037611, 15.568004041547733 ], [ -89.160821011147434, 15.568134995123955 ], [ -89.161923479041633, 15.568356135806793 ], [ -89.162976695287213, 15.568754623509482 ], [ -89.163978589360838, 15.569442085332996 ], [ -89.16459386105943, 15.5698329240166 ], [ -89.165558106642891, 15.570073070492812 ], [ -89.167050950677435, 15.57039010087747 ], [ -89.168881588134568, 15.571159665527283 ], [ -89.170410215337313, 15.57205817986744 ], [ -89.172227473046533, 15.573520036058984 ], [ -89.173109291049016, 15.574473822125993 ], [ -89.173805067539405, 15.575514600760828 ], [ -89.174274513797428, 15.576304425720769 ], [ -89.174510709517733, 15.577248098798295 ], [ -89.174703878825511, 15.578033112673198 ], [ -89.175042754394042, 15.578396565036373 ], [ -89.175590257062538, 15.578742214978078 ], [ -89.176160720274851, 15.579042018461321 ], [ -89.177008611953852, 15.579347776792536 ], [ -89.177879609330503, 15.57963137413355 ], [ -89.179421576416814, 15.579814968622999 ], [ -89.180803099065187, 15.579928088788373 ], [ -89.183082864584861, 15.58007936412235 ], [ -89.184122184988482, 15.580008307245116 ], [ -89.185371471683254, 15.579784105209727 ], [ -89.186390422061663, 15.57955589846377 ], [ -89.187296263748124, 15.579214059620513 ], [ -89.189003762638251, 15.577901425266775 ], [ -89.191254039540055, 15.575929306561198 ], [ -89.192902310627275, 15.574102387208749 ], [ -89.193589156666334, 15.573108151634999 ], [ -89.193859622251793, 15.572196939158575 ], [ -89.194410249477542, 15.571111233173728 ], [ -89.194785593645406, 15.570760170207182 ], [ -89.195342446893903, 15.57056790151807 ], [ -89.19589764079663, 15.570465842064667 ], [ -89.19649894844683, 15.570387134490359 ], [ -89.19735903797455, 15.569999331899908 ], [ -89.198526221653708, 15.569237843082393 ], [ -89.199592310353538, 15.568942698805195 ], [ -89.200749633399681, 15.568716801991666 ], [ -89.201882859244023, 15.568535601191257 ], [ -89.20312919796045, 15.56846801591449 ], [ -89.204674439290613, 15.568472132248981 ], [ -89.206818774784793, 15.568486569945556 ], [ -89.212214154096628, 15.56851189166316 ], [ -89.214375200622783, 15.568885239194532 ], [ -89.215814890915581, 15.569602596229098 ], [ -89.217232130564284, 15.570275564958221 ], [ -89.219225991222075, 15.570979875804488 ], [ -89.220305338309444, 15.571200342626206 ], [ -89.221358525538335, 15.571642564496335 ], [ -89.222066676301509, 15.571989743855738 ], [ -89.222799072115265, 15.572315906568715 ], [ -89.223535400368576, 15.572395104312044 ], [ -89.224157778300579, 15.57240579387552 ], [ -89.224710940174788, 15.572415293150804 ], [ -89.225175453588278, 15.572245048870865 ], [ -89.225803559588641, 15.571942251956385 ], [ -89.226715043055492, 15.571287872974205 ], [ -89.228521274111529, 15.569620114332768 ], [ -89.23014374435121, 15.567881503250453 ], [ -89.231386979754603, 15.566740981471231 ], [ -89.232319265698791, 15.566220030681018 ], [ -89.23328834456801, 15.566170077570726 ], [ -89.233864367795547, 15.566201373470838 ], [ -89.234599457432111, 15.566348190846263 ], [ -89.235199530388925, 15.566337031836881 ], [ -89.23598669319199, 15.566148593887815 ], [ -89.236822400220163, 15.56585043820033 ], [ -89.23770039911679, 15.565753788491765 ], [ -89.239387376723883, 15.565580724846505 ], [ -89.240846268312367, 15.56524808804908 ], [ -89.242078708179292, 15.564665666371544 ], [ -89.243223712609932, 15.563835837338914 ], [ -89.244118536803924, 15.562844937309189 ], [ -89.245545524903562, 15.560455361432506 ], [ -89.246074624316108, 15.559257421485498 ], [ -89.246414704692469, 15.558279599581729 ], [ -89.246401354596372, 15.557765001909926 ], [ -89.246027591876839, 15.556752440841214 ], [ -89.245254506318517, 15.55613576789742 ], [ -89.244869560166848, 15.55577162243938 ], [ -89.244259381450377, 15.55509117429253 ], [ -89.244111490004684, 15.554328375554739 ], [ -89.244066625001594, 15.552986411132292 ], [ -89.243916470386679, 15.552380365816676 ], [ -89.244180469291493, 15.550529300078926 ], [ -89.244346878280155, 15.548990154355621 ], [ -89.244769313692473, 15.54732001452582 ], [ -89.245025167663997, 15.54591662475433 ], [ -89.245415792358131, 15.544716317288547 ], [ -89.24577847160954, 15.543805429452396 ], [ -89.246517396564712, 15.542454260341081 ], [ -89.247327713091963, 15.541015193233015 ], [ -89.24823111473637, 15.539511150800784 ], [ -89.249152513896078, 15.538297309416967 ], [ -89.250252605506518, 15.537398961751341 ], [ -89.253882045538745, 15.533034362907364 ], [ -89.254922159641254, 15.531621714510258 ], [ -89.25562454798785, 15.531030158772303 ], [ -89.256324122724237, 15.530594218671705 ], [ -89.257298482535688, 15.53027574447858 ], [ -89.258178352212838, 15.53006733629654 ], [ -89.258968352556195, 15.529745723655564 ], [ -89.259645040445605, 15.529287949948921 ], [ -89.260462559743118, 15.528698327902513 ], [ -89.261349068277639, 15.528153863804166 ], [ -89.262145331314358, 15.527452199865753 ], [ -89.262687004057568, 15.526835327078249 ], [ -89.263185767770466, 15.526016938030462 ], [ -89.26361210836545, 15.525375546961969 ], [ -89.264158608591174, 15.524490281735526 ], [ -89.264635470913333, 15.523627521475774 ], [ -89.264943830943153, 15.523140924778824 ], [ -89.265371380400708, 15.522431866838113 ], [ -89.265727863388165, 15.521856967055735 ], [ -89.26636098638707, 15.521264190594504 ], [ -89.267082551107691, 15.520896258537167 ], [ -89.268237010089024, 15.520781561757262 ], [ -89.268906175024313, 15.520771452145965 ], [ -89.269482488532446, 15.520781202175833 ], [ -89.270012278054637, 15.520790163788673 ], [ -89.270542650370857, 15.520799133985832 ], [ -89.271376554819639, 15.520588757034657 ], [ -89.271888878404326, 15.520307510821219 ], [ -89.272566727702539, 15.519782022520504 ], [ -89.273151879328509, 15.5193000871447 ], [ -89.27371295434672, 15.518862862650726 ], [ -89.274316946638621, 15.518627155180329 ], [ -89.274868799029605, 15.518703031435203 ], [ -89.275461544603175, 15.519093190839305 ], [ -89.275984102069614, 15.519504726254825 ], [ -89.276665538976829, 15.520074615378753 ], [ -89.277327903226436, 15.52044338662081 ], [ -89.278223585761111, 15.520615301819548 ], [ -89.279374625647918, 15.520723842044452 ], [ -89.280090144952979, 15.520691917764099 ], [ -89.281015914824991, 15.520484179049387 ], [ -89.281927436204029, 15.519805797278989 ], [ -89.282332224192956, 15.519097438995455 ], [ -89.282650949168229, 15.518030035194165 ], [ -89.283463966878529, 15.517686142386715 ], [ -89.284520530429646, 15.517904736563635 ], [ -89.28544286942612, 15.517920271829642 ], [ -89.286166222874257, 15.517418059333215 ], [ -89.286721048857828, 15.517360847355208 ], [ -89.287288788550427, 15.517817113131143 ], [ -89.287511262254455, 15.518290129216975 ], [ -89.287916300004994, 15.518833901074011 ], [ -89.28868903062039, 15.519472978687453 ], [ -89.289443308565609, 15.519843264000098 ], [ -89.290249124708183, 15.519901943245584 ], [ -89.29114861821661, 15.519894509412239 ], [ -89.291702890288917, 15.519836146765838 ], [ -89.292582712966606, 15.519627583459371 ], [ -89.293627009442929, 15.519264978276741 ], [ -89.294790646566341, 15.518637023032865 ], [ -89.295836930734751, 15.518162759611243 ], [ -89.296995580817267, 15.517846051913391 ], [ -89.297548643301965, 15.51785533639176 ], [ -89.298216047737284, 15.517911661797683 ], [ -89.298812835892662, 15.518078477501755 ], [ -89.299428724110143, 15.518446411133782 ], [ -89.299602310559109, 15.519052840559933 ], [ -89.299843917499544, 15.51972696763835 ], [ -89.30022752071082, 15.520202680339585 ], [ -89.301068928956497, 15.520842872739383 ], [ -89.301289475250186, 15.521328258314144 ], [ -89.301502587544604, 15.522393346895377 ], [ -89.301650122096561, 15.523156142791985 ], [ -89.30186905579194, 15.523829889492768 ], [ -89.302638097352926, 15.524647100067357 ], [ -89.304049681093474, 15.525677011179665 ], [ -89.304915574283882, 15.526251049275865 ], [ -89.30568224457447, 15.527202456835772 ], [ -89.305693544280203, 15.527873850689931 ], [ -89.305926409986441, 15.529039670410112 ], [ -89.306683939676716, 15.529231729108002 ], [ -89.307186326606583, 15.52950750108041 ], [ -89.307595017229033, 15.529850514296175 ], [ -89.307817149204396, 15.530346078721763 ], [ -89.308406650156698, 15.530891790487258 ], [ -89.308933876744319, 15.531079983206045 ], [ -89.309576282888685, 15.531268978454699 ], [ -89.31037957215932, 15.53147307203772 ], [ -89.311739365126741, 15.531495832146049 ], [ -89.313056402563774, 15.53133850530004 ], [ -89.314097960558371, 15.531132564352532 ], [ -89.315681293597464, 15.53026446671436 ], [ -89.317450568919085, 15.529310340785395 ], [ -89.319178629409294, 15.528088153590323 ], [ -89.31971421782751, 15.527806047302121 ], [ -89.320498815747385, 15.527752587070411 ], [ -89.321283613538426, 15.527720560765419 ], [ -89.322138023816208, 15.527667132065432 ], [ -89.323041340178008, 15.527414842129321 ], [ -89.323856946429487, 15.526958029357354 ], [ -89.32516455753472, 15.526018692688744 ], [ -89.326519465503992, 15.525036136795299 ], [ -89.327825877579144, 15.524163317498381 ], [ -89.328824229988243, 15.523799771681469 ], [ -89.329704064858433, 15.523591055437448 ], [ -89.331089474248188, 15.523479867663783 ], [ -89.332037343597122, 15.523338829378385 ], [ -89.332893913225817, 15.523129712276905 ], [ -89.333659787258853, 15.522851395109706 ], [ -89.334376543026281, 15.522751630241679 ], [ -89.335092102308536, 15.522719526718614 ], [ -89.33793252675224, 15.522475665140531 ], [ -89.33946346835269, 15.521964102874975 ], [ -89.341834784156788, 15.520841492421185 ], [ -89.343467628629412, 15.519795732134101 ], [ -89.344939967129775, 15.518679609804369 ], [ -89.346037264255429, 15.517914875209279 ], [ -89.346808613811703, 15.517324107230587 ], [ -89.347461462832484, 15.516888183824761 ], [ -89.348300446109505, 15.516387649890351 ], [ -89.349089924411714, 15.516088226276404 ], [ -89.350150157843785, 15.516105770721296 ], [ -89.351394358796597, 15.516148916908371 ], [ -89.352085095049176, 15.516204336146789 ], [ -89.352749596583237, 15.516461256276507 ], [ -89.353498120180177, 15.517167430858985 ], [ -89.354063096805163, 15.517824314478268 ], [ -89.35451820886999, 15.518145456943152 ], [ -89.355045096268725, 15.518354971694652 ], [ -89.356106517693505, 15.51830594936294 ], [ -89.35694196470169, 15.518006128626146 ], [ -89.357431737732227, 15.517679161879169 ], [ -89.357877148251376, 15.517261211896654 ], [ -89.358186098343566, 15.51672932176651 ], [ -89.358588312313017, 15.516153844498529 ], [ -89.359038011174576, 15.51549115527097 ], [ -89.360001923651666, 15.51443420523912 ], [ -89.360785002883745, 15.513172330360812 ], [ -89.361119159053771, 15.512529162664453 ], [ -89.361779611708158, 15.511690565723718 ], [ -89.362267404412549, 15.511475237431297 ], [ -89.363193710551485, 15.511267133208751 ], [ -89.364000365139773, 15.511280426535102 ], [ -89.364622658992218, 15.511290679661096 ], [ -89.365595301546648, 15.511060768517398 ], [ -89.366248100978552, 15.510624774050259 ], [ -89.366876862533218, 15.510298940831783 ], [ -89.367504230316754, 15.510019336273992 ], [ -89.368198079178043, 15.509896507262759 ], [ -89.368983029949135, 15.509820298846485 ], [ -89.369998494185197, 15.509769316250699 ], [ -89.370691950354242, 15.509669036848337 ], [ -89.371921271176078, 15.509265064895496 ], [ -89.37298952093758, 15.508823468597251 ], [ -89.374829194675073, 15.507780822925385 ], [ -89.375825238691945, 15.506209869292752 ], [ -89.376601556019423, 15.505327989638836 ], [ -89.377491837667392, 15.504515662597459 ], [ -89.378215171724861, 15.504035656382914 ], [ -89.379082570965139, 15.503200382873857 ], [ -89.380376119852045, 15.501745964854456 ], [ -89.382414770753542, 15.498559608728232 ], [ -89.384335267768307, 15.4955066653724 ], [ -89.385346736398304, 15.49304126126597 ], [ -89.387387595570274, 15.488379217916664 ], [ -89.389322317076363, 15.48315696189608 ], [ -89.390313470112915, 15.480512925893484 ], [ -89.39057827036784, 15.479868551217871 ], [ -89.390956830673531, 15.479338850291223 ], [ -89.391652143931253, 15.479125695389362 ], [ -89.392473218175766, 15.479609542389802 ], [ -89.392765528248276, 15.480061069544492 ], [ -89.39312567589603, 15.480558828496658 ], [ -89.39390588737794, 15.480749807459546 ], [ -89.394597312285171, 15.480761085537619 ], [ -89.395220878615334, 15.480727257255881 ], [ -89.396188915528882, 15.480720478244399 ], [ -89.397180600130866, 15.480725360484479 ], [ -89.399958538298094, 15.481374194408035 ], [ -89.400140667659684, 15.478851163601584 ], [ -89.400434885872826, 15.477849616980139 ], [ -89.401334244340106, 15.476500286261668 ], [ -89.402674547314646, 15.474979869004439 ], [ -89.404298973552002, 15.473038732170368 ], [ -89.40498875667636, 15.471797658780011 ], [ -89.405346716473943, 15.471110770921873 ], [ -89.405586264894751, 15.470577647259161 ], [ -89.405917100622446, 15.470113697239645 ], [ -89.406389430269471, 15.469472662803019 ], [ -89.407186197645544, 15.468703771882478 ], [ -89.407722691894222, 15.46835484697854 ], [ -89.408352227435202, 15.467939742336524 ], [ -89.408957524766038, 15.467614495927993 ], [ -89.409697949298391, 15.467447130514985 ], [ -89.410250169167526, 15.467501219894114 ], [ -89.410891381475125, 15.467757570238851 ], [ -89.411414175506636, 15.468168816002873 ], [ -89.411935647962864, 15.468690601569667 ], [ -89.412642584944365, 15.469149960348151 ], [ -89.413405885076642, 15.469005519306467 ], [ -89.414061943054222, 15.468367441991727 ], [ -89.414598814743599, 15.467995940970191 ], [ -89.414797784154885, 15.467149632567509 ], [ -89.414481972727586, 15.466742878496213 ], [ -89.413956102957243, 15.466509843366644 ], [ -89.413267395838048, 15.466342988745012 ], [ -89.412761891483342, 15.466244536477266 ], [ -89.412047242342169, 15.466232948210575 ], [ -89.410802081068297, 15.466257880274588 ], [ -89.409669740554691, 15.466418890801526 ], [ -89.407404495224995, 15.466739754223514 ], [ -89.405436215186214, 15.467243672793069 ], [ -89.404533939364526, 15.467453520958783 ], [ -89.403818922194972, 15.467463334489736 ], [ -89.4028991971701, 15.467336691009029 ], [ -89.402544831948987, 15.46647012555481 ], [ -89.404026536933543, 15.46477260174435 ], [ -89.404776785703532, 15.464069522434954 ], [ -89.40527563299942, 15.463205538687312 ], [ -89.405590908631908, 15.462294573244971 ], [ -89.4058344900089, 15.46156069481564 ], [ -89.406190301444312, 15.460962890129768 ], [ -89.407009530689777, 15.460238356134719 ], [ -89.408178211079459, 15.459317543513679 ], [ -89.409602693435502, 15.458267744799272 ], [ -89.410279276312195, 15.45778682712683 ], [ -89.410816879272318, 15.457371344595483 ], [ -89.411259347464537, 15.457110008431489 ], [ -89.412100658440593, 15.456452368219772 ], [ -89.41176508613178, 15.455843345215023 ], [ -89.411568873195392, 15.455214017979573 ], [ -89.412090148576453, 15.454395500498533 ], [ -89.411522788430105, 15.453871848186219 ], [ -89.410959216261887, 15.454444861466005 ], [ -89.410604598641896, 15.454975004694454 ], [ -89.40982941358925, 15.455811962585257 ], [ -89.409195682323983, 15.456472960406821 ], [ -89.408911964082151, 15.456871122201729 ], [ -89.408322352288721, 15.457637751258265 ], [ -89.407872933736385, 15.458301731413263 ], [ -89.40735780032125, 15.458762697945742 ], [ -89.406725803688431, 15.459322174543262 ], [ -89.406188749306338, 15.459738780885957 ], [ -89.405409282159283, 15.460821594460835 ], [ -89.405023843753298, 15.461753985462929 ], [ -89.404827167374663, 15.462466059200622 ], [ -89.403254375966085, 15.464118114549706 ], [ -89.401475922500921, 15.465653987834154 ], [ -89.399993041309116, 15.467418032870084 ], [ -89.397415984683576, 15.469790383701467 ], [ -89.394954377778021, 15.472143139228249 ], [ -89.39315988848891, 15.473254464840274 ], [ -89.392228536839482, 15.473797718064342 ], [ -89.39167165850138, 15.474012009798134 ], [ -89.39065713700171, 15.474018018760109 ], [ -89.389990748503493, 15.473872889297137 ], [ -89.389933569177572, 15.473179260173518 ], [ -89.390105306556421, 15.472601054953799 ], [ -89.390186540287246, 15.471908555023816 ], [ -89.390135566056642, 15.470857397914342 ], [ -89.389942320556713, 15.470027293538818 ], [ -89.389729511765552, 15.469017492848891 ], [ -89.388966246859965, 15.467819328378082 ], [ -89.388310150061415, 15.467115923036225 ], [ -89.385840101270077, 15.464661309564583 ], [ -89.385506174229633, 15.463962031819822 ], [ -89.385428661002237, 15.463133820854726 ], [ -89.385445740047587, 15.462150338561909 ], [ -89.385695012666957, 15.461058961486053 ], [ -89.386051637075724, 15.460417218977915 ], [ -89.386590460204928, 15.45993413445021 ], [ -89.387078497116633, 15.459696160423523 ], [ -89.387843304692979, 15.45946270460858 ], [ -89.388536608341411, 15.459361201243619 ], [ -89.38920366055153, 15.459331469639363 ], [ -89.389808814887985, 15.459114579180389 ], [ -89.390349191598148, 15.458541255929392 ], [ -89.39106493512972, 15.457144968086224 ], [ -89.391662064089573, 15.455947557585052 ], [ -89.392650496107436, 15.454756520246038 ], [ -89.393353254125643, 15.454141833756299 ], [ -89.393843204944204, 15.453792181406603 ], [ -89.394495184210882, 15.453422606011996 ], [ -89.395471993661488, 15.452901498526289 ], [ -89.395600645422803, 15.452121764864785 ], [ -89.394868808346928, 15.45179621724764 ], [ -89.394151118423935, 15.451963911742752 ], [ -89.393309610664176, 15.452665470310434 ], [ -89.392284740152405, 15.453274909337743 ], [ -89.389656467597618, 15.454617463068246 ], [ -89.384707365497789, 15.458181801684272 ], [ -89.381674077838994, 15.460300566549908 ], [ -89.380704411046551, 15.460373835475378 ], [ -89.380155725012528, 15.460118922200897 ], [ -89.379770831212184, 15.459709873823344 ], [ -89.379481878085599, 15.459101581852321 ], [ -89.379173553086616, 15.458269598080969 ], [ -89.378905337930362, 15.457773333866969 ], [ -89.378523737348601, 15.457208650529656 ], [ -89.377789399082062, 15.456994695505227 ], [ -89.376520291483061, 15.45706417860497 ], [ -89.376414037431459, 15.457889377220937 ], [ -89.376704135354615, 15.45843112835921 ], [ -89.377201833675187, 15.458975149974941 ], [ -89.37742526910688, 15.459404121240839 ], [ -89.377092848831253, 15.459957119702324 ], [ -89.376256508389474, 15.460323614658401 ], [ -89.375437982862223, 15.461002900036409 ], [ -89.375265045837153, 15.461648754877082 ], [ -89.37520043311612, 15.462720571848708 ], [ -89.374960245400544, 15.463253640952086 ], [ -89.374583430682392, 15.463716779746873 ], [ -89.374408357849617, 15.464518285125298 ], [ -89.374399398118712, 15.465032574674421 ], [ -89.374355115201638, 15.466238973473351 ], [ -89.374071902632011, 15.46663708259498 ], [ -89.373556689685358, 15.467097949564696 ], [ -89.373179863448058, 15.467561083666229 ], [ -89.372844289144851, 15.468293393170514 ], [ -89.372759503098351, 15.469186628645884 ], [ -89.372699337896194, 15.469968579800522 ], [ -89.372435293315448, 15.470567810585271 ], [ -89.372012127324226, 15.471052742928967 ], [ -89.371195882568514, 15.471597786237703 ], [ -89.3699409937025, 15.472180752942846 ], [ -89.369041242823556, 15.472211109564521 ], [ -89.368214211789407, 15.472040718795011 ], [ -89.367744465660763, 15.471228636077706 ], [ -89.36773136925548, 15.470646297277597 ], [ -89.367812653800101, 15.469954950889582 ], [ -89.367983468033557, 15.469399321371347 ], [ -89.368252994967222, 15.468486565291311 ], [ -89.36850060873779, 15.467529447308998 ], [ -89.368792017143363, 15.466662172789816 ], [ -89.369248965611988, 15.465574241378865 ], [ -89.369710983973789, 15.464195327473792 ], [ -89.369686099053368, 15.462987799997592 ], [ -89.369520484915256, 15.461912213444895 ], [ -89.36870402082603, 15.461138444348943 ], [ -89.367909638920253, 15.460432726657034 ], [ -89.366992735873396, 15.460149178445301 ], [ -89.366274619983372, 15.4603393267617 ], [ -89.365641174981008, 15.460976481679431 ], [ -89.364796623592213, 15.461812101189691 ], [ -89.364100992206943, 15.462046608976785 ], [ -89.363429385067619, 15.462237510306309 ], [ -89.362896761192516, 15.462363005584313 ], [ -89.362035974862607, 15.462795600694147 ], [ -89.361543615726646, 15.463279373815874 ], [ -89.361165612834355, 15.463809024651347 ], [ -89.360899577880303, 15.464521018117884 ], [ -89.360437129206005, 15.465921328996432 ], [ -89.359850353280606, 15.466515229265781 ], [ -89.359270993702324, 15.466685070184267 ], [ -89.358728380891691, 15.467413941332717 ], [ -89.358673258204789, 15.46790490075082 ], [ -89.358663092939963, 15.4684857246897 ], [ -89.358629067721466, 15.469133843655687 ], [ -89.358542283448614, 15.470137584954067 ], [ -89.358001424025446, 15.470732232656623 ], [ -89.357258637260628, 15.471033620070456 ], [ -89.356469723495607, 15.471311685292328 ], [ -89.355778480313916, 15.471293527165765 ], [ -89.355182593382921, 15.47111110418891 ], [ -89.354545390591326, 15.470631299619967 ], [ -89.35346020605698, 15.469428872891958 ], [ -89.351884291329995, 15.467256058033808 ], [ -89.350306237501385, 15.465240011683704 ], [ -89.349967716799952, 15.464810251849036 ], [ -89.349747653408187, 15.464225634963201 ], [ -89.349824657959189, 15.463615462450742 ], [ -89.35141748148196, 15.463627065745067 ], [ -89.352086140005909, 15.463638090393935 ], [ -89.353007726440808, 15.46365328193604 ], [ -89.353699060670223, 15.463664675455176 ], [ -89.354323950990974, 15.463518162705846 ], [ -89.354905257685928, 15.4632366799193 ], [ -89.355441399639005, 15.462910455390213 ], [ -89.35623400123032, 15.462386516715428 ], [ -89.356812539309658, 15.462262921789753 ], [ -89.357414748183274, 15.462116025555019 ], [ -89.358092216903998, 15.461590183435888 ], [ -89.358518315166762, 15.460971077902524 ], [ -89.358897500543435, 15.460373763425714 ], [ -89.359250290877554, 15.459955388031325 ], [ -89.359628496272336, 15.459447177637676 ], [ -89.360074126046911, 15.459007765406172 ], [ -89.361284585700645, 15.458333861574607 ], [ -89.362097674427318, 15.457967045008354 ], [ -89.362868334886556, 15.457398715852671 ], [ -89.363737102675046, 15.456474374274896 ], [ -89.363936244766549, 15.455628152928284 ], [ -89.364089846039619, 15.454758621164778 ], [ -89.364270993334998, 15.453643605287525 ], [ -89.364807640043068, 15.451953432871806 ], [ -89.364867625055524, 15.451148923054566 ], [ -89.364554683281895, 15.450585354750187 ], [ -89.363961484660379, 15.450217992210256 ], [ -89.363040340126773, 15.450180303586849 ], [ -89.362113329949182, 15.450478700452557 ], [ -89.361627062988802, 15.45058239584178 ], [ -89.36063361963177, 15.450721753821163 ], [ -89.360126627395061, 15.450713420772786 ], [ -89.359228140971439, 15.450677215826898 ], [ -89.358515155688451, 15.450609086409154 ], [ -89.357757018759557, 15.450462369670973 ], [ -89.356832950720388, 15.450558852670323 ], [ -89.356276126448947, 15.450773063446963 ], [ -89.355527948131765, 15.451386864582163 ], [ -89.354987142917267, 15.451981514369511 ], [ -89.354257725965567, 15.452818990354775 ], [ -89.353714353474828, 15.453592966721413 ], [ -89.35347550415122, 15.454080897578116 ], [ -89.352841449726697, 15.454719129283927 ], [ -89.35201975239751, 15.455577635430803 ], [ -89.351128880059264, 15.456433869385002 ], [ -89.350677351788732, 15.457209347862923 ], [ -89.350155462493049, 15.458050221944873 ], [ -89.349824546586433, 15.458514066193992 ], [ -89.349283100728243, 15.459176371469345 ], [ -89.348858566361486, 15.459705228977615 ], [ -89.348273348944446, 15.460209999856611 ], [ -89.347762029578462, 15.460447494482246 ], [ -89.346978051248129, 15.460479680845369 ], [ -89.346013117790818, 15.460284379144658 ], [ -89.345265558642581, 15.459534243212364 ], [ -89.344974360837909, 15.45906013547496 ], [ -89.344682374655278, 15.458631137632249 ], [ -89.344320636607634, 15.458199862527339 ], [ -89.343869953024466, 15.45763399907827 ], [ -89.343421068631329, 15.456932788732885 ], [ -89.343068135498257, 15.456033487402369 ], [ -89.34278520843641, 15.455089089755131 ], [ -89.342483320807901, 15.453899575533303 ], [ -89.342158578497887, 15.452687122464546 ], [ -89.34178909403721, 15.451406243608341 ], [ -89.341231177791386, 15.450390743819304 ], [ -89.340492681243674, 15.449127456603737 ], [ -89.339823396406274, 15.44786418499443 ], [ -89.338811722548002, 15.446394450953084 ], [ -89.33780026741799, 15.444946150155859 ], [ -89.336647496537978, 15.443630885947536 ], [ -89.33525783200038, 15.442691872293958 ], [ -89.333957110363286, 15.441954000689638 ], [ -89.332157681590814, 15.440739704007594 ], [ -89.330275289081655, 15.438987041472057 ], [ -89.32870549580565, 15.436524327996755 ], [ -89.327521083114178, 15.434403045839789 ], [ -89.326764769414993, 15.432870955813284 ], [ -89.326440148480415, 15.431657377750758 ], [ -89.3256330110421, 15.430370372295357 ], [ -89.325180088017618, 15.429937571616192 ], [ -89.324127795293592, 15.429495958769076 ], [ -89.323188458942695, 15.429145336742168 ], [ -89.322503184860636, 15.428797798050331 ], [ -89.321815132094841, 15.428608146193431 ], [ -89.321505306882841, 15.427909224387662 ], [ -89.321682479114088, 15.426996148726934 ], [ -89.32206363939703, 15.426287255489191 ], [ -89.32241582608674, 15.425935489784615 ], [ -89.322927464399712, 15.425675484178292 ], [ -89.323439104058366, 15.425415479538724 ], [ -89.324202605564949, 15.425249897546799 ], [ -89.325081225468736, 15.42508509050303 ], [ -89.326008908258729, 15.424742853377536 ], [ -89.326705991286488, 15.424419353527272 ], [ -89.32746092441046, 15.424343864208829 ], [ -89.327808290825701, 15.424001032006167 ], [ -89.327991358746687, 15.423411805880482 ], [ -89.328127135188353, 15.422899639196105 ], [ -89.328274138450027, 15.422410216947188 ], [ -89.328592995183016, 15.421968766318157 ], [ -89.329380543610043, 15.421724590709566 ], [ -89.330150958230561, 15.421826458602167 ], [ -89.330620213622765, 15.422024873678106 ], [ -89.331224900964727, 15.422358643228241 ], [ -89.331903089246509, 15.422447700664522 ], [ -89.332472043653198, 15.422201028312212 ], [ -89.333094001715793, 15.421585208155996 ], [ -89.33542139778514, 15.418951170624155 ], [ -89.336353347103596, 15.41839686475857 ], [ -89.338821878833159, 15.416928191980256 ], [ -89.3408973858498, 15.415554536325883 ], [ -89.341862547673273, 15.41439720371239 ], [ -89.342561660578866, 15.413290760037951 ], [ -89.34293478565462, 15.411972492880158 ], [ -89.342193740441502, 15.412585260109033 ], [ -89.341577197606796, 15.413558820010664 ], [ -89.340873490077328, 15.414263574607766 ], [ -89.339752206849667, 15.415138552479533 ], [ -89.338261769050717, 15.416008558355736 ], [ -89.336352160648659, 15.417138994355163 ], [ -89.335279878747173, 15.417837638281352 ], [ -89.334395801739433, 15.418314892095566 ], [ -89.333421650748463, 15.418656405187004 ], [ -89.332867266513958, 15.418736362155743 ], [ -89.332267942600524, 15.418726454541881 ], [ -89.331530848715403, 15.418714267190436 ], [ -89.330706838764073, 15.418387027459739 ], [ -89.330115157369121, 15.417975633531245 ], [ -89.329664395376213, 15.417387200113534 ], [ -89.329487995677837, 15.416936422631402 ], [ -89.329279018179847, 15.415725889980928 ], [ -89.329159525459559, 15.414651082629661 ], [ -89.328948982965926, 15.41352964434863 ], [ -89.32855279953354, 15.412450260060071 ], [ -89.328067134335868, 15.411235150775692 ], [ -89.327450210895606, 15.409615136032009 ], [ -89.326285225230507, 15.407717563125443 ], [ -89.325749732392566, 15.40672499277102 ], [ -89.325266453320864, 15.405375678120478 ], [ -89.324872445302063, 15.404207210175821 ], [ -89.324699192846154, 15.403578245886221 ], [ -89.324670783182512, 15.402548943947583 ], [ -89.324865833618745, 15.401971197833459 ], [ -89.325103883955322, 15.401527282141172 ], [ -89.325530092569366, 15.400864240390552 ], [ -89.326273982027416, 15.400518936378264 ], [ -89.326829110120727, 15.400393874146067 ], [ -89.328466511356169, 15.40032054823714 ], [ -89.329131614688677, 15.400488351263373 ], [ -89.329889931027495, 15.400612565624336 ], [ -89.330395613836899, 15.400687480690278 ], [ -89.331109973767909, 15.400699283410493 ], [ -89.331852110214626, 15.400420490909703 ], [ -89.332293712415819, 15.40020441648114 ], [ -89.333580050891229, 15.399130258867745 ], [ -89.334964272119024, 15.397745217224552 ], [ -89.337110929242186, 15.396214801550071 ], [ -89.338280160624549, 15.395251485156914 ], [ -89.33881632742748, 15.394880145111602 ], [ -89.339678802009345, 15.39433481056103 ], [ -89.340166697814013, 15.394096917283303 ], [ -89.340956070626817, 15.393774867065877 ], [ -89.341471516579702, 15.393291494993521 ], [ -89.341640727867428, 15.392824982164095 ], [ -89.341638586186193, 15.391617855616909 ], [ -89.341511783499811, 15.390989658350696 ], [ -89.341099150506452, 15.389551278555901 ], [ -89.340928967551037, 15.388744125213751 ], [ -89.340717376406971, 15.387645233398938 ], [ -89.340326025578463, 15.386320017072368 ], [ -89.339747900348996, 15.385103407986168 ], [ -89.339032426574661, 15.38386197290116 ], [ -89.338023708709656, 15.382235532533624 ], [ -89.337371949647064, 15.381307635261589 ], [ -89.336786014383406, 15.38053875895921 ], [ -89.336197563450625, 15.379946954321946 ], [ -89.335776346465948, 15.379001419781575 ], [ -89.33565288778928, 15.378149914863629 ], [ -89.335642156938903, 15.377434510998771 ], [ -89.335911010590394, 15.376921133931308 ], [ -89.336121536592756, 15.376086410996551 ], [ -89.336233198108857, 15.375618953421174 ], [ -89.336132193393865, 15.374812941389136 ], [ -89.336027676068881, 15.374207676731608 ], [ -89.335923368666016, 15.373557292716722 ], [ -89.335258117234602, 15.373700885644649 ], [ -89.334598052991637, 15.374577835046223 ], [ -89.33378248114964, 15.374441429581868 ], [ -89.333284497122051, 15.373930081691956 ], [ -89.333038352420232, 15.373512005389804 ], [ -89.332625266039244, 15.372767408574287 ], [ -89.33226932136786, 15.372046315042709 ], [ -89.331990048296532, 15.37152841985773 ], [ -89.331530085855391, 15.370838326670096 ], [ -89.330862248633352, 15.370134652927932 ], [ -89.330286037699011, 15.369510327688891 ], [ -89.329561068373692, 15.368783145670154 ], [ -89.329164586647309, 15.368418994455993 ], [ -89.328639468200294, 15.368130558545033 ], [ -89.328149616156736, 15.367820142375622 ], [ -89.323663306953648, 15.36481750367545 ], [ -89.322624324800003, 15.364297203845304 ], [ -89.321181045492054, 15.363826624097202 ], [ -89.320232133782284, 15.36340820511478 ], [ -89.316063118407342, 15.361383117850705 ], [ -89.312418666129858, 15.358986490110849 ], [ -89.31158563762078, 15.358525967013508 ], [ -89.311129118297828, 15.358306320962447 ], [ -89.310486237286227, 15.358172706745783 ], [ -89.30998049047264, 15.358107918997886 ], [ -89.309143143815959, 15.357893238745971 ], [ -89.308287663580828, 15.357421051740587 ], [ -89.307858364135058, 15.356943520871187 ], [ -89.3076477455744, 15.356459461963578 ], [ -89.307615602518553, 15.355677165453706 ], [ -89.307522413175263, 15.355093526638287 ], [ -89.307340591785589, 15.354624611782086 ], [ -89.306779245290727, 15.354120070156982 ], [ -89.305953540142383, 15.353905577176484 ], [ -89.305423970184449, 15.353874228577773 ], [ -89.304443995383039, 15.353936934056053 ], [ -89.304465876326631, 15.354641221870617 ], [ -89.304847307787199, 15.355228516273485 ], [ -89.305241735532036, 15.355738187200808 ], [ -89.305308730596224, 15.356488345648941 ], [ -89.305031124725303, 15.357232787835059 ], [ -89.304659564733257, 15.358030945457358 ], [ -89.304338229612981, 15.358617854891813 ], [ -89.304006440023201, 15.359138035086067 ], [ -89.303699289664891, 15.359579654957985 ], [ -89.303263261095353, 15.360143226357149 ], [ -89.302772486132938, 15.360547952458855 ], [ -89.301931982044835, 15.361171356307345 ], [ -89.30041135253002, 15.362453531897524 ], [ -89.299651807436916, 15.363066990609305 ], [ -89.299008896166839, 15.363593265454613 ], [ -89.298344913432572, 15.364028940004699 ], [ -89.297809183809193, 15.364344915892726 ], [ -89.297078811235366, 15.364622679658027 ], [ -89.29656989362698, 15.364737170580833 ], [ -89.29571713516259, 15.36539418395629 ], [ -89.295398331803426, 15.365835592726143 ], [ -89.29505608312482, 15.366287891865456 ], [ -89.294443673286807, 15.367060577392987 ], [ -89.294022415911584, 15.367411162153141 ], [ -89.293474655623044, 15.367782196649355 ], [ -89.292962374530475, 15.368086139008209 ], [ -89.292543074639369, 15.368358914738712 ], [ -89.291866460599039, 15.368816916265176 ], [ -89.29128164625115, 15.369310287276152 ], [ -89.290497229123616, 15.369979691434063 ], [ -89.289948857747135, 15.370417260557954 ], [ -89.289138056598105, 15.370672217218551 ], [ -89.288431899144229, 15.37086123282671 ], [ -89.287691454594622, 15.371049673750726 ], [ -89.287007540626902, 15.371295457573055 ], [ -89.286461155298795, 15.371554818599957 ], [ -89.285513238867154, 15.371739785377272 ], [ -89.284925702738448, 15.371729973899491 ], [ -89.28414706843084, 15.371482332122877 ], [ -89.283174189119947, 15.371108484891941 ], [ -89.282659357622308, 15.370932929347761 ], [ -89.282074408201154, 15.370777636173868 ], [ -89.280968104823174, 15.370781704448119 ], [ -89.279296316462165, 15.370876707137072 ], [ -89.277425538757498, 15.371112759271796 ], [ -89.276103809855968, 15.371593748752471 ], [ -89.274801150792769, 15.372309682957603 ], [ -89.273506334523645, 15.373205099293999 ], [ -89.272781174977951, 15.373807736052676 ], [ -89.27222999433782, 15.374368163145441 ], [ -89.271816141348978, 15.374953450318236 ], [ -89.271118668886032, 15.375959255720115 ], [ -89.270924302356079, 15.37652566005027 ], [ -89.270833559683027, 15.377083647924486 ], [ -89.27074062327705, 15.37779727120372 ], [ -89.270799512889965, 15.382224709214945 ], [ -89.270689177816209, 15.383261788317947 ], [ -89.270283926638712, 15.384015292970275 ], [ -89.269602211164738, 15.384786714206172 ], [ -89.268838524212526, 15.385623313469747 ], [ -89.266372039138545, 15.388253096083758 ], [ -89.265707182823675, 15.389348531671564 ], [ -89.265431394139156, 15.389947397859965 ], [ -89.265026284417104, 15.390723448268826 ], [ -89.264748295848079, 15.391445231160674 ], [ -89.264499618149529, 15.392446132674822 ], [ -89.2642690463815, 15.393311971638807 ], [ -89.264019689223346, 15.395456690038747 ], [ -89.263911900893703, 15.39634828208875 ], [ -89.26373614082884, 15.39713946490116 ], [ -89.263474790041712, 15.398230391020842 ], [ -89.263189550417053, 15.398706136283439 ], [ -89.262719841295691, 15.399223896340317 ], [ -89.262181192184144, 15.399695375039245 ], [ -89.261713702172827, 15.40005637352483 ], [ -89.261212119827277, 15.400405515634098 ], [ -89.26068888249641, 15.40066517762671 ], [ -89.259007673819781, 15.401274199791054 ], [ -89.257885810868856, 15.40152264093564 ], [ -89.257099737490179, 15.401654909088235 ], [ -89.256601134915087, 15.401837142311077 ], [ -89.255840540393521, 15.402494365176885 ], [ -89.255413534681011, 15.403158342719705 ], [ -89.255104207392563, 15.403711498472388 ], [ -89.254163964630109, 15.404757109202862 ], [ -89.253091576936725, 15.404806694440667 ], [ -89.252285435499999, 15.404793087846674 ], [ -89.251533441017713, 15.404937189105951 ], [ -89.251030841920667, 15.405341557518469 ], [ -89.25044644083151, 15.405800945146833 ], [ -89.249854597399661, 15.406059417051834 ], [ -89.249044652878936, 15.406225089059868 ], [ -89.248421154324532, 15.406303666101396 ], [ -89.247704811889932, 15.406437074201024 ], [ -89.2470113371445, 15.406559585473751 ], [ -89.246443575495974, 15.406739492460261 ], [ -89.245990286456248, 15.406955176366592 ], [ -89.245254093758589, 15.407513500762082 ], [ -89.244679091736913, 15.408095980976571 ], [ -89.244411630519394, 15.408873171096191 ], [ -89.244399566668292, 15.409544135244111 ], [ -89.244455472530049, 15.410282802635013 ], [ -89.244584354660034, 15.410810637241317 ], [ -89.244792451269745, 15.411395086947259 ], [ -89.245038242978751, 15.411823378998831 ], [ -89.245294827148712, 15.412298102121225 ], [ -89.245642249195512, 15.412862349653143 ], [ -89.246170320491132, 15.413597724835785 ], [ -89.246656894356818, 15.414086491527089 ], [ -89.247212638817516, 15.414576425106725 ], [ -89.248571141060054, 15.415270570627257 ], [ -89.249278274815879, 15.415036616397694 ], [ -89.250034545157064, 15.414624134267427 ], [ -89.250814651089954, 15.414179340963308 ], [ -89.251514165179657, 15.413721901835993 ], [ -89.252248547978027, 15.413265048746691 ], [ -89.253247595291754, 15.412801382717614 ], [ -89.254721991762167, 15.412188934786775 ], [ -89.25701638100557, 15.411467354655525 ], [ -89.259226757034725, 15.410923686340118 ], [ -89.260954145443364, 15.41033801878773 ], [ -89.262974845962191, 15.409443677818006 ], [ -89.264565074237694, 15.408789111088344 ], [ -89.265972052841136, 15.408075047446664 ], [ -89.267238491973544, 15.407481567580291 ], [ -89.268106792949069, 15.407238972007754 ], [ -89.26886504761913, 15.407363395037708 ], [ -89.269379117544418, 15.407617949006406 ], [ -89.26968951753598, 15.408305631609279 ], [ -89.269527595971553, 15.408972965544274 ], [ -89.26903303042215, 15.409579436558605 ], [ -89.268540075656674, 15.410062977242168 ], [ -89.268107641629584, 15.410413294807812 ], [ -89.267652058334633, 15.410757582548712 ], [ -89.266326290945145, 15.412099081155732 ], [ -89.265936964223243, 15.412606916782986 ], [ -89.265544852448087, 15.413270373325108 ], [ -89.265158506401605, 15.413611306948239 ], [ -89.264538614992219, 15.4141366904578 ], [ -89.263965428185628, 15.414618863352665 ], [ -89.263276369263664, 15.415110363921736 ], [ -89.262055361237472, 15.415760977343226 ], [ -89.260847611903401, 15.416287723755273 ], [ -89.260243738494935, 15.416534736135837 ], [ -89.259386411486645, 15.416811316565811 ], [ -89.258313774441987, 15.416871061723462 ], [ -89.25720725134488, 15.416874959329329 ], [ -89.253977495847693, 15.417066357127126 ], [ -89.252376740842848, 15.417039322694274 ], [ -89.251087974080477, 15.416928435836075 ], [ -89.24445193058655, 15.416234146083934 ], [ -89.242266571216021, 15.416030197220048 ], [ -89.240429523204554, 15.415662929408438 ], [ -89.239282912517297, 15.415376158860154 ], [ -89.237941880635233, 15.414973288073259 ], [ -89.235567352246463, 15.414396082224624 ], [ -89.23413228897779, 15.414114547244836 ], [ -89.232784631872804, 15.414080390329596 ], [ -89.231250895288369, 15.414144586655386 ], [ -89.230361933144508, 15.414241158742559 ], [ -89.22934345251258, 15.414491187023263 ], [ -89.228209866889657, 15.414740383179822 ], [ -89.227493089238479, 15.414896270867978 ], [ -89.226937543595653, 15.415009775102931 ], [ -89.226223007034307, 15.415041613726693 ], [ -89.225312607398891, 15.415037408082316 ], [ -89.223355877753505, 15.414926280586611 ], [ -89.222514227957049, 15.414978502343738 ], [ -89.221667529835671, 15.415277666880003 ], [ -89.221015701757963, 15.415635417816997 ], [ -89.220377719627024, 15.41587045243619 ], [ -89.219846818333465, 15.415939239653142 ], [ -89.219097450452949, 15.415903909377478 ], [ -89.21840738120305, 15.415836877696544 ], [ -89.217660790724238, 15.415712479883995 ], [ -89.216276968843104, 15.415172269102051 ], [ -89.216551651110933, 15.414002723404977 ], [ -89.216693943716024, 15.413144496908945 ], [ -89.21676515016874, 15.411749268081117 ], [ -89.216639693226213, 15.410394676649744 ], [ -89.216512589043262, 15.409163009071973 ], [ -89.216321705856501, 15.408242704467936 ], [ -89.21598896544009, 15.406873302041079 ], [ -89.215621292410049, 15.405570980634854 ], [ -89.215377207335862, 15.405052461494128 ], [ -89.215177811110621, 15.404602380344897 ], [ -89.214898417624894, 15.404139657184437 ], [ -89.214574777077388, 15.403552100629668 ], [ -89.214389849846853, 15.402945477677196 ], [ -89.214591079168684, 15.402010427789943 ], [ -89.214954600358865, 15.401647774749783 ], [ -89.215809534218167, 15.40089080624152 ], [ -89.216008323825562, 15.400089941582713 ], [ -89.216069100207804, 15.398659565322371 ], [ -89.215952012109213, 15.3961996959597 ], [ -89.215710679217892, 15.394887122192209 ], [ -89.215519155873835, 15.392749716102848 ], [ -89.214837381091371, 15.391586430908099 ], [ -89.214538997022686, 15.39088876694616 ], [ -89.214070260626144, 15.390064121566253 ], [ -89.213769657792426, 15.389489368845719 ], [ -89.213018012908748, 15.389007320200001 ], [ -89.212436340215774, 15.388673676888377 ], [ -89.212184307704476, 15.387953113775808 ], [ -89.211962682940367, 15.386195327073736 ], [ -89.211730038322116, 15.385688283129662 ], [ -89.210844639015477, 15.38559536094033 ], [ -89.210258546886266, 15.385506409351017 ], [ -89.209711753861498, 15.385173356477148 ], [ -89.209083187866611, 15.384894175916887 ], [ -89.208242058753669, 15.38492494778734 ], [ -89.207469802381524, 15.385581789150402 ], [ -89.207083059107461, 15.385944036972678 ], [ -89.206594315416936, 15.386192875052037 ], [ -89.205670588702105, 15.38632261338716 ], [ -89.204633238073711, 15.386338739646481 ], [ -89.203921842923464, 15.386203641839492 ], [ -89.203396314783006, 15.38594876681465 ], [ -89.20270632028911, 15.385243279243573 ], [ -89.202487086240779, 15.383998768009654 ], [ -89.202408091226658, 15.378197399749713 ], [ -89.202115921313279, 15.377801005314979 ], [ -89.201225434869286, 15.37735039809704 ], [ -89.200453081608387, 15.376732612471532 ], [ -89.200249794598477, 15.375891059558771 ], [ -89.200386808162961, 15.375323777119432 ], [ -89.200629897729158, 15.374612798179735 ], [ -89.200887449259582, 15.373745279124877 ], [ -89.201048519396522, 15.373133287193527 ], [ -89.201437817643694, 15.371988282450022 ], [ -89.201547432902217, 15.371040403996773 ], [ -89.201621360878221, 15.370137035197649 ], [ -89.201692537526881, 15.36810339372901 ], [ -89.202044210048427, 15.36649978533006 ], [ -89.202948784377838, 15.364246875903943 ], [ -89.20416288602803, 15.36146232087844 ], [ -89.204624295820253, 15.360151591122211 ], [ -89.205714713805563, 15.357196840831822 ], [ -89.20604135008827, 15.356330483463021 ], [ -89.206360403986309, 15.355240657494493 ], [ -89.206795392814826, 15.353492938406234 ], [ -89.207086650972286, 15.352011226979407 ], [ -89.207650285603464, 15.350155153269551 ], [ -89.208088413547344, 15.348842879614166 ], [ -89.208473102964376, 15.347978629087686 ], [ -89.208667193465473, 15.347433735031926 ], [ -89.208737636884678, 15.346719797472295 ], [ -89.208763992791305, 15.34590471691946 ], [ -89.208799593640549, 15.345189056443447 ], [ -89.208947147390333, 15.344678335939738 ], [ -89.210071358451472, 15.342383976617871 ], [ -89.210518642054623, 15.341206076359569 ], [ -89.210655991137969, 15.340616222991621 ], [ -89.210689311732125, 15.340058439752527 ], [ -89.210525864544095, 15.339518742075285 ], [ -89.210601106848387, 15.338570260958535 ], [ -89.211008262962338, 15.337682695384906 ], [ -89.211668375509248, 15.336207235549795 ], [ -89.211855023349273, 15.335461426819075 ], [ -89.212059544123093, 15.334336920263821 ], [ -89.212170097314015, 15.333298799145989 ], [ -89.212127289753937, 15.332482539427382 ], [ -89.211853414070788, 15.331717627062146 ], [ -89.211359104588396, 15.331026798709249 ], [ -89.210888435939864, 15.330282228346373 ], [ -89.210569684230762, 15.329460152957196 ], [ -89.210342994445099, 15.327980901724283 ], [ -89.210183015728447, 15.326637014060321 ], [ -89.209949877898396, 15.32551522294777 ], [ -89.209619320108899, 15.32467151632919 ], [ -89.209305351058305, 15.32419694105498 ], [ -89.20879863173775, 15.323551021059044 ], [ -89.208403088705566, 15.323152890410217 ], [ -89.208099116109835, 15.322768721369943 ], [ -89.207618673226847, 15.321955178269272 ], [ -89.207421346583942, 15.321393475206669 ], [ -89.207106150514235, 15.319699533988071 ], [ -89.20701167727654, 15.318558670195687 ], [ -89.207117233483402, 15.317185459772549 ], [ -89.207287483405864, 15.31605924599344 ], [ -89.207447261202859, 15.315481054006746 ], [ -89.207760560417668, 15.314703560197954 ], [ -89.208281430788304, 15.313919441031842 ], [ -89.2087866539093, 15.313358393352441 ], [ -89.209176056605941, 15.312839367004042 ], [ -89.209369249636794, 15.31237340795064 ], [ -89.209527207620624, 15.311895572066973 ], [ -89.209867005886977, 15.31029171033682 ], [ -89.21002775708196, 15.309690969324802 ], [ -89.210209151701235, 15.309202249451939 ], [ -89.210588730385766, 15.308582663260781 ], [ -89.211142821084891, 15.307888205553377 ], [ -89.211882915245582, 15.307061541655367 ], [ -89.212251043434762, 15.306464315214484 ], [ -89.212446258357019, 15.305852876685011 ], [ -89.212443877480752, 15.305339602061213 ], [ -89.212373810879228, 15.304745095180197 ], [ -89.211998764797897, 15.303822809599263 ], [ -89.211806844877813, 15.302992742713434 ], [ -89.21181549393215, 15.302512367426038 ], [ -89.211952810793392, 15.301921375747805 ], [ -89.212240592163141, 15.30126751380002 ], [ -89.213064017333878, 15.299683121381321 ], [ -89.213816524521832, 15.298164070378647 ], [ -89.214106091475855, 15.297442554993328 ], [ -89.214464606626493, 15.296699645795213 ], [ -89.214998027132722, 15.295859307439779 ], [ -89.215611099095796, 15.295048516277141 ], [ -89.217161924500857, 15.293594853472552 ], [ -89.218708342495844, 15.291932421566782 ], [ -89.220604390431404, 15.290666171764027 ], [ -89.222407153802848, 15.290226274953357 ], [ -89.225661534323294, 15.293181343181638 ], [ -89.229944038950819, 15.295578450965477 ], [ -89.23321306499794, 15.296232557494232 ], [ -89.23627235084021, 15.296074302440644 ], [ -89.239007322874926, 15.294879539804066 ], [ -89.241605193525274, 15.292835289881207 ], [ -89.24552548865897, 15.288055199510909 ], [ -89.246326139393844, 15.287862217652307 ], [ -89.246363003055649, 15.287065324612112 ], [ -89.248327703793436, 15.28519757983319 ], [ -89.248731076871138, 15.284244397670815 ], [ -89.250334016860165, 15.283144384333806 ], [ -89.251687579800404, 15.282996744778119 ], [ -89.253271878044387, 15.283532040160676 ], [ -89.253951044765472, 15.284615048458805 ], [ -89.25221589614884, 15.294188892601321 ], [ -89.252424349646503, 15.296025436452476 ], [ -89.25410779163866, 15.29736218419596 ], [ -89.257974673255248, 15.297802617948291 ], [ -89.261276789796739, 15.296638490344204 ], [ -89.266685233749357, 15.293644847939275 ], [ -89.269930496971142, 15.293027850653536 ], [ -89.273808898693133, 15.293474962937674 ], [ -89.279273846262711, 15.293191500618887 ], [ -89.281747231619761, 15.293604927666502 ], [ -89.290326299173927, 15.293553477256218 ], [ -89.297082215884288, 15.292494574118098 ], [ -89.299307269847688, 15.291600761112848 ], [ -89.304803317300852, 15.287196261664747 ], [ -89.305809276590423, 15.286064491245051 ], [ -89.307656586301619, 15.281884969002643 ], [ -89.307870270590115, 15.280931875297954 ], [ -89.306694623284429, 15.276065054876707 ], [ -89.307405121102008, 15.273817215286307 ], [ -89.308715082113196, 15.2728066235327 ], [ -89.310094435354571, 15.272644367330388 ], [ -89.312725877147201, 15.273516898869628 ], [ -89.315289507763566, 15.273782495632434 ], [ -89.317328990119037, 15.272553726723215 ], [ -89.320816403533769, 15.271660101784915 ], [ -89.324441398110167, 15.271339499565224 ], [ -89.325608573029328, 15.271849398665918 ], [ -89.328096696378054, 15.27418369828016 ], [ -89.33003771740016, 15.275938179720507 ], [ -89.337603457473492, 15.277268131080817 ], [ -89.340103684745415, 15.276508077755443 ], [ -89.343203513063031, 15.274713147436259 ], [ -89.347557813886368, 15.274026165623319 ], [ -89.353159796867914, 15.275616845146061 ], [ -89.356164356800988, 15.277748357897021 ], [ -89.359488883707513, 15.278046166957783 ], [ -89.362722803963067, 15.27719738065638 ], [ -89.365988287576656, 15.275291972922846 ], [ -89.374965670221783, 15.271976397245631 ], [ -89.379715908987578, 15.269582601563974 ], [ -89.382894140086549, 15.266787604632484 ], [ -89.388168871246407, 15.257707434160135 ], [ -89.391095523699249, 15.253772121376086 ], [ -89.392067559425044, 15.251394896474816 ], [ -89.393207103138138, 15.250197058613299 ], [ -89.394083929358885, 15.247471929327238 ], [ -89.395275317719467, 15.245991731579213 ], [ -89.395969669944776, 15.244048873028637 ], [ -89.395207979855527, 15.240539237714472 ], [ -89.395290500215381, 15.237574552226151 ], [ -89.396407440357848, 15.236741848552697 ], [ -89.397506817987747, 15.236871204522531 ], [ -89.399521730540968, 15.2386793417276 ], [ -89.400900607732353, 15.238671018439879 ], [ -89.401843515671828, 15.238094976420642 ], [ -89.404080778259058, 15.234759806415081 ], [ -89.40562832479246, 15.231116831052926 ], [ -89.408449373234419, 15.226410016640809 ], [ -89.414743278898484, 15.220505197656914 ], [ -89.421260964895382, 15.215500629740339 ], [ -89.432360250064079, 15.211739733968988 ], [ -89.438576190374263, 15.208197568348268 ], [ -89.443734810417098, 15.20589080350034 ], [ -89.444836741501462, 15.205759314002202 ], [ -89.445638922632455, 15.2050036717113 ], [ -89.447545760973014, 15.204680688520513 ], [ -89.452748322545773, 15.202620333214936 ], [ -89.458463304611371, 15.199232051646552 ], [ -89.460938229694548, 15.198909989897921 ], [ -89.464508419467762, 15.197704777876224 ], [ -89.472892201969813, 15.194926664919814 ], [ -89.48503220501496, 15.192036572788851 ], [ -89.490648248777362, 15.189812419181383 ], [ -89.494183668586189, 15.189114985414328 ], [ -89.495024832010103, 15.188412756360171 ], [ -89.498654742362106, 15.187338735868028 ], [ -89.502885142712074, 15.185040746390149 ], [ -89.505257671031231, 15.184331804043634 ], [ -89.50703018584133, 15.183017769946447 ], [ -89.508094783645305, 15.182889870577569 ], [ -89.508567590530305, 15.182222476849589 ], [ -89.509661093909642, 15.182102918482418 ], [ -89.510663090227069, 15.181153750651154 ], [ -89.519170428807826, 15.178399263418275 ], [ -89.532925152159592, 15.175132921087368 ], [ -89.535398879408589, 15.174015589715903 ], [ -89.544705678531258, 15.172653414604683 ], [ -89.549335485095526, 15.173584236097231 ], [ -89.551970333734147, 15.174452823046199 ], [ -89.560657362556469, 15.180584122421172 ], [ -89.563495529205625, 15.181355284131884 ], [ -89.566184575649785, 15.180680947079507 ], [ -89.5685791341851, 15.179463849780445 ], [ -89.574229367043088, 15.175538537359477 ], [ -89.577633468074325, 15.173925951735512 ], [ -89.583007485062808, 15.17270768150744 ], [ -89.58392492415814, 15.172120170147229 ], [ -89.585309239148216, 15.172121988974892 ], [ -89.591470092793628, 15.169942749533226 ], [ -89.598541518857289, 15.166652047928356 ], [ -89.600221157227267, 15.165296238087279 ], [ -89.603160528559215, 15.16457326702403 ], [ -89.613094914864675, 15.160519492202196 ], [ -89.616967274624201, 15.160153383813533 ], [ -89.626826751530956, 15.161528950127252 ], [ -89.624421227985692, 15.164231627882977 ], [ -89.621470692724756, 15.170881241821629 ], [ -89.619454487731787, 15.173931588678288 ], [ -89.619423096010621, 15.174735686503832 ], [ -89.615188521545008, 15.182060968604913 ], [ -89.613094703021872, 15.186574742607174 ], [ -89.611396209514638, 15.188338835838863 ], [ -89.609998648819627, 15.191410766574611 ], [ -89.604242888816486, 15.199021950865516 ], [ -89.590197905920547, 15.220409092481903 ], [ -89.586772419772473, 15.22466862049132 ], [ -89.586447281804723, 15.225948913994163 ], [ -89.581493515078989, 15.232392194632293 ], [ -89.57988497811607, 15.236025898340264 ], [ -89.57603581080545, 15.241871978541896 ], [ -89.57427727197198, 15.246895733998549 ], [ -89.573653429415003, 15.250604199139422 ], [ -89.571828110067557, 15.253645460671303 ], [ -89.567301350941307, 15.266274821067277 ], [ -89.567128595163666, 15.275211105703526 ], [ -89.567723333741981, 15.27605747928998 ], [ -89.567738778181308, 15.286066344556875 ], [ -89.568507892551253, 15.28802007007021 ], [ -89.568029738902879, 15.292859071932872 ], [ -89.566518163062682, 15.295196403362667 ], [ -89.564632214702968, 15.296963777471978 ], [ -89.563201997525368, 15.300080892184294 ], [ -89.563353273209245, 15.303311463966979 ], [ -89.565369654386629, 15.305132060811129 ], [ -89.566221132738164, 15.307346592003777 ], [ -89.566681153481667, 15.309363284611734 ], [ -89.564340737215886, 15.311435072353804 ], [ -89.557764660659828, 15.312562570412208 ], [ -89.553609502998427, 15.312493957083252 ], [ -89.546600090245761, 15.310874795383342 ], [ -89.543305109879668, 15.311384597337609 ], [ -89.53958125441855, 15.310367829232129 ], [ -89.537956080633265, 15.311280285890616 ], [ -89.536391107324761, 15.312948517132654 ], [ -89.534763376874054, 15.316589209492033 ], [ -89.535266784928112, 15.319728147055974 ], [ -89.540012191862871, 15.326743298999039 ], [ -89.541360858914729, 15.328121604143986 ], [ -89.541486233196053, 15.328875020759922 ], [ -89.543528797229996, 15.330303569227841 ], [ -89.544249201716482, 15.333158151029256 ], [ -89.546642933772134, 15.335790422671119 ], [ -89.547201624789253, 15.336956755477987 ], [ -89.547306608203982, 15.342096858706578 ], [ -89.546559023443152, 15.344036182344462 ], [ -89.544444513647193, 15.347038640462122 ], [ -89.54115972405539, 15.349892013028638 ], [ -89.537387631107762, 15.351266398726528 ], [ -89.535688716763417, 15.352432628546063 ], [ -89.527459220188931, 15.354388495110074 ], [ -89.524856815966174, 15.355760559971642 ], [ -89.522141569446504, 15.356292486008188 ], [ -89.519597018035327, 15.357748876664006 ], [ -89.517728726058309, 15.358253360253897 ], [ -89.513464003535674, 15.361266902742369 ], [ -89.512034607013334, 15.363415370450136 ], [ -89.512076238251311, 15.365839625246551 ], [ -89.513331335858112, 15.367947786254408 ], [ -89.517319674736669, 15.372336182190367 ], [ -89.518335267908554, 15.373921560600376 ], [ -89.522599530239944, 15.377253604553502 ], [ -89.524243574231249, 15.37909476478359 ], [ -89.52457131543207, 15.380368114438637 ], [ -89.523496085098799, 15.386499503639167 ], [ -89.522441851550084, 15.388703538415525 ], [ -89.522057695961905, 15.390824399358943 ], [ -89.520781806402923, 15.393066696920155 ], [ -89.519918747336078, 15.397301277496943 ], [ -89.518706358013873, 15.399602087204432 ], [ -89.518098220151785, 15.403888030241768 ], [ -89.516959429480465, 15.407455934008818 ], [ -89.51515964423487, 15.410379340451932 ], [ -89.51499129600252, 15.41144182032985 ], [ -89.514117778965826, 15.415729201290477 ], [ -89.516444733322913, 15.418929513991303 ], [ -89.520092995569328, 15.420322681507752 ], [ -89.525088837047448, 15.419830059418254 ], [ -89.526744224843739, 15.420062461847383 ], [ -89.531074380557925, 15.42214651911164 ], [ -89.532450276607449, 15.423485912936368 ], [ -89.532936736249383, 15.42441648504078 ], [ -89.532472117210972, 15.429276805990011 ], [ -89.531200463919447, 15.431320617979679 ], [ -89.53009954203911, 15.436315386424662 ], [ -89.526617252280431, 15.439706721859347 ], [ -89.522482006944813, 15.446005547872023 ], [ -89.520025733756441, 15.44777903860615 ], [ -89.516899913660367, 15.451084358429043 ], [ -89.516395798083579, 15.452916693828595 ], [ -89.518687898326561, 15.455577184779344 ], [ -89.521922166569709, 15.456335465188447 ], [ -89.523479095087723, 15.457464537234422 ], [ -89.526446245513227, 15.46126727211441 ], [ -89.528221636199504, 15.464333683490525 ], [ -89.529637445369573, 15.465628634199398 ], [ -89.532091159839197, 15.465835222963513 ], [ -89.532561295672579, 15.464257298615516 ], [ -89.533978674807997, 15.462944699229128 ], [ -89.535505193017016, 15.460560759770093 ], [ -89.538907476079629, 15.458466778701766 ], [ -89.541353911013189, 15.455816206050271 ], [ -89.542918367944992, 15.455203132562982 ], [ -89.545416090902137, 15.454996140049573 ], [ -89.546711149859945, 15.455509425835862 ], [ -89.550425587306577, 15.458790994018402 ], [ -89.550144085697639, 15.461105343018438 ], [ -89.555369621580581, 15.466377110873994 ], [ -89.55675592413111, 15.466479930341547 ], [ -89.558106147353556, 15.465704325097629 ], [ -89.560002247762284, 15.465407716923199 ], [ -89.564821697394194, 15.469506294837299 ], [ -89.570939266015444, 15.473744536113893 ], [ -89.580363147002501, 15.474843913891005 ], [ -89.582724399183135, 15.474391825310351 ], [ -89.586200291265897, 15.475429447064156 ], [ -89.589124225907611, 15.477915241734774 ], [ -89.589618286353101, 15.480816022262587 ], [ -89.588936247047542, 15.482883971130079 ], [ -89.586210253307982, 15.486267634015931 ], [ -89.580564811404713, 15.490525709758995 ], [ -89.574137001276853, 15.493383580509343 ], [ -89.568689112220156, 15.497174932756346 ], [ -89.566919007341085, 15.498947152310761 ], [ -89.566985088786979, 15.50269205566252 ], [ -89.569364473151779, 15.505352464145979 ], [ -89.569654505456512, 15.506321714700793 ], [ -89.57249936118761, 15.508952100319904 ], [ -89.572760254785152, 15.509960389290409 ], [ -89.576347244728098, 15.511311419214396 ], [ -89.581586874981326, 15.515447993460651 ], [ -89.58286542304468, 15.51801678244558 ], [ -89.583027758909338, 15.521795946133008 ], [ -89.582156543379796, 15.524944132078687 ], [ -89.575473585765224, 15.538661735757241 ], [ -89.575395581498597, 15.539718923389193 ], [ -89.5722406160139, 15.546306854837681 ], [ -89.571632194626744, 15.548642105954071 ], [ -89.569725340469958, 15.552137386374762 ], [ -89.566168105558361, 15.560808587098499 ], [ -89.565031894036224, 15.562534151842657 ], [ -89.564130051008405, 15.565915265815599 ], [ -89.562296477180041, 15.569148664498902 ], [ -89.559606565973098, 15.576198231923932 ], [ -89.555539244977453, 15.584505678585433 ], [ -89.554463072314434, 15.587815138669566 ], [ -89.553461522703103, 15.589337349736835 ], [ -89.553397539186577, 15.590415034589398 ], [ -89.550256395420533, 15.596558007020784 ], [ -89.545237785639145, 15.609089270000547 ], [ -89.54220698114608, 15.614898647717135 ], [ -89.542140239246308, 15.615961602361629 ], [ -89.539284323218993, 15.621639389954028 ], [ -89.534157913206727, 15.634152641523521 ], [ -89.536294639919518, 15.636291858268855 ], [ -89.533329411148443, 15.636435647833212 ], [ -89.532144950153892, 15.637695277782157 ], [ -89.530050061427815, 15.643466115182397 ], [ -89.528780297190096, 15.645084292944647 ], [ -89.524725062094149, 15.653388581853742 ], [ -89.517884625518974, 15.665495893763765 ], [ -89.517394918221001, 15.667213256545562 ], [ -89.513349154074689, 15.674144179299612 ], [ -89.512923199753118, 15.675874945858512 ], [ -89.509736666626679, 15.680849465454314 ], [ -89.508140762431466, 15.684599201449444 ], [ -89.504658185373785, 15.690491794355776 ], [ -89.504360969126125, 15.69180260885345 ], [ -89.500121951281145, 15.698938738261198 ], [ -89.499831803098246, 15.700241753319247 ], [ -89.497884435215767, 15.703100017523818 ], [ -89.496495341336782, 15.706240259979081 ], [ -89.495281867152386, 15.707317450234179 ], [ -89.494967044123115, 15.70890211957639 ], [ -89.493557056479787, 15.710910339178385 ], [ -89.492387516923984, 15.708503007376112 ], [ -89.489455904270699, 15.705236932944883 ], [ -89.479312553180051, 15.690951217578789 ], [ -89.476203714444509, 15.685892790012886 ], [ -89.469261801530763, 15.67660472855265 ], [ -89.468863701936087, 15.675410258905083 ], [ -89.467146283855556, 15.673634867643992 ], [ -89.463839504303877, 15.668232440517155 ], [ -89.460047306749814, 15.663673954995721 ], [ -89.459187346651291, 15.661816505905954 ], [ -89.457563620413936, 15.660392344036275 ], [ -89.456980678379097, 15.659691300102743 ], [ -89.452255008962439, 15.65927399984777 ], [ -89.449626680671656, 15.660161022298036 ], [ -89.446848968807103, 15.659955723252409 ], [ -89.443329343900771, 15.660803365451795 ], [ -89.439709477423349, 15.660580897517178 ], [ -89.433625175983053, 15.661428366256184 ], [ -89.430008291050754, 15.661237373708436 ], [ -89.427800443613265, 15.661544307154191 ], [ -89.426952203672371, 15.662244603114178 ], [ -89.425849063160683, 15.662436429303453 ], [ -89.422708669496188, 15.661831152778472 ], [ -89.419074426064697, 15.66220379080246 ], [ -89.416955499772953, 15.662886624185935 ], [ -89.410021820591851, 15.662196442381273 ], [ -89.404856721510342, 15.663248817112004 ], [ -89.401518917607007, 15.663017938802618 ], [ -89.397306590311615, 15.663521712400007 ], [ -89.390520926159752, 15.66207184942227 ], [ -89.386417619413706, 15.662800583370627 ], [ -89.384213366143626, 15.66389569575348 ], [ -89.380066497672701, 15.664385538526696 ], [ -89.373648995946709, 15.66408857929372 ], [ -89.367742844805065, 15.663421999310325 ], [ -89.364282492797656, 15.659303239021622 ], [ -89.362518530754684, 15.658546274755789 ], [ -89.358479548987617, 15.65942784383158 ], [ -89.353222745818485, 15.659156400814139 ], [ -89.345139758730156, 15.659595730895544 ], [ -89.340419014345898, 15.659138901920091 ], [ -89.332783092229718, 15.66013801282001 ], [ -89.326712766820322, 15.660051964247218 ], [ -89.319216218753795, 15.659543545265617 ], [ -89.313871638237785, 15.660219524882368 ], [ -89.31147396404458, 15.660566040439409 ], [ -89.31079561050025, 15.661028392268383 ], [ -89.307428413554831, 15.661874037387282 ], [ -89.304371021197255, 15.664233081265738 ], [ -89.303318250078988, 15.664602215418272 ], [ -89.298582108486173, 15.664363056385175 ], [ -89.251847833256292, 15.663367494283481 ], [ -89.247417958706848, 15.662919293147716 ], [ -89.245804316127561, 15.663270609503821 ], [ -89.240240554889709, 15.662789264625435 ], [ -89.22999394739486, 15.662808031154785 ], [ -89.226120049445086, 15.662364478355327 ], [ -89.189327659143231, 15.661526924250593 ], [ -89.18208150311618, 15.661020451861333 ], [ -89.16452741418972, 15.660901707028303 ], [ -89.159935710148446, 15.659772192458988 ], [ -89.15602291955291, 15.655523469786317 ], [ -89.152818238122393, 15.650641998399829 ], [ -89.148356738272994, 15.645409058234014 ], [ -89.145505653682449, 15.640961236232394 ], [ -89.140218619642212, 15.634492181064735 ], [ -89.138234686974911, 15.63132960014844 ], [ -89.136373157177673, 15.629678274553035 ], [ -89.13625293499372, 15.628921603271285 ], [ -89.129367215367594, 15.620167348453235 ], [ -89.119180540859247, 15.605750274863651 ], [ -89.115699586144416, 15.601868625437088 ], [ -89.112663327167823, 15.597090285430367 ], [ -89.104710868803451, 15.587187815842377 ], [ -89.099343314703091, 15.578984520594304 ] ], [ [ -89.346871234945937, 15.408683398256663 ], [ -89.344985787399864, 15.410034315623619 ], [ -89.34662677595233, 15.40946229576247 ], [ -89.347695643638076, 15.408988022450357 ], [ -89.348529830932435, 15.408733251637413 ], [ -89.349360323171638, 15.408656659785493 ], [ -89.350604930527567, 15.408706456196363 ], [ -89.351305577919817, 15.408773251869116 ], [ -89.352392836582865, 15.408743739664457 ], [ -89.352225751803459, 15.408056218084788 ], [ -89.351307317546784, 15.408041124283445 ], [ -89.350615400991103, 15.408073746566931 ], [ -89.349831826038397, 15.408060863605265 ], [ -89.34854195437039, 15.408039650466913 ], [ -89.34784630254839, 15.408252705333956 ], [ -89.346871234945937, 15.408683398256663 ] ] ] ] } },
{ "type": "Feature", "properties": { "codigo_departamento": 13, "departamento": "Huehuetenango", "codigo_municipio_shape": 1325, "municipio": "San Sebastián Coatán", "riesgos": 14.5, "pobreza": 12.0, "indice_san": 15.0, "politicas": 12.5, "ponderacion": 54.027, "ranking": 42, "riesgos_prom_depto": 13.2, "pobreza_prom_depto": 12.49, "indice_san_prom_depto": 13.11, "politicas_prom_depto": 11.36, "ponderacion_prom_depto": 50.13, "riesgos_prom_nacional": 13.19, "pobreza_prom_nacional": 9.78, "indice_san_prom_nacional": 7.92, "politicas_prom_nacional": 7.21, "ponderacion_prom_nacional": 38.07 }, "geometry": { "type": "MultiPolygon", "coordinates": [ [ [ [ -91.484684591001638, 15.823812097049778 ], [ -91.488424348652416, 15.820243371343896 ], [ -91.489352476966246, 15.818851221301745 ], [ -91.489931669696787, 15.818011340436716 ], [ -91.490928135173633, 15.81668518503856 ], [ -91.492559668343375, 15.814769190201019 ], [ -91.494305942043326, 15.813112688951154 ], [ -91.49605497974953, 15.811946494351362 ], [ -91.49998916814188, 15.808775415850178 ], [ -91.502574085998518, 15.807544891717319 ], [ -91.505257657207977, 15.80670025322109 ], [ -91.508641209398448, 15.804995003649664 ], [ -91.513822493252206, 15.801574621764258 ], [ -91.5143877061018, 15.80159091457665 ], [ -91.51601159477751, 15.800437241643261 ], [ -91.518005692907863, 15.798915523448951 ], [ -91.523389201041326, 15.794920090845359 ], [ -91.524891724734289, 15.793835565879451 ], [ -91.525617602291888, 15.793898106364196 ], [ -91.527174662992948, 15.792449023543941 ], [ -91.529473739392159, 15.789872931302055 ], [ -91.533068980200952, 15.78624923740524 ], [ -91.534076514206731, 15.785351095757671 ], [ -91.535870194706717, 15.782372712243276 ], [ -91.537372063239204, 15.77875403144065 ], [ -91.538844341980933, 15.771194533507339 ], [ -91.538629669279729, 15.768425181036809 ], [ -91.539424728724853, 15.766715539528564 ], [ -91.541298693097758, 15.756869800106806 ], [ -91.542013038325024, 15.755588913351618 ], [ -91.543100986520386, 15.752137985805986 ], [ -91.544840665016181, 15.749716098119132 ], [ -91.544934537246291, 15.748983506859274 ], [ -91.545536275069907, 15.74802835453951 ], [ -91.547732030371435, 15.745930333460759 ], [ -91.547753509758536, 15.745123823826546 ], [ -91.5515257910223, 15.742115496482253 ], [ -91.556547718181761, 15.737143922258056 ], [ -91.562691740099709, 15.732973838559648 ], [ -91.564963686636887, 15.731939237043003 ], [ -91.565769359643781, 15.732321881090641 ], [ -91.570202991185639, 15.738677737986267 ], [ -91.570765686111869, 15.741702450467725 ], [ -91.572029660075785, 15.743949949946259 ], [ -91.576637859928951, 15.749756648169122 ], [ -91.579969875243123, 15.752651414983633 ], [ -91.591041269009907, 15.759093014210102 ], [ -91.594397053447935, 15.762740176728968 ], [ -91.598627857292726, 15.768441231042681 ], [ -91.602230175842564, 15.773695304417359 ], [ -91.604094410664771, 15.775340942440266 ], [ -91.607881821745764, 15.778129799714828 ], [ -91.615636194152685, 15.781796872147568 ], [ -91.62367546425115, 15.788416512481714 ], [ -91.627688695040746, 15.788504017569108 ], [ -91.638616677560563, 15.785677035426859 ], [ -91.64414727612548, 15.785505962978526 ], [ -91.647898079370052, 15.785927006877127 ], [ -91.652714964044563, 15.787114953523371 ], [ -91.657529722462115, 15.789609970362969 ], [ -91.661863566899939, 15.792594526898993 ], [ -91.66447919768909, 15.795421576714702 ], [ -91.666517762597849, 15.79889018400282 ], [ -91.669951378141164, 15.802813595206624 ], [ -91.673509242763345, 15.807835894634993 ], [ -91.674368751197434, 15.809977616899483 ], [ -91.682612308484721, 15.821033304268918 ], [ -91.683368018882121, 15.822736002036837 ], [ -91.686422232632893, 15.825521427553952 ], [ -91.690612686586917, 15.82821312452187 ], [ -91.687828313791542, 15.830436723841844 ], [ -91.684734152487763, 15.835164333536586 ], [ -91.681829301789776, 15.841541434390026 ], [ -91.680626986375955, 15.843453668966173 ], [ -91.679429635291143, 15.844598785679782 ], [ -91.672459145077269, 15.849191804880418 ], [ -91.668289903437554, 15.850895954712826 ], [ -91.666115244064741, 15.851725412670763 ], [ -91.659233335665149, 15.852635357825196 ], [ -91.650631896014588, 15.852348086905689 ], [ -91.625997931121816, 15.853215719521943 ], [ -91.61647959040441, 15.853130286682594 ], [ -91.603719255646567, 15.854009862515225 ], [ -91.596728144750088, 15.855322680976096 ], [ -91.588369074935628, 15.856040002811104 ], [ -91.579370566005494, 15.857895000257784 ], [ -91.564848317406586, 15.859894965704685 ], [ -91.554275299785459, 15.862191481335037 ], [ -91.547985717524028, 15.864247350575058 ], [ -91.539328552104848, 15.868944238317361 ], [ -91.536456195141227, 15.869724696348102 ], [ -91.535938172617691, 15.869692950822333 ], [ -91.53577137973825, 15.868948447781165 ], [ -91.529102241656133, 15.862373292176802 ], [ -91.525107508473937, 15.856917689151265 ], [ -91.521137821784521, 15.853819977273503 ], [ -91.516507209505875, 15.851423763094678 ], [ -91.507470942805597, 15.84290673291474 ], [ -91.500062660745542, 15.837180929287666 ], [ -91.498893728334238, 15.836411398685774 ], [ -91.497465965102265, 15.835372321280216 ], [ -91.496789963341229, 15.834781302846828 ], [ -91.494434771140149, 15.831887529322666 ], [ -91.487229047564824, 15.82539114079686 ], [ -91.484684591001638, 15.823812097049778 ] ] ] ] } },
{ "type": "Feature", "properties": { "codigo_departamento": 16, "departamento": "Alta Verapaz", "codigo_municipio_shape": 1609, "municipio": "San Pedro Carchá", "riesgos": 12.5, "pobreza": 18.5, "indice_san": 14.6, "politicas": 8.3, "ponderacion": 53.964, "ranking": 43, "riesgos_prom_depto": 12.95, "pobreza_prom_depto": 15.54, "indice_san_prom_depto": 15.04, "politicas_prom_depto": 12.5, "ponderacion_prom_depto": 56.02, "riesgos_prom_nacional": 13.19, "pobreza_prom_nacional": 9.78, "indice_san_prom_nacional": 7.92, "politicas_prom_nacional": 7.21, "ponderacion_prom_nacional": 38.07 }, "geometry": { "type": "MultiPolygon", "coordinates": [ [ [ [ -90.158362649636928, 15.77177921049516 ], [ -90.157242877524865, 15.76990079190856 ], [ -90.156048161815832, 15.767587901086292 ], [ -90.153034132907379, 15.765207185069505 ], [ -90.15123675793707, 15.764192506077046 ], [ -90.15048438064612, 15.763893661878233 ], [ -90.149695128954832, 15.763772693611575 ], [ -90.148832971117599, 15.763905896074618 ], [ -90.148117942943287, 15.764229543171107 ], [ -90.147353927516733, 15.764763646443853 ], [ -90.14684228667042, 15.765255900430697 ], [ -90.146186683894697, 15.765414376152155 ], [ -90.14549903343719, 15.765405355722672 ], [ -90.145328719060515, 15.766080443627855 ], [ -90.145286265362031, 15.766656741569687 ], [ -90.145176279667112, 15.767144098833173 ], [ -90.144895308944214, 15.767562610697725 ], [ -90.144304893351375, 15.76797706022516 ], [ -90.143671706394187, 15.76815726920208 ], [ -90.142823790328606, 15.768146134582789 ], [ -90.142229966941102, 15.767971261549576 ], [ -90.141660562628601, 15.767675918379501 ], [ -90.140849847265898, 15.767464326280674 ], [ -90.140056387754228, 15.767643548671606 ], [ -90.139476521888014, 15.767263398230893 ], [ -90.139693546853508, 15.766500878091572 ], [ -90.13992084661048, 15.765836705429765 ], [ -90.139264629883883, 15.765207201206088 ], [ -90.138715764199461, 15.765110804221875 ], [ -90.138231769870615, 15.765292959847532 ], [ -90.138080688823152, 15.766257281433814 ], [ -90.138057348793012, 15.767090078687886 ], [ -90.137719115507252, 15.767517984511551 ], [ -90.137114880209197, 15.767254909889019 ], [ -90.136767299083999, 15.766728800758239 ], [ -90.136337326103273, 15.766300945365629 ], [ -90.135560831910055, 15.766102203158006 ], [ -90.134519419916572, 15.765966572755568 ], [ -90.133848475134144, 15.765556987765244 ], [ -90.133466244597642, 15.76500897046286 ], [ -90.1331915002729, 15.764194828060273 ], [ -90.132790003106791, 15.763400463608276 ], [ -90.132014197119034, 15.763112538111951 ], [ -90.131513392759999, 15.763661338135133 ], [ -90.131445828838224, 15.764404365981216 ], [ -90.131399576948823, 15.765248145795068 ], [ -90.131304699080914, 15.767933581930903 ], [ -90.130997281244717, 15.768572979691566 ], [ -90.130137717021327, 15.768561641656559 ], [ -90.129212040621866, 15.768360908238023 ], [ -90.128250305451218, 15.768237584970832 ], [ -90.127589257510138, 15.767995185785804 ], [ -90.127461421490608, 15.767304892896734 ], [ -90.128125775719198, 15.766525720707195 ], [ -90.129188569427839, 15.765141092064626 ], [ -90.129597771007582, 15.764558355590705 ], [ -90.128949741257387, 15.763349829133883 ], [ -90.128328586649417, 15.762675605784835 ], [ -90.12803736827712, 15.762205544504855 ], [ -90.128343737331534, 15.761598874139684 ], [ -90.128797836579153, 15.761138647343623 ], [ -90.128278734918396, 15.760543661042496 ], [ -90.127637344208082, 15.760479883376348 ], [ -90.126706241830149, 15.760667401413857 ], [ -90.126289759937748, 15.760939600785067 ], [ -90.125859126223418, 15.761388844530885 ], [ -90.125425835807903, 15.762026568714745 ], [ -90.125063006842382, 15.762544436846541 ], [ -90.124331021605144, 15.76245687313431 ], [ -90.12336811191112, 15.76163362977362 ], [ -90.12275238513925, 15.761403105839827 ], [ -90.120399477916862, 15.762393594708033 ], [ -90.120048767647475, 15.762877747377615 ], [ -90.120351781086413, 15.763336685922086 ], [ -90.121334991996832, 15.763505476373153 ], [ -90.122217693555726, 15.763527310644577 ], [ -90.123006732885173, 15.763660788607433 ], [ -90.123225861682485, 15.764406473828656 ], [ -90.122982958478261, 15.765346983956816 ], [ -90.122530041621019, 15.765763184143806 ], [ -90.12196374173125, 15.766077417644633 ], [ -90.121330457178956, 15.766264332000347 ], [ -90.120515385404261, 15.766364172606849 ], [ -90.119787988337052, 15.765909777072272 ], [ -90.119417149875545, 15.765383339390253 ], [ -90.119149140988142, 15.764880838953195 ], [ -90.11873102682118, 15.764441822606267 ], [ -90.118022390450633, 15.764310522209003 ], [ -90.117629829082816, 15.763672037917745 ], [ -90.117456295264105, 15.762959693736185 ], [ -90.117166044928581, 15.762423032088234 ], [ -90.116430345458312, 15.762557776155315 ], [ -90.115618991467144, 15.763179178721932 ], [ -90.114742157221343, 15.763567165445862 ], [ -90.114168069400947, 15.763648730775575 ], [ -90.113353051071485, 15.763704522451679 ], [ -90.112680067897529, 15.763484500346021 ], [ -90.111987385570572, 15.763009095648151 ], [ -90.111176460775212, 15.762775949511557 ], [ -90.11064321725253, 15.763224923218452 ], [ -90.110980427847011, 15.763695612540076 ], [ -90.111365299144737, 15.764011154168529 ], [ -90.111727229321417, 15.764382831886016 ], [ -90.112178941937799, 15.764876490071323 ], [ -90.112282934317847, 15.765600330213761 ], [ -90.111533019146805, 15.765956120691962 ], [ -90.11081195035311, 15.765879944454614 ], [ -90.110220526010806, 15.765539082220096 ], [ -90.109677807047348, 15.7650103464784 ], [ -90.109147907981438, 15.764358739541917 ], [ -90.108656949659803, 15.764208851321957 ], [ -90.105301039520597, 15.763997165823815 ], [ -90.104523196915736, 15.763897636556091 ], [ -90.103987152255229, 15.76368053917891 ], [ -90.103579948283468, 15.763296959151932 ], [ -90.10330127122954, 15.762727701805096 ], [ -90.103221928314298, 15.761870987117268 ], [ -90.102694878938962, 15.761020729863326 ], [ -90.102033253685079, 15.760823404816252 ], [ -90.101352632022937, 15.761102194569519 ], [ -90.100724469223181, 15.761749679219367 ], [ -90.100255459199218, 15.762476044650661 ], [ -90.099729181134649, 15.763212931915648 ], [ -90.098707882664655, 15.763265918696336 ], [ -90.097839409112851, 15.763064694158256 ], [ -90.090619601558231, 15.762102472885239 ], [ -90.088606344941439, 15.761787698608885 ], [ -90.087874768989778, 15.761633419193045 ], [ -90.087419345066934, 15.761404946140985 ], [ -90.087150169243628, 15.760990451616147 ], [ -90.087103839871389, 15.760234648790375 ], [ -90.087227975027574, 15.759581592791314 ], [ -90.087705075566959, 15.759066461520149 ], [ -90.088917073602403, 15.758471980078406 ], [ -90.090138819476337, 15.758010823124875 ], [ -90.090819924047935, 15.757698213518212 ], [ -90.09134084186266, 15.757338304943334 ], [ -90.091361340720539, 15.756717723893319 ], [ -90.090941878279466, 15.756379115622728 ], [ -90.09034847887385, 15.756181540095961 ], [ -90.089580158121109, 15.756193847180684 ], [ -90.088749988603283, 15.756538326861683 ], [ -90.088276740414983, 15.756743086623297 ], [ -90.085252800703515, 15.75660215154058 ], [ -90.084455019119545, 15.756269752964167 ], [ -90.084146799064669, 15.755365955322652 ], [ -90.08421010914455, 15.754156705653665 ], [ -90.083807236143357, 15.75347401813924 ], [ -90.082868617076684, 15.753373395995867 ], [ -90.082273334791466, 15.753308976993123 ], [ -90.081747262063459, 15.753213878423061 ], [ -90.081016515534699, 15.753004283209707 ], [ -90.080445962222086, 15.752840854218068 ], [ -90.079895792595821, 15.752800742370249 ], [ -90.078750721864381, 15.752751515228441 ], [ -90.078098065427795, 15.752664870613209 ], [ -90.077333270184738, 15.752432229153063 ], [ -90.076842811013208, 15.752292444266732 ], [ -90.07610856912703, 15.752327738670358 ], [ -90.075316449343049, 15.752416436371865 ], [ -90.074650657122703, 15.75247408995614 ], [ -90.073696278279414, 15.752661065846091 ], [ -90.073121901454314, 15.75276509859726 ], [ -90.071846948716242, 15.752913889650571 ], [ -90.070736149848955, 15.752832347749667 ], [ -90.069960930343527, 15.752555518889087 ], [ -90.069683646038683, 15.751897078237509 ], [ -90.06970230982111, 15.751408553980852 ], [ -90.06961111188815, 15.750575395248038 ], [ -90.069144248053092, 15.750335447900765 ], [ -90.068640706797396, 15.750295934080835 ], [ -90.068146972874459, 15.75034459819434 ], [ -90.067641584700695, 15.750393106602939 ], [ -90.066874695408814, 15.750348914072058 ], [ -90.06616421112804, 15.750272742990694 ], [ -90.065568286443593, 15.750254552648681 ], [ -90.064913847527109, 15.750333779434669 ], [ -90.063994487031692, 15.750477160264101 ], [ -90.063261490077167, 15.75046727593215 ], [ -90.061804234426205, 15.749759048767732 ], [ -90.061095932056958, 15.749572269465538 ], [ -90.059892565219414, 15.749567314517266 ], [ -90.05916186934877, 15.749357649455684 ], [ -90.058718492458382, 15.749106712841531 ], [ -90.058055901757157, 15.748943116855013 ], [ -90.054827250381905, 15.748665814638757 ], [ -90.054061550367052, 15.748499684556455 ], [ -90.053644193422812, 15.748061709997099 ], [ -90.052799378573852, 15.747805329072449 ], [ -90.0521455710726, 15.747841632712914 ], [ -90.051376831560788, 15.747886536420337 ], [ -90.050667915601906, 15.747743741381329 ], [ -90.048189171330947, 15.747154792858222 ], [ -90.044762021352696, 15.746342999787789 ], [ -90.040286544813569, 15.745127481082791 ], [ -90.039671545654514, 15.744818868579456 ], [ -90.038086679546225, 15.743476648088741 ], [ -90.036681368473239, 15.74313583238526 ], [ -90.032289774788339, 15.74245409329953 ], [ -90.031495887511397, 15.741865342850378 ], [ -90.031034503042207, 15.741293538314086 ], [ -90.030342930217401, 15.740762619205155 ], [ -90.029677517061756, 15.740797569366467 ], [ -90.029521956023572, 15.74203822878758 ], [ -90.029513556390384, 15.742616047412966 ], [ -90.029293916405351, 15.743534133277796 ], [ -90.028153484448865, 15.744695889149781 ], [ -90.027505715285869, 15.745119370111992 ], [ -90.026920841304644, 15.745145250630502 ], [ -90.02642258621502, 15.744704999150821 ], [ -90.026395964595366, 15.744171855486421 ], [ -90.026476981581737, 15.743329768892574 ], [ -90.026638731710065, 15.742466209512227 ], [ -90.026239650591975, 15.74153855525881 ], [ -90.0248367205254, 15.740276625070937 ], [ -90.02423632766434, 15.739768378574782 ], [ -90.023769645391823, 15.739562213509688 ], [ -90.02324351209937, 15.739477139924986 ], [ -90.022486782258056, 15.739500663006714 ], [ -90.02178376333876, 15.739757445170296 ], [ -90.021204480153798, 15.740160397681517 ], [ -90.020628692922784, 15.740363603435494 ], [ -90.019779924732262, 15.740384729758615 ], [ -90.019242062365919, 15.74034463716181 ], [ -90.018281046153774, 15.740231027048004 ], [ -90.017730144107972, 15.740246061373535 ], [ -90.016742355255559, 15.740409755950736 ], [ -90.015846515117119, 15.740541968225751 ], [ -90.015319246473013, 15.74053474563919 ], [ -90.012409974255533, 15.7403944114222 ], [ -90.011598488444307, 15.740217356092662 ], [ -90.011107713275123, 15.740066141542432 ], [ -90.010208012277772, 15.739665505959278 ], [ -90.009776534351701, 15.739404485094019 ], [ -90.009096704235503, 15.738872538662005 ], [ -90.008667074007263, 15.738445615550148 ], [ -90.007918169755683, 15.737935292317768 ], [ -90.007140039447961, 15.737869297605258 ], [ -90.00636603716967, 15.737481661092156 ], [ -90.006338984096047, 15.736981251635745 ], [ -90.006314693411795, 15.736292377953765 ], [ -90.006120798798634, 15.735446534656116 ], [ -90.005558253556046, 15.734706243623469 ], [ -90.004753583620513, 15.734105978086058 ], [ -90.003921049338913, 15.733816859987474 ], [ -90.003291499180278, 15.733752896569602 ], [ -90.002599642446725, 15.734043631835632 ], [ -90.00222685626072, 15.734470816249909 ], [ -90.001184678569928, 15.736238775642644 ], [ -90.000656866654765, 15.737342201944644 ], [ -90.000054929169721, 15.738731306825196 ], [ -89.999766303574759, 15.739140456047421 ], [ -89.998974834874588, 15.739228884475116 ], [ -89.998333352146631, 15.738627456365531 ], [ -89.998335583101252, 15.737602582812091 ], [ -89.998577455098328, 15.736766126660847 ], [ -89.99886895291759, 15.736042100219745 ], [ -89.999016941990192, 15.735487664501015 ], [ -89.999102488200862, 15.734860129368894 ], [ -89.999114630035649, 15.734032924543131 ], [ -89.998638667590825, 15.733469897019388 ], [ -89.997979115039428, 15.733227162215904 ], [ -89.997190769434198, 15.733104558246948 ], [ -89.996681555916055, 15.733060293374082 ], [ -89.995780071192215, 15.732825506954686 ], [ -89.995247213087211, 15.732645461866884 ], [ -89.994727175455992, 15.732465594779756 ], [ -89.994244859618959, 15.732335911899954 ], [ -89.993647026982032, 15.732215920600703 ], [ -89.993137270314563, 15.732208889213837 ], [ -89.992650771613867, 15.732363589000265 ], [ -89.992275789440129, 15.732741058171293 ], [ -89.992049988354594, 15.733355363743183 ], [ -89.992015106764342, 15.733983592024694 ], [ -89.991998569316536, 15.73510759088372 ], [ -89.991908451515073, 15.736044332511703 ], [ -89.991744518371902, 15.736770109073079 ], [ -89.991036931292427, 15.737217480021693 ], [ -89.990209216789438, 15.737156384100016 ], [ -89.989754305801128, 15.736866785515902 ], [ -89.989342035816875, 15.736293334861401 ], [ -89.98921639262467, 15.735328783071662 ], [ -89.989227494575303, 15.734574937797323 ], [ -89.989237482460609, 15.733896704967187 ], [ -89.988672013814906, 15.733320007359701 ], [ -89.987685582113002, 15.73280070054437 ], [ -89.98724260311981, 15.732572216626622 ], [ -89.986631627010368, 15.73251410592696 ], [ -89.985749425770152, 15.732711855072953 ], [ -89.985142116694064, 15.733235088602957 ], [ -89.984818385988376, 15.73361325370862 ], [ -89.984310310035383, 15.73432184106715 ], [ -89.983896860120666, 15.734698762753757 ], [ -89.983471674181416, 15.735002149598206 ], [ -89.982943818950602, 15.73535265304662 ], [ -89.982518280579953, 15.735679736924315 ], [ -89.981882802636179, 15.73641251502975 ], [ -89.981596747369565, 15.736803609031286 ], [ -89.980954664924923, 15.737115275609616 ], [ -89.980206594663613, 15.736870133868303 ], [ -89.979705186522395, 15.736258183172462 ], [ -89.979207282934013, 15.735448755108047 ], [ -89.97850019349363, 15.734994233153728 ], [ -89.977891586177961, 15.734775850846273 ], [ -89.977344464630562, 15.734694894680899 ], [ -89.976733676329587, 15.73462434204998 ], [ -89.975165441670342, 15.734677078281713 ], [ -89.974246749855112, 15.734701573763914 ], [ -89.973485184794342, 15.735369363908294 ], [ -89.972910626995855, 15.736275651246109 ], [ -89.972586474022492, 15.736641369265328 ], [ -89.971954272252589, 15.737150670836337 ], [ -89.971237499924896, 15.737350651774687 ], [ -89.970553853365914, 15.737045421785149 ], [ -89.970427734433443, 15.736079738720619 ], [ -89.97043504292661, 15.73558658989089 ], [ -89.970341688349748, 15.735005126942447 ], [ -89.969954394312751, 15.734480532078965 ], [ -89.969290322064069, 15.734545792199416 ], [ -89.968523057497194, 15.735597249537406 ], [ -89.967991881826194, 15.736170021547196 ], [ -89.967299257715084, 15.736431277405961 ], [ -89.966411340646999, 15.737012623503722 ], [ -89.964060681894154, 15.739919065707616 ], [ -89.963533523130323, 15.740219860182634 ], [ -89.962650728867814, 15.740454743555183 ], [ -89.962100502281245, 15.740582516997064 ], [ -89.961601154907143, 15.740736958503367 ], [ -89.960852711490574, 15.740479330548512 ], [ -89.960621013134642, 15.739759367205943 ], [ -89.960595430613935, 15.738932791834973 ], [ -89.960462379125943, 15.738436558866169 ], [ -89.959855069165954, 15.73813236206599 ], [ -89.959123454797563, 15.738467538201565 ], [ -89.95848055846632, 15.739693377127098 ], [ -89.95812854280743, 15.740206542409233 ], [ -89.957369993459452, 15.740628246236044 ], [ -89.956606011851832, 15.740592743406994 ], [ -89.95579977594879, 15.739951657479427 ], [ -89.954164626756281, 15.738471643129397 ], [ -89.953636034786044, 15.738008254822322 ], [ -89.952685522748624, 15.737470115356949 ], [ -89.952664083631447, 15.736836610961527 ], [ -89.950904482033067, 15.735851468563594 ], [ -89.948635031845527, 15.733657106541651 ], [ -89.946202995806985, 15.731038317899433 ], [ -89.945620426353841, 15.730329232583696 ], [ -89.945101257814429, 15.729978832132787 ], [ -89.943771020991846, 15.72841951019949 ], [ -89.93624687331166, 15.720147808700544 ], [ -89.935693588960305, 15.719977503876564 ], [ -89.934175786074476, 15.719046449454005 ], [ -89.934872099594344, 15.712583183387736 ], [ -89.936633849574577, 15.671455672932003 ], [ -89.938539716783069, 15.669897664172678 ], [ -89.942620048695403, 15.668101403628603 ], [ -89.944265533223899, 15.666852345161825 ], [ -89.945483200671205, 15.666599589300667 ], [ -89.949777907026913, 15.663500247584595 ], [ -89.951924601966923, 15.662894696999524 ], [ -89.986528157726909, 15.643808313948943 ], [ -89.995816907273351, 15.638389196870349 ], [ -90.00010419771418, 15.63731013980623 ], [ -90.003539019795625, 15.635774609245768 ], [ -90.009080336138837, 15.632802630661494 ], [ -90.012773310847479, 15.630767022453412 ], [ -90.016464859989952, 15.628865641710743 ], [ -90.019880300624649, 15.627003330551076 ], [ -90.026388183683991, 15.623452484904931 ], [ -90.031686456423969, 15.620451695607837 ], [ -90.036898769272241, 15.617789359965649 ], [ -90.040616722508148, 15.615602268139893 ], [ -90.043708657602565, 15.613934947721889 ], [ -90.045438231969925, 15.613048428014787 ], [ -90.047284393920009, 15.612031389852268 ], [ -90.048899189707683, 15.611187318034386 ], [ -90.06142186896551, 15.604626473986967 ], [ -90.06737021317636, 15.600977511916966 ], [ -90.06873713895682, 15.561491529272327 ], [ -90.069852191479526, 15.502025148068187 ], [ -90.068430830195524, 15.500081638273818 ], [ -90.068369313128059, 15.497140227645843 ], [ -90.066625216788651, 15.495961160877153 ], [ -90.063489445937762, 15.496470374778401 ], [ -90.062090449979934, 15.497603176955074 ], [ -90.05959148261735, 15.498561036206034 ], [ -90.051231139870382, 15.496276644385398 ], [ -90.049478363791351, 15.497520899679817 ], [ -90.049503998228943, 15.49829786573129 ], [ -90.049099514674296, 15.498868156143168 ], [ -90.04695226513843, 15.500671520904152 ], [ -90.045155455460488, 15.501038060168948 ], [ -90.041714748142795, 15.502803737806595 ], [ -90.040515453359134, 15.503555257165276 ], [ -90.038933196774892, 15.503650316903387 ], [ -90.035418867248552, 15.502616601305732 ], [ -90.033750845166296, 15.502645004644064 ], [ -90.032882319658128, 15.503262075932522 ], [ -90.032001788957245, 15.506469568683698 ], [ -90.030218065638536, 15.5077482153233 ], [ -90.028899544309112, 15.507918986059732 ], [ -90.022074802727616, 15.508196161245341 ], [ -90.019971256131541, 15.506447514405382 ], [ -90.01701320129078, 15.505433435066774 ], [ -90.015051831203934, 15.505420477416925 ], [ -90.012145051618617, 15.506630724748883 ], [ -90.010082041470937, 15.507087046797748 ], [ -90.002279274984645, 15.500528085065326 ], [ -90.000850368723732, 15.500043636618825 ], [ -90.000113775100601, 15.499783047917379 ], [ -89.992797814127272, 15.493169499148086 ], [ -89.990860208130897, 15.491767166581718 ], [ -89.990224599391524, 15.491730291842945 ], [ -89.988123069099544, 15.489994981725165 ], [ -89.986282969949684, 15.489378432023868 ], [ -89.98516792363003, 15.48945352520786 ], [ -89.981794270770919, 15.490640080811295 ], [ -89.977994896280023, 15.494044392060193 ], [ -89.967445674194181, 15.495057956713364 ], [ -89.964095086804633, 15.495014202734428 ], [ -89.963693841997753, 15.495389073723258 ], [ -89.960348014197194, 15.49517940513782 ], [ -89.961179027446249, 15.492878061572743 ], [ -89.961653067010502, 15.488041185606328 ], [ -89.963328770001837, 15.480340277168915 ], [ -89.963051285584854, 15.479774356756144 ], [ -89.965047356945348, 15.471083391082889 ], [ -89.963822402699449, 15.467530254792369 ], [ -89.96034269674503, 15.458065461286285 ], [ -89.959798537848641, 15.455439326886776 ], [ -89.958249997005055, 15.452696689284924 ], [ -89.958238598347251, 15.451085831157824 ], [ -89.957221043970932, 15.447527638252637 ], [ -89.955822155709669, 15.445300624009809 ], [ -89.954070903828367, 15.438557231701685 ], [ -89.952714673244458, 15.436004594988967 ], [ -89.951416224700822, 15.431051948321436 ], [ -89.94659025279708, 15.4179070274532 ], [ -89.946165092334155, 15.41734133199753 ], [ -89.946028017237651, 15.416848451123807 ], [ -89.946546104595399, 15.415992103983998 ], [ -89.95446103479054, 15.414451761064539 ], [ -89.956433410955881, 15.413523901101755 ], [ -89.963637890797983, 15.412383192678105 ], [ -89.964314837556259, 15.411919506206754 ], [ -89.971699093811338, 15.410533782685514 ], [ -89.972553103911821, 15.409894140510128 ], [ -89.975884438677056, 15.40956704450654 ], [ -89.980788337713975, 15.408111080290556 ], [ -89.986610163075753, 15.40714378767559 ], [ -89.988194322114694, 15.406781497391785 ], [ -89.989079896544865, 15.406127533164097 ], [ -89.996312768249027, 15.404977042488852 ], [ -89.997139519680815, 15.404284995302394 ], [ -89.999402846287879, 15.404147392601878 ], [ -90.000303619449042, 15.40490454996654 ], [ -90.001231364535784, 15.404593118754672 ], [ -90.027651333077728, 15.398608880142493 ], [ -90.04175224841056, 15.395408355258191 ], [ -90.044000325041566, 15.394905465808412 ], [ -90.05597839483778, 15.392135144738944 ], [ -90.063369017248291, 15.390280019999983 ], [ -90.065343049450163, 15.389774407045222 ], [ -90.085213036690249, 15.385198664698612 ], [ -90.08939082444769, 15.384098563789852 ], [ -90.097331011677483, 15.382437921608229 ], [ -90.098135267622396, 15.38229263275668 ], [ -90.106724422177265, 15.380266440740463 ], [ -90.108386847562087, 15.379819573287262 ], [ -90.111460572795295, 15.379164119511088 ], [ -90.111787077913235, 15.380039846976011 ], [ -90.113119352800595, 15.381006524552086 ], [ -90.119133600365203, 15.383332092084753 ], [ -90.128095539717165, 15.386954310509084 ], [ -90.131733631264069, 15.388510590949927 ], [ -90.139907481644656, 15.391725986522179 ], [ -90.150266246585247, 15.395802277261915 ], [ -90.155261193536873, 15.397511082911649 ], [ -90.162815344096131, 15.400447998569259 ], [ -90.172321632102921, 15.404519275907395 ], [ -90.194026668309476, 15.413226546109129 ], [ -90.201582129105745, 15.41616232476459 ], [ -90.21423343208177, 15.421293359389937 ], [ -90.218057455240711, 15.422716397810694 ], [ -90.224158074801167, 15.42501233230179 ], [ -90.226841298738663, 15.426243716976032 ], [ -90.237766025427149, 15.430552683827772 ], [ -90.241271578980744, 15.431883343582699 ], [ -90.248732708304232, 15.435073948425885 ], [ -90.251099686606238, 15.435816819278052 ], [ -90.264098497045211, 15.439292301762469 ], [ -90.280910447472152, 15.444695948892194 ], [ -90.285827304577197, 15.445766679132557 ], [ -90.300784536095236, 15.450490282178963 ], [ -90.310373290031194, 15.452948496241037 ], [ -90.317493149825935, 15.455414832353966 ], [ -90.322037481189085, 15.456575147030264 ], [ -90.323018372661494, 15.45615796835472 ], [ -90.327241298648943, 15.447028687211404 ], [ -90.32780514806916, 15.445859018021146 ], [ -90.328300050593498, 15.444755131830716 ], [ -90.332068576219129, 15.436756034791665 ], [ -90.332889755720387, 15.435529600130947 ], [ -90.33449885185631, 15.437728019472155 ], [ -90.334916819238245, 15.439042744618577 ], [ -90.335576860401545, 15.441136038973049 ], [ -90.336283411888346, 15.44314295644298 ], [ -90.337147355904364, 15.445222892425944 ], [ -90.341703542932663, 15.459231607012722 ], [ -90.343198341607049, 15.462469618627379 ], [ -90.343959934305744, 15.464779775203239 ], [ -90.344097798184123, 15.466110331376072 ], [ -90.343667606174506, 15.46697906013039 ], [ -90.342278920287839, 15.468969856405058 ], [ -90.340664648843799, 15.471255999773954 ], [ -90.338639824329547, 15.474689950197996 ], [ -90.338236099458783, 15.475260912810725 ], [ -90.33141351967852, 15.486571948497051 ], [ -90.330294378201543, 15.488178619311844 ], [ -90.329079566385005, 15.490116067122118 ], [ -90.32680968306272, 15.493470113997097 ], [ -90.325084939406665, 15.496619595449411 ], [ -90.323866650406472, 15.498909215038923 ], [ -90.322044670193861, 15.501961511904325 ], [ -90.32133471090799, 15.503201620914572 ], [ -90.320519003012009, 15.504243990736732 ], [ -90.320449852388677, 15.5053168657893 ], [ -90.320388434580764, 15.530450711790545 ], [ -90.320642690975731, 15.534700098932179 ], [ -90.32040787624058, 15.544301936778542 ], [ -90.321254620314534, 15.545782234459825 ], [ -90.322957297244685, 15.548665029662226 ], [ -90.324180856013399, 15.551360224656882 ], [ -90.328315723128171, 15.559183843702792 ], [ -90.33336127930437, 15.569433485240195 ], [ -90.334304638852274, 15.571473802166157 ], [ -90.336378055484218, 15.575803957185739 ], [ -90.337444176811616, 15.577767852119136 ], [ -90.338248466984211, 15.57930631226013 ], [ -90.339593961328632, 15.582101174876753 ], [ -90.342543725746069, 15.58773014350243 ], [ -90.344276994364847, 15.591856311539578 ], [ -90.344859042541458, 15.592884005951296 ], [ -90.345328939568688, 15.593755662340959 ], [ -90.349346589841844, 15.601838495676111 ], [ -90.350753843054434, 15.604606974845861 ], [ -90.351218362696784, 15.605628724919079 ], [ -90.351683536455695, 15.606509352383849 ], [ -90.352494472917471, 15.60813480639078 ], [ -90.35519484963973, 15.612910512963902 ], [ -90.364851955307728, 15.633212027505703 ], [ -90.366267112518315, 15.635619256427676 ], [ -90.366102326437257, 15.636204389015484 ], [ -90.361895505424272, 15.639612111887807 ], [ -90.359589706774443, 15.641601970169456 ], [ -90.358116961359428, 15.642913119548277 ], [ -90.355942346494189, 15.644617728996778 ], [ -90.354080571440932, 15.646049474355229 ], [ -90.352878708404305, 15.646995778708268 ], [ -90.346862404580463, 15.652301776178669 ], [ -90.345058257544764, 15.653817672466223 ], [ -90.34124688773619, 15.657228556040772 ], [ -90.333300079324474, 15.663580958431293 ], [ -90.331537976123371, 15.665074643351442 ], [ -90.328696213671037, 15.667955131383311 ], [ -90.326718477826148, 15.672669510963331 ], [ -90.325705013026905, 15.674876790893563 ], [ -90.324330728961442, 15.678344158776774 ], [ -90.322045234194775, 15.684119366569124 ], [ -90.321001678581212, 15.68683655778886 ], [ -90.320101089198673, 15.689134366184017 ], [ -90.319297185496211, 15.691032552633088 ], [ -90.318588510770113, 15.692688034359493 ], [ -90.317148853082983, 15.695741293631146 ], [ -90.315284360653607, 15.700082039226769 ], [ -90.31374246180593, 15.704124151554511 ], [ -90.311209779565615, 15.710075619795196 ], [ -90.306183305247487, 15.721818560626955 ], [ -90.30232384679806, 15.720944434533525 ], [ -90.300264290215239, 15.720719121682754 ], [ -90.290957283046254, 15.71933475517168 ], [ -90.249973096632431, 15.713826336301926 ], [ -90.240223702570674, 15.709190827421468 ], [ -90.23884621519143, 15.708404590462591 ], [ -90.234705448133184, 15.706622624104554 ], [ -90.231397098711184, 15.704955007580066 ], [ -90.229545131492998, 15.706942170681414 ], [ -90.225910914308145, 15.711698552159069 ], [ -90.218840647613717, 15.721212446363516 ], [ -90.203281649287561, 15.742336630911611 ], [ -90.195399629823896, 15.752991622542485 ], [ -90.191270035366699, 15.758382005125204 ], [ -90.190404104287595, 15.759680365914406 ], [ -90.189420285591794, 15.76124249472679 ], [ -90.188111933702174, 15.763090552613523 ], [ -90.186874212142015, 15.764760012801021 ], [ -90.182260174448942, 15.770878802176624 ], [ -90.179716968253501, 15.774212223239418 ], [ -90.17872093604943, 15.7745808723507 ], [ -90.176855015791276, 15.774458444322194 ], [ -90.175268472212935, 15.773819205784882 ], [ -90.172843032330576, 15.773104709943421 ], [ -90.170134002499921, 15.771447258381057 ], [ -90.166517491037837, 15.769956323988239 ], [ -90.165579927370118, 15.770186820830812 ], [ -90.164282765123914, 15.771168982303656 ], [ -90.162976312149397, 15.772859951379106 ], [ -90.162529540092862, 15.773675952531738 ], [ -90.162353619143815, 15.774128597253583 ], [ -90.161306093437418, 15.774384731614637 ], [ -90.16036347863718, 15.77455756214413 ], [ -90.159799831498304, 15.774682279745383 ], [ -90.159195405484581, 15.774805337230353 ], [ -90.158737313965617, 15.774591636937995 ], [ -90.158491778429521, 15.774141390165562 ], [ -90.158530797158406, 15.772847072789363 ], [ -90.158362649636928, 15.77177921049516 ] ] ] ] } },
{ "type": "Feature", "properties": { "codigo_departamento": 9, "departamento": "Quetzaltenango", "codigo_municipio_shape": 915, "municipio": "Huitán", "riesgos": 15.0, "pobreza": 14.7, "indice_san": 15.8, "politicas": 8.3, "ponderacion": 53.872, "ranking": 44, "riesgos_prom_depto": 13.19, "pobreza_prom_depto": 8.36, "indice_san_prom_depto": 8.38, "politicas_prom_depto": 4.0, "ponderacion_prom_depto": 33.91, "riesgos_prom_nacional": 13.19, "pobreza_prom_nacional": 9.78, "indice_san_prom_nacional": 7.92, "politicas_prom_nacional": 7.21, "ponderacion_prom_nacional": 38.07 }, "geometry": { "type": "MultiPolygon", "coordinates": [ [ [ [ -91.617135244119524, 15.024213520349187 ], [ -91.618428460641297, 15.02423154966492 ], [ -91.621858559050494, 15.0220570355332 ], [ -91.622904005295183, 15.021915356952261 ], [ -91.623650175368354, 15.020854409072943 ], [ -91.629130384089365, 15.017660600897118 ], [ -91.630844874947186, 15.016417901952256 ], [ -91.632509536448595, 15.014416744168861 ], [ -91.63475584501073, 15.012438268588468 ], [ -91.636497207160303, 15.011896201316171 ], [ -91.638549256969625, 15.013598781025475 ], [ -91.638929755330736, 15.014551280869741 ], [ -91.641125189513232, 15.016106685276327 ], [ -91.647212889775986, 15.016905636273426 ], [ -91.64798655301982, 15.016165645039139 ], [ -91.648233849605575, 15.014368350318547 ], [ -91.648658137516875, 15.014002529973519 ], [ -91.651492098831667, 15.014316503553241 ], [ -91.655173546633719, 15.018158420613521 ], [ -91.656981601579787, 15.018665120769258 ], [ -91.65950453752852, 15.020117212791865 ], [ -91.660641615356951, 15.022989294362652 ], [ -91.662864774137375, 15.025734435299329 ], [ -91.663748726817488, 15.02679155446312 ], [ -91.664327365380956, 15.027217529547231 ], [ -91.66576138961598, 15.027969413661841 ], [ -91.662037191731017, 15.047150991161867 ], [ -91.661432093077963, 15.048534916347661 ], [ -91.660778128816105, 15.052621225577953 ], [ -91.660044610297064, 15.053990828868134 ], [ -91.660135525629187, 15.058046500696433 ], [ -91.659368182622728, 15.059522109936493 ], [ -91.657680502206915, 15.061275870066774 ], [ -91.652347216824339, 15.06446100548677 ], [ -91.650431646549549, 15.064720787060965 ], [ -91.648309599080875, 15.063703694483189 ], [ -91.645581419391036, 15.063937121744603 ], [ -91.642042419435512, 15.066245756039381 ], [ -91.639409725287862, 15.06663560167161 ], [ -91.637189092872987, 15.066499111522113 ], [ -91.635197359342257, 15.065021696241669 ], [ -91.633488261675794, 15.064446473608607 ], [ -91.627250223142184, 15.064502584553399 ], [ -91.625221113138224, 15.063428223152547 ], [ -91.62131029689823, 15.063407877525933 ], [ -91.619288755873072, 15.064142420504378 ], [ -91.616768332256143, 15.065783438365068 ], [ -91.615575483545541, 15.066928618293412 ], [ -91.611237435813948, 15.071906234434651 ], [ -91.609323246556912, 15.072745283893722 ], [ -91.607645892690584, 15.072746287823492 ], [ -91.605198716372342, 15.071773126448942 ], [ -91.601550435516685, 15.07115070054811 ], [ -91.598706700408286, 15.07170258923361 ], [ -91.595849773703819, 15.073642946461177 ], [ -91.590370435638036, 15.079852481468189 ], [ -91.587316823096629, 15.078356755996332 ], [ -91.585187090530752, 15.076248736323754 ], [ -91.582656149644876, 15.075470280391313 ], [ -91.580155360019688, 15.074006167243629 ], [ -91.577337338286682, 15.071378563974863 ], [ -91.576120519137561, 15.070848936573324 ], [ -91.574728263462561, 15.069163504295238 ], [ -91.574333228261963, 15.067109227149793 ], [ -91.574597674565041, 15.062579089954609 ], [ -91.575373664898606, 15.061463160216054 ], [ -91.57539590492847, 15.060654331431264 ], [ -91.576474958725868, 15.059422795765531 ], [ -91.57927654465891, 15.058719516441542 ], [ -91.585177678235581, 15.059372154786436 ], [ -91.589545949433287, 15.05841299332501 ], [ -91.603591080147524, 15.058052442999172 ], [ -91.604674455825759, 15.056220831644477 ], [ -91.605514618434128, 15.050040029505356 ], [ -91.605586214360443, 15.038044770351867 ], [ -91.608941091572888, 15.032820526707097 ], [ -91.609469405200159, 15.032743540156623 ], [ -91.612235637506089, 15.030069119401693 ], [ -91.617135244119524, 15.024213520349187 ] ] ] ] } },
{ "type": "Feature", "properties": { "codigo_departamento": 16, "departamento": "Alta Verapaz", "codigo_municipio_shape": 1610, "municipio": "San Juan Chamelco", "riesgos": 14.8, "pobreza": 12.2, "indice_san": 14.4, "politicas": 12.5, "ponderacion": 53.872, "ranking": 45, "riesgos_prom_depto": 12.95, "pobreza_prom_depto": 15.54, "indice_san_prom_depto": 15.04, "politicas_prom_depto": 12.5, "ponderacion_prom_depto": 56.02, "riesgos_prom_nacional": 13.19, "pobreza_prom_nacional": 9.78, "indice_san_prom_nacional": 7.92, "politicas_prom_nacional": 7.21, "ponderacion_prom_nacional": 38.07 }, "geometry": { "type": "MultiPolygon", "coordinates": [ [ [ [ -90.111460572795309, 15.379164119511081 ], [ -90.111795288859611, 15.355634814964814 ], [ -90.124347743823947, 15.352611473322103 ], [ -90.133040820235053, 15.349861744871088 ], [ -90.151973822628946, 15.345081973898621 ], [ -90.152624149650975, 15.344566466127194 ], [ -90.165419008130101, 15.34105713200222 ], [ -90.194379408369599, 15.337194363503341 ], [ -90.197738180506747, 15.336264562135979 ], [ -90.199693838989319, 15.33630266995546 ], [ -90.212756526527528, 15.334549305788411 ], [ -90.21816534295445, 15.333640266829359 ], [ -90.225739588872543, 15.332783990124121 ], [ -90.242721308485486, 15.342693637583832 ], [ -90.247827168837716, 15.345829831307663 ], [ -90.250973990904001, 15.347406347035124 ], [ -90.255686521338276, 15.350345613411015 ], [ -90.260988034430426, 15.353677029288434 ], [ -90.264539261088117, 15.354997554073101 ], [ -90.265437981584725, 15.357860450126745 ], [ -90.267573762918303, 15.372491466400398 ], [ -90.267918311796947, 15.374623871136434 ], [ -90.268116062268348, 15.376324322125663 ], [ -90.27077111256412, 15.390457060234073 ], [ -90.282277733269112, 15.386481607726628 ], [ -90.283946499866019, 15.385672165521026 ], [ -90.287763155562558, 15.384165209592132 ], [ -90.289556569290099, 15.383432883189121 ], [ -90.29268383055323, 15.382183878175148 ], [ -90.300408215711045, 15.379170655441904 ], [ -90.30560500135941, 15.377057997968391 ], [ -90.310063601768618, 15.375425152072538 ], [ -90.311672754637058, 15.374759269300615 ], [ -90.325587827467373, 15.369742311217621 ], [ -90.328005840207197, 15.368420997220381 ], [ -90.32856676986755, 15.368416436969586 ], [ -90.330312158571616, 15.369745947297623 ], [ -90.332423658700947, 15.372025985051202 ], [ -90.334674944151303, 15.374069451317252 ], [ -90.340818041120272, 15.380755850421771 ], [ -90.343464462319218, 15.383588674645818 ], [ -90.345333981969233, 15.385425402817962 ], [ -90.347231414868986, 15.387312129672624 ], [ -90.350020143000975, 15.389718679636669 ], [ -90.352111883652583, 15.392259167169119 ], [ -90.351350078107714, 15.394152574967016 ], [ -90.348812360103452, 15.399759761253092 ], [ -90.347774281609261, 15.402233580495331 ], [ -90.346833750176245, 15.404263704057016 ], [ -90.346173991760608, 15.405765384801089 ], [ -90.345608969707342, 15.407000605312865 ], [ -90.344318421843383, 15.409918486592076 ], [ -90.341570292276302, 15.415745436220719 ], [ -90.333585103382646, 15.432762748988564 ], [ -90.332889755720387, 15.435529600130932 ], [ -90.332068576219129, 15.436756034791625 ], [ -90.328300050593498, 15.444755131830711 ], [ -90.32780514806916, 15.445859018021141 ], [ -90.327241298648957, 15.447028687211395 ], [ -90.323018372661494, 15.456157968354733 ], [ -90.322037481189099, 15.456575147030245 ], [ -90.317493149825935, 15.455414832353954 ], [ -90.310373290031208, 15.452948496241028 ], [ -90.300784536095264, 15.450490282178938 ], [ -90.285827304577197, 15.445766679132557 ], [ -90.280910447472152, 15.444695948892194 ], [ -90.264098497045239, 15.439292301762446 ], [ -90.251099686606238, 15.435816819278042 ], [ -90.248732708304217, 15.435073948425877 ], [ -90.241271578980772, 15.431883343582696 ], [ -90.237766025427163, 15.430552683827763 ], [ -90.226841298738677, 15.426243716976026 ], [ -90.224158074801153, 15.42501233230179 ], [ -90.218057455240682, 15.422716397810666 ], [ -90.214233432081784, 15.421293359389908 ], [ -90.201582129105759, 15.416162324764572 ], [ -90.194026668309476, 15.413226546109115 ], [ -90.172321632102921, 15.404519275907354 ], [ -90.162815344096146, 15.400447998569284 ], [ -90.155261193536873, 15.397511082911649 ], [ -90.150266246585232, 15.395802277261913 ], [ -90.139907481644656, 15.391725986522166 ], [ -90.131733631264083, 15.388510590949922 ], [ -90.128095539717179, 15.386954310509079 ], [ -90.119133600365203, 15.383332092084753 ], [ -90.113119352800609, 15.381006524552118 ], [ -90.111787077913249, 15.380039846976002 ], [ -90.111460572795309, 15.379164119511081 ] ] ] ] } },
{ "type": "Feature", "properties": { "codigo_departamento": 16, "departamento": "Alta Verapaz", "codigo_municipio_shape": 1615, "municipio": "Fray Bartolomé De Las Casas", "riesgos": 13.3, "pobreza": 16.7, "indice_san": 14.9, "politicas": 8.3, "ponderacion": 53.209, "ranking": 46, "riesgos_prom_depto": 12.95, "pobreza_prom_depto": 15.54, "indice_san_prom_depto": 15.04, "politicas_prom_depto": 12.5, "ponderacion_prom_depto": 56.02, "riesgos_prom_nacional": 13.19, "pobreza_prom_nacional": 9.78, "indice_san_prom_nacional": 7.92, "politicas_prom_nacional": 7.21, "ponderacion_prom_nacional": 38.07 }, "geometry": { "type": "MultiPolygon", "coordinates": [ [ [ [ -89.527011198837315, 16.052556156619413 ], [ -89.526429562924491, 16.051883291457418 ], [ -89.525741923574103, 16.051973673994031 ], [ -89.524704699217637, 16.052777089557413 ], [ -89.524099301219181, 16.052801105565692 ], [ -89.52362826993884, 16.052478666652821 ], [ -89.523372672297199, 16.051811088531522 ], [ -89.523265197345054, 16.051281310992039 ], [ -89.523053340386113, 16.050782558181911 ], [ -89.522543872279201, 16.049952899156352 ], [ -89.522249173787074, 16.049521623771664 ], [ -89.521801674281804, 16.049188283962682 ], [ -89.520947485051494, 16.048825766963191 ], [ -89.520244550051544, 16.048454422519523 ], [ -89.520009183256505, 16.047932719464395 ], [ -89.519974840003343, 16.047223608010885 ], [ -89.519872840893399, 16.046412980668212 ], [ -89.519576662093584, 16.045396109376451 ], [ -89.519363648405616, 16.044931182206199 ], [ -89.5187470674704, 16.0442577363251 ], [ -89.517760103715219, 16.044185274370104 ], [ -89.517154539110578, 16.044220553494604 ], [ -89.516573670776339, 16.044211103843047 ], [ -89.515771383209369, 16.044186768523009 ], [ -89.515079670333932, 16.044512860988107 ], [ -89.514385419905096, 16.044984456190939 ], [ -89.513453053025913, 16.045093384675798 ], [ -89.512921380652784, 16.044905331565648 ], [ -89.512473519096716, 16.044594535167779 ], [ -89.51192186291054, 16.044214349422546 ], [ -89.511231217190755, 16.043809333647314 ], [ -89.510459123431218, 16.043391707809445 ], [ -89.51014154481571, 16.04293635480435 ], [ -89.510382848115867, 16.04244610941528 ], [ -89.510790793249839, 16.041732928843345 ], [ -89.511066912777579, 16.04121955507296 ], [ -89.511243514505267, 16.040424752495511 ], [ -89.51130036744695, 16.039840110447432 ], [ -89.51141748963245, 16.03911090607226 ], [ -89.511545677781413, 16.038449574621154 ], [ -89.511792652026031, 16.037599504832791 ], [ -89.511838209711939, 16.036993241458081 ], [ -89.5107879699938, 16.036537241434811 ], [ -89.510137736774666, 16.036492800759703 ], [ -89.509602769078782, 16.036495367389435 ], [ -89.509032221759497, 16.036531198002447 ], [ -89.508369539438334, 16.036531680002184 ], [ -89.508029834297787, 16.037346386507558 ], [ -89.508020022297231, 16.037909226481002 ], [ -89.507974452405065, 16.038515486668793 ], [ -89.507858113860905, 16.039165723719041 ], [ -89.50772040617403, 16.039736631283734 ], [ -89.507444476055042, 16.040238719350803 ], [ -89.506647991943964, 16.040551794873839 ], [ -89.505649990896998, 16.04044525096019 ], [ -89.50491906814915, 16.040344191600372 ], [ -89.503940288463212, 16.040439913073669 ], [ -89.50378824563029, 16.041162897615575 ], [ -89.504066896380181, 16.041842142595684 ], [ -89.504425620223259, 16.042612953759303 ], [ -89.504564293484336, 16.043357610810169 ], [ -89.504269250082814, 16.044252010936965 ], [ -89.503845695444056, 16.045189442269063 ], [ -89.503394781098493, 16.045722511551915 ], [ -89.502407443738178, 16.045638688768889 ], [ -89.501740343398041, 16.045222748643642 ], [ -89.50129760864597, 16.044619795568298 ], [ -89.501132283137963, 16.044099228232454 ], [ -89.501029383028822, 16.043311155225958 ], [ -89.500932780376033, 16.04219599512907 ], [ -89.500816060609438, 16.041564522231802 ], [ -89.500740825545932, 16.040528686949234 ], [ -89.500903850091404, 16.039845376054284 ], [ -89.501277416195919, 16.039097807340379 ], [ -89.501524073463912, 16.035262397572811 ], [ -89.50136951155369, 16.01008969752414 ], [ -89.500455507914751, 16.002063067932696 ], [ -89.500563650174186, 15.941000305988712 ], [ -89.500088160659217, 15.935777775831751 ], [ -89.500460447645125, 15.928736731389792 ], [ -89.500141801774745, 15.924687882251222 ], [ -89.500423933598256, 15.918200467776161 ], [ -89.500056787263389, 15.866759423634294 ], [ -89.499981477364074, 15.844418624668998 ], [ -89.502159024549925, 15.843218366221402 ], [ -89.508232383525893, 15.843271258731058 ], [ -89.511589962598975, 15.841802204909753 ], [ -89.51549520627124, 15.839320811379855 ], [ -89.519163061078032, 15.835588763268495 ], [ -89.526034749058496, 15.831754570023991 ], [ -89.530201619721595, 15.830448202654882 ], [ -89.53493883228613, 15.830686481653538 ], [ -89.536495542855732, 15.829583068992569 ], [ -89.538196067922939, 15.829443252158951 ], [ -89.539997540247214, 15.830937690739299 ], [ -89.541098283978769, 15.830942852868056 ], [ -89.542903541372851, 15.828622524930669 ], [ -89.543193289734404, 15.826766567163496 ], [ -89.54650224004213, 15.824258050596082 ], [ -89.547302560193089, 15.823148128524043 ], [ -89.548614261250648, 15.822807955905333 ], [ -89.550129114061477, 15.821622515421778 ], [ -89.550949001796823, 15.820525297029286 ], [ -89.551217933202352, 15.817589181058331 ], [ -89.554645982885475, 15.814846568167219 ], [ -89.557707565108188, 15.814745113828973 ], [ -89.559202786877165, 15.814265606960999 ], [ -89.561694379145791, 15.812136474534803 ], [ -89.567238585475152, 15.809982283621652 ], [ -89.569994787074378, 15.809535051328305 ], [ -89.573181194435037, 15.807590500118266 ], [ -89.576224867065875, 15.807233472665926 ], [ -89.579351818844131, 15.805008044259157 ], [ -89.586053334996947, 15.80474121923104 ], [ -89.593027986508858, 15.801214123167886 ], [ -89.597789588335786, 15.799764387397698 ], [ -89.600001427631398, 15.80008339048949 ], [ -89.602048586299119, 15.800948182137745 ], [ -89.604250811319417, 15.803171684175895 ], [ -89.605662825979095, 15.803130583116349 ], [ -89.607023138407087, 15.802381173543891 ], [ -89.610099582842366, 15.802187772670649 ], [ -89.611451287805977, 15.801254270678998 ], [ -89.612433550440883, 15.799130193633786 ], [ -89.615006634844107, 15.797737286930994 ], [ -89.615409129938627, 15.797361038546278 ], [ -89.615596885742193, 15.795741351156195 ], [ -89.616443454801271, 15.794694992002011 ], [ -89.618545993363298, 15.794087950448645 ], [ -89.621836514908267, 15.794365970971164 ], [ -89.623647482371013, 15.795458209496392 ], [ -89.630919743310102, 15.794921210569242 ], [ -89.635557291251033, 15.795919533396836 ], [ -89.639129368899503, 15.796197149064616 ], [ -89.640216186549836, 15.795981515624765 ], [ -89.641245122546096, 15.795177083175288 ], [ -89.641603355788902, 15.794231375235942 ], [ -89.641401736774299, 15.791794278520246 ], [ -89.643276719028506, 15.7899647741548 ], [ -89.643208118696464, 15.789142230892798 ], [ -89.642239340485133, 15.787855538153492 ], [ -89.642113975890908, 15.785421877348991 ], [ -89.642523064107806, 15.783615973248077 ], [ -89.643887195475287, 15.783540004442486 ], [ -89.645025918169694, 15.782043257693983 ], [ -89.643149659361669, 15.778580526632863 ], [ -89.644070807374476, 15.774902587790962 ], [ -89.642885254826808, 15.773443300907065 ], [ -89.64357480555914, 15.768364807720129 ], [ -89.642809071933954, 15.766746128142449 ], [ -89.64572073279237, 15.763470128174736 ], [ -89.646252425790493, 15.762563181732222 ], [ -89.645959515162758, 15.760711449163399 ], [ -89.64313621398621, 15.757770143442121 ], [ -89.643172926923043, 15.756954866365037 ], [ -89.645410767959277, 15.755461501893427 ], [ -89.646247188018549, 15.753487252134725 ], [ -89.647959952090986, 15.752887362973896 ], [ -89.648965768689479, 15.751948209526226 ], [ -89.649596986864225, 15.749055628849142 ], [ -89.649532258396405, 15.747213052339536 ], [ -89.651563230171291, 15.745322591063603 ], [ -89.652611419249723, 15.742291965725117 ], [ -89.656623660110526, 15.739080026231131 ], [ -89.657129206463381, 15.738125234807436 ], [ -89.656918842541756, 15.737345648839094 ], [ -89.658596579200832, 15.734958803912141 ], [ -89.662169871669022, 15.734818354736154 ], [ -89.664086911001846, 15.737181314999788 ], [ -89.665350213753229, 15.737553857370866 ], [ -89.668777802216283, 15.73656361616046 ], [ -89.67049279450795, 15.737174363014956 ], [ -89.672424126109348, 15.736842768668444 ], [ -89.678406811250639, 15.733950444663277 ], [ -89.682247297028894, 15.734757115879685 ], [ -89.686506184260352, 15.737175884211478 ], [ -89.687334461501123, 15.737183966164913 ], [ -89.691422940456292, 15.734914689295849 ], [ -89.693897338466556, 15.731476577039462 ], [ -89.695264170148207, 15.730709638065349 ], [ -89.699349583108798, 15.729267298447063 ], [ -89.706842149791925, 15.728519599829987 ], [ -89.710890290331648, 15.725549620091618 ], [ -89.733441420895915, 15.725289441456075 ], [ -89.776558719139018, 15.723628968209056 ], [ -89.812829058043775, 15.722836066113558 ], [ -89.817804915919979, 15.722312843883419 ], [ -89.823575297294752, 15.722585446817035 ], [ -89.849784981989245, 15.721575197095092 ], [ -89.87160428351369, 15.721108272038045 ], [ -89.873647411300723, 15.720580023581226 ], [ -89.879683924304516, 15.720879781998894 ], [ -89.88201068035535, 15.720319393413773 ], [ -89.888693616277422, 15.720640560186778 ], [ -89.934175786082591, 15.71904644945073 ], [ -89.935693588968377, 15.719977503873304 ], [ -89.936246873319746, 15.720147808697284 ], [ -89.943771020999733, 15.728419510196384 ], [ -89.945101257822216, 15.729978832129705 ], [ -89.945620426361643, 15.730329232580575 ], [ -89.946202995814787, 15.731038317896326 ], [ -89.948635031853243, 15.733657106538571 ], [ -89.950904482040698, 15.735851468560551 ], [ -89.952664083639036, 15.736836610958413 ], [ -89.952685522752446, 15.737470115355427 ], [ -89.952709510980313, 15.738596901190647 ], [ -89.952692620273083, 15.739299847646055 ], [ -89.952896080713586, 15.740192116424051 ], [ -89.953345555678936, 15.740803388813172 ], [ -89.953873126790825, 15.741335614704731 ], [ -89.954301792600631, 15.741662160143123 ], [ -89.95477947938366, 15.742101135590376 ], [ -89.955180482018363, 15.742563867855608 ], [ -89.955443663566214, 15.743320393927377 ], [ -89.955418066331887, 15.744177855958448 ], [ -89.955142255196833, 15.744698849693309 ], [ -89.954650379591641, 15.745211179202856 ], [ -89.95408262694464, 15.745653593494328 ], [ -89.953198053925121, 15.746005793365061 ], [ -89.952480908317924, 15.745798236464907 ], [ -89.951999718184979, 15.745593979642855 ], [ -89.951259251210615, 15.745231459873585 ], [ -89.950314507004549, 15.744890909541573 ], [ -89.949589351954131, 15.745220494635916 ], [ -89.949350693746482, 15.745827779025831 ], [ -89.949199982238369, 15.746554810472144 ], [ -89.948978894678021, 15.747272954465446 ], [ -89.948793347235068, 15.748147356522475 ], [ -89.948715040057806, 15.748708355463705 ], [ -89.948501182010347, 15.749371291162756 ], [ -89.948187372912869, 15.749898512482257 ], [ -89.947718683267098, 15.750534173829926 ], [ -89.947393368256357, 15.750973193341446 ], [ -89.946867578056242, 15.751608051412054 ], [ -89.946630022230323, 15.752179228532466 ], [ -89.946644833587811, 15.752864558842212 ], [ -89.946817068518513, 15.753699953752031 ], [ -89.94692389597742, 15.754233070431219 ], [ -89.946986088409645, 15.754789264674688 ], [ -89.947023311824722, 15.755690487816068 ], [ -89.947233296964114, 15.756144913908896 ], [ -89.947484382321619, 15.756851616553954 ], [ -89.947514321283165, 15.75738252458099 ], [ -89.947457014155148, 15.758253078286808 ], [ -89.947345923624724, 15.758862148057565 ], [ -89.946847473486486, 15.759342753711929 ], [ -89.94632198063151, 15.759527260331968 ], [ -89.946023108500796, 15.75991133754494 ], [ -89.946242416556998, 15.76059953710541 ], [ -89.948878219285888, 15.762939060543275 ], [ -89.949997494414646, 15.763967198091814 ], [ -89.950889554266212, 15.764874764538417 ], [ -89.951419573346357, 15.765636166662155 ], [ -89.951953970797987, 15.766143669967422 ], [ -89.952587348300256, 15.766423433451846 ], [ -89.95306263283311, 15.766597137267906 ], [ -89.953924182064412, 15.766973774869353 ], [ -89.954597601746286, 15.767538528444771 ], [ -89.954955841387431, 15.767901342767829 ], [ -89.955448118899994, 15.768420665997599 ], [ -89.95626595878349, 15.769618383766849 ], [ -89.955773556294133, 15.773596958854791 ], [ -89.95557359193289, 15.774137319597594 ], [ -89.940083315460143, 15.776444401013872 ], [ -89.945222176351862, 15.786416638675053 ], [ -89.945808553431419, 15.78891246270431 ], [ -89.945930423147601, 15.789061721742762 ], [ -89.946121176319323, 15.789295344721994 ], [ -89.946599952812591, 15.789453993497848 ], [ -89.946693407607455, 15.789702804746671 ], [ -89.946460810167068, 15.790273931662233 ], [ -89.945894950576346, 15.790670207897717 ], [ -89.945363746259702, 15.790909141186031 ], [ -89.94484963274131, 15.791156402548408 ], [ -89.944727792058686, 15.791358091873755 ], [ -89.944419826366271, 15.7918678816038 ], [ -89.944218249515785, 15.792372102618911 ], [ -89.943963169570267, 15.793010151341457 ], [ -89.943798409098676, 15.79380516430558 ], [ -89.94371944768686, 15.79451753887199 ], [ -89.943384395592886, 15.794997256134682 ], [ -89.942621174046067, 15.795583590435241 ], [ -89.942388648754417, 15.796121569252088 ], [ -89.942532290151348, 15.796793085136157 ], [ -89.942898406032882, 15.797473457006779 ], [ -89.943119339857716, 15.798045741347655 ], [ -89.943355828159454, 15.799189783460035 ], [ -89.943619259059716, 15.799869891147861 ], [ -89.944071051049391, 15.800517337372115 ], [ -89.944257556976439, 15.801164104445167 ], [ -89.944348473364215, 15.801819102848908 ], [ -89.944251159741299, 15.803508960658242 ], [ -89.944376475454433, 15.804627859773547 ], [ -89.944583370755353, 15.80544447668917 ], [ -89.944662024418946, 15.805681802884481 ], [ -89.944413093920346, 15.806889967647063 ], [ -89.943932446140877, 15.807402455309372 ], [ -89.943814006471229, 15.807495433994964 ], [ -89.943143413789045, 15.808021866433492 ], [ -89.942405860915372, 15.808591692092538 ], [ -89.942182013267015, 15.809079977301982 ], [ -89.942283711086986, 15.809444811933627 ], [ -89.942531017640903, 15.809639253996227 ], [ -89.942727777285768, 15.809793953646528 ], [ -89.942896943478573, 15.810523534587666 ], [ -89.943169556200374, 15.810979950515117 ], [ -89.943192352472877, 15.812032300556183 ], [ -89.94293092190199, 15.812269681493307 ], [ -89.942892068550663, 15.812304960553982 ], [ -89.942300533201092, 15.812676301476403 ], [ -89.941888263613407, 15.813213816645346 ], [ -89.941852917523221, 15.81361972792431 ], [ -89.941975013697387, 15.813839626556501 ], [ -89.94213395375948, 15.814125881270883 ], [ -89.942278513130134, 15.814465968645958 ], [ -89.941935796448291, 15.81460594602197 ], [ -89.941632712891121, 15.814605166898893 ], [ -89.941216902013437, 15.814604097304381 ], [ -89.940806036945091, 15.814627896915905 ], [ -89.940582816040788, 15.81488418037614 ], [ -89.940658271842949, 15.815286194861454 ], [ -89.940743078262344, 15.815738025931873 ], [ -89.940621371664122, 15.816425430015256 ], [ -89.940139255204201, 15.817459906518057 ], [ -89.939923243160436, 15.818205067061927 ], [ -89.93924431979562, 15.819222461846458 ], [ -89.939140779631629, 15.819514890539365 ], [ -89.938942420498023, 15.820075114003966 ], [ -89.938974712453756, 15.820779486108107 ], [ -89.939102011944101, 15.82097839473553 ], [ -89.939750206798593, 15.821991208339709 ], [ -89.940176015046532, 15.822762881611856 ], [ -89.940291116284456, 15.824478328286027 ], [ -89.940288471412643, 15.825439468111727 ], [ -89.941054407027991, 15.827024019865432 ], [ -89.941301132316013, 15.827563228763676 ], [ -89.9413666210598, 15.828648830082733 ], [ -89.941526758903009, 15.829552388558723 ], [ -89.941883799010895, 15.830439882015812 ], [ -89.941933219504861, 15.831144297428828 ], [ -89.941726689552283, 15.831549767507644 ], [ -89.941436978209381, 15.831761358083789 ], [ -89.941229266729664, 15.831913059567816 ], [ -89.940440448142027, 15.832416456591808 ], [ -89.939762847489007, 15.832936709352831 ], [ -89.939033660407674, 15.833539683858492 ], [ -89.937875964910333, 15.83434040337538 ], [ -89.937164826162856, 15.83460370281205 ], [ -89.935752022500694, 15.834798889794554 ], [ -89.934664762377338, 15.834887201723236 ], [ -89.933270089614581, 15.834717847499647 ], [ -89.931866443537004, 15.83469760399969 ], [ -89.930583275294353, 15.834445667357798 ], [ -89.929838518691497, 15.834485139590013 ], [ -89.929041569511043, 15.834822758006467 ], [ -89.928526276419788, 15.835442830328947 ], [ -89.928249750639949, 15.836378388364306 ], [ -89.928253472574255, 15.837292094241567 ], [ -89.92825481338825, 15.837621260180864 ], [ -89.92823396499216, 15.838946920757998 ], [ -89.927977627355787, 15.839457374621748 ], [ -89.927751939087202, 15.839906792870059 ], [ -89.927570162758045, 15.840627170700893 ], [ -89.927688313156068, 15.841224054387686 ], [ -89.92778774132502, 15.841343349772506 ], [ -89.92842194790417, 15.84210427590811 ], [ -89.929207946645974, 15.842628346981417 ], [ -89.930413687866874, 15.843037518384532 ], [ -89.931234954115112, 15.843197103216394 ], [ -89.932287373577935, 15.843340718958487 ], [ -89.933000343143249, 15.843619638791521 ], [ -89.933340242288963, 15.844017133566965 ], [ -89.933904109192966, 15.844735196472127 ], [ -89.93400701700007, 15.845529168669716 ], [ -89.933835478355348, 15.846729451488779 ], [ -89.933598878214923, 15.848641861721644 ], [ -89.933638372615619, 15.849557776269089 ], [ -89.934139384749201, 15.850841220838156 ], [ -89.934493400511357, 15.852063226632474 ], [ -89.934890262920433, 15.853000424562085 ], [ -89.935707965021166, 15.853816610085392 ], [ -89.936925711542273, 15.854430319076558 ], [ -89.937976449182557, 15.854616209558102 ], [ -89.939785771675417, 15.854193516677039 ], [ -89.941868801728873, 15.853629054024303 ], [ -89.943929179487398, 15.853654703027201 ], [ -89.945463214575909, 15.8539435540526 ], [ -89.947121685570067, 15.854863605088052 ], [ -89.948356904866586, 15.856800136143779 ], [ -89.949255685979338, 15.858756156733197 ], [ -89.950090634985315, 15.860996931147241 ], [ -89.950380252669518, 15.862747885754221 ], [ -89.950397143548116, 15.86427428256626 ], [ -89.950120165147013, 15.865616770631116 ], [ -89.950199139357053, 15.867509649486969 ], [ -89.950258798127479, 15.868771586349533 ], [ -89.949796937097545, 15.869431177661829 ], [ -89.949604438224469, 15.869706086845278 ], [ -89.948888596326768, 15.8700502388881 ], [ -89.948026673846897, 15.869986988704243 ], [ -89.94670388955835, 15.869291665366411 ], [ -89.946095733965961, 15.868699920607298 ], [ -89.945465442683357, 15.868515144764494 ], [ -89.944581219964547, 15.86891990521363 ], [ -89.944410555390903, 15.869814927012296 ], [ -89.944586903257601, 15.870207124573689 ], [ -89.945079338381774, 15.871302291522964 ], [ -89.94675636356493, 15.873178909409358 ], [ -89.948308641805795, 15.874546412934134 ], [ -89.950070991874611, 15.875995845163056 ], [ -89.951856375901258, 15.876712672791946 ], [ -89.954315250461775, 15.87720732042723 ], [ -89.955427511154014, 15.878024177489518 ], [ -89.956600571552912, 15.879695939471755 ], [ -89.956955750007012, 15.880551588968439 ], [ -89.956953132177048, 15.881528448268888 ], [ -89.956756344114908, 15.88173514006106 ], [ -89.956489211081873, 15.882015716078266 ], [ -89.954658969247006, 15.882316380347524 ], [ -89.952533837391726, 15.882799445051244 ], [ -89.951102507609889, 15.883324952940523 ], [ -89.950279933214603, 15.884238674692583 ], [ -89.950151334708153, 15.885133807036794 ], [ -89.950486675128801, 15.885421364666101 ], [ -89.951389128226154, 15.886195220318104 ], [ -89.952647688151771, 15.887358436088903 ], [ -89.953780969760643, 15.88819570682864 ], [ -89.955168300479116, 15.888402720140411 ], [ -89.956642969444331, 15.887409213953218 ], [ -89.957187757033211, 15.88696340720945 ], [ -89.957907450194568, 15.886374467730146 ], [ -89.958604266130578, 15.885297590690731 ], [ -89.958858301223259, 15.884783871966192 ], [ -89.959217396876596, 15.884057690891559 ], [ -89.960124422733443, 15.88300168509994 ], [ -89.961198146476832, 15.882515929095508 ], [ -89.963047953977082, 15.88276474528983 ], [ -89.964580464897196, 15.883725059286876 ], [ -89.966153116193098, 15.885418111909283 ], [ -89.967284143989716, 15.887130417573012 ], [ -89.967965321603359, 15.887986852880328 ], [ -89.968656058175227, 15.889209634659267 ], [ -89.969663513095782, 15.889944757991458 ], [ -89.970903514799517, 15.890212363886274 ], [ -89.972692440220456, 15.88964689472064 ], [ -89.973892872002395, 15.88895787101456 ], [ -89.974883432505635, 15.888105519566658 ], [ -89.976062450979015, 15.887558891161927 ], [ -89.977387559476469, 15.887439988997741 ], [ -89.978584662373947, 15.888033069815474 ], [ -89.980368954309213, 15.88925845009809 ], [ -89.981375515631768, 15.890359843523703 ], [ -89.981624683144148, 15.891601877842735 ], [ -89.981138984648496, 15.892394418182251 ], [ -89.981119993294925, 15.892400930881598 ], [ -89.980254983812443, 15.892697566088465 ], [ -89.979140760349338, 15.892572776082321 ], [ -89.977669465781574, 15.892284306708886 ], [ -89.976618228233207, 15.892200358778037 ], [ -89.975187468693591, 15.892502161490354 ], [ -89.973502769609453, 15.893413878239889 ], [ -89.972511752630396, 15.894429032084361 ], [ -89.9720253750843, 15.895465765573523 ], [ -89.97195952691844, 15.896523876858785 ], [ -89.972442564749826, 15.897482216378036 ], [ -89.972524403576756, 15.897644582353765 ], [ -89.973301012387239, 15.898216315110586 ], [ -89.974561571165765, 15.898687465355017 ], [ -89.975906939759128, 15.898894245970954 ], [ -89.977252784423229, 15.898917856866849 ], [ -89.978598262681672, 15.89908391830634 ], [ -89.979774149052844, 15.899521763265755 ], [ -89.98120322500813, 15.900406668862468 ], [ -89.982219341650818, 15.900878460196484 ], [ -89.983082676031884, 15.900960660754512 ], [ -89.983887652906276, 15.900733631455003 ], [ -89.984847953125097, 15.899900242869649 ], [ -89.985347517868192, 15.898825351923296 ], [ -89.985467943676539, 15.898439319810874 ], [ -89.98580072029921, 15.897372575998768 ], [ -89.985863703675406, 15.895861632568245 ], [ -89.985771426835882, 15.894934151199267 ], [ -89.985419380289528, 15.893822888696558 ], [ -89.985255318223707, 15.893215771152377 ], [ -89.985215096532528, 15.892801243371091 ], [ -89.985163103215854, 15.892265394194643 ], [ -89.985176416351194, 15.891681594215106 ], [ -89.985402297516089, 15.891235672399178 ], [ -89.985828946156317, 15.890916152327835 ], [ -89.986776027630199, 15.890609314983708 ], [ -89.987864876979557, 15.890371495348127 ], [ -89.988504320618233, 15.890098264466276 ], [ -89.989084936909876, 15.889698968077168 ], [ -89.989713355817699, 15.889105172136894 ], [ -89.990305853140484, 15.888683004945339 ], [ -89.991063689260898, 15.8883642544662 ], [ -89.991607919208448, 15.888319743842937 ], [ -89.992364833936065, 15.888367312774282 ], [ -89.993251233517498, 15.888667031846172 ], [ -89.993687775962201, 15.889114514555265 ], [ -89.993839946069741, 15.889755941769947 ], [ -89.9937435424564, 15.890465473176617 ], [ -89.993389566802875, 15.890900736046682 ], [ -89.99297229714837, 15.891413824552471 ], [ -89.991858066183667, 15.892338471660773 ], [ -89.990826627195844, 15.893263307684464 ], [ -89.99049377678287, 15.893915041617749 ], [ -89.990425573459859, 15.894798190849015 ], [ -89.990420411879924, 15.89486502659196 ], [ -89.990512335526077, 15.89594132561732 ], [ -89.99041355358564, 15.897589559115431 ], [ -89.990356217011424, 15.897739478469607 ], [ -89.9899848783717, 15.898710420726202 ], [ -89.989615459986851, 15.899785630484033 ], [ -89.98960146548265, 15.900644173294353 ], [ -89.989657488588051, 15.900758568463774 ], [ -89.989966298527435, 15.901389133738119 ], [ -89.990544870175512, 15.901814062648519 ], [ -89.991443154479967, 15.902113818292918 ], [ -89.992235465187363, 15.902218710702877 ], [ -89.992995650248361, 15.902678483728653 ], [ -89.99377302961129, 15.902992405305012 ], [ -89.994575770765252, 15.902991192275778 ], [ -89.995416203994267, 15.902775650554817 ], [ -89.99624531907503, 15.902354020780637 ], [ -89.997122118155119, 15.901783678752603 ], [ -89.998176267445658, 15.901248088003342 ], [ -89.99868512812931, 15.901169135282172 ], [ -89.998932694126395, 15.901513140202358 ], [ -89.999001686435378, 15.902314638510124 ], [ -89.998715057938298, 15.903412951901782 ], [ -89.998042223032229, 15.90465997747016 ], [ -89.997906931952002, 15.904910722427386 ], [ -89.997112216962549, 15.905767450359118 ], [ -89.996153162937844, 15.906108646216495 ], [ -89.994756608848036, 15.906368681188104 ], [ -89.993383968767532, 15.906525734017228 ], [ -89.992378505861993, 15.906500478366908 ], [ -89.991208090508309, 15.906211533101843 ], [ -89.990109089130158, 15.905751035046633 ], [ -89.989034359186448, 15.905050187807326 ], [ -89.9879478072653, 15.904349307358618 ], [ -89.987120698871735, 15.903969572391796 ], [ -89.986352130725137, 15.903830374565064 ], [ -89.985298841023635, 15.90401103065177 ], [ -89.984055606210404, 15.904454524343221 ], [ -89.982845501332264, 15.905355996526797 ], [ -89.982027385668616, 15.906086686880668 ], [ -89.981670239036063, 15.906967300039385 ], [ -89.981561953138311, 15.907676795005576 ], [ -89.981748207328977, 15.90885635067931 ], [ -89.98175249501098, 15.908870135374624 ], [ -89.982229271586917, 15.91040293806414 ], [ -89.98293481920814, 15.912064538500724 ], [ -89.983630272778782, 15.913050700901627 ], [ -89.984279317875846, 15.913681872999074 ], [ -89.985011964897936, 15.914004155896038 ], [ -89.986230229961663, 15.914098639175107 ], [ -89.987662221169003, 15.913884535976347 ], [ -89.989543867611474, 15.913625695934483 ], [ -89.990869468648953, 15.913376976756062 ], [ -89.991603104381554, 15.913310019195057 ], [ -89.992288672210904, 15.913540585499083 ], [ -89.992914029059662, 15.914194572022383 ], [ -89.993517220448325, 15.915258086249008 ], [ -89.994137599975161, 15.916899091778189 ], [ -89.994678959046823, 15.918033678622434 ], [ -89.995315796093394, 15.91883650504303 ], [ -89.996048137806866, 15.919296122609204 ], [ -89.996472577957391, 15.91988094412098 ], [ -89.996825695695904, 15.920602970601212 ], [ -89.996681335163132, 15.921564238063697 ], [ -89.99623003403191, 15.922261492813503 ], [ -89.99609696091845, 15.922349442488368 ], [ -89.995436070568942, 15.922786230739323 ], [ -89.994014936001122, 15.923366734460332 ], [ -89.992617972245469, 15.923741227558272 ], [ -89.991954620748245, 15.924071649070783 ], [ -89.99112451302193, 15.924848133872255 ], [ -89.990838297573376, 15.925495903529232 ], [ -89.990755654473702, 15.925682942489139 ], [ -89.99085895803816, 15.92694242803818 ], [ -89.99122407086054, 15.927595805403779 ], [ -89.991897855279063, 15.927826346146952 ], [ -89.993329422576608, 15.927818264858894 ], [ -89.99429924107865, 15.927946464231914 ], [ -89.994984432103763, 15.928348737039572 ], [ -89.995396770385184, 15.929048008844489 ], [ -89.995417229495814, 15.930330194165089 ], [ -89.995107905255523, 15.931016329747475 ], [ -89.994649581275297, 15.931165462188773 ], [ -89.994409297926978, 15.931243646667092 ], [ -89.993179495555353, 15.930988912608388 ], [ -89.991761148384299, 15.930436088624029 ], [ -89.990749824717597, 15.930342122570231 ], [ -89.989223389002561, 15.93043009519085 ], [ -89.988121651442711, 15.930999866114623 ], [ -89.987338359673942, 15.931959608040401 ], [ -89.986886479011503, 15.932862897236411 ], [ -89.986860489551944, 15.933778646548562 ], [ -89.987130543641143, 15.934592071181902 ], [ -89.987342866014757, 15.934847703134043 ], [ -89.987873649852034, 15.93548675272692 ], [ -89.990447421448224, 15.937656453023452 ], [ -89.991675501903146, 15.938609505560331 ], [ -89.992075959204655, 15.939331650581343 ], [ -89.992179995380042, 15.94030494505666 ], [ -89.991786496348453, 15.941517467639633 ], [ -89.991465396408202, 15.942169225837317 ], [ -89.991403102021636, 15.942228050889218 ], [ -89.990848673304299, 15.942751599683065 ], [ -89.9899121407895, 15.943470586771729 ], [ -89.989307154178448, 15.944087326575904 ], [ -89.988938018636929, 15.945013709849855 ], [ -89.988851599409685, 15.946433010966402 ], [ -89.988916646417948, 15.948779928810758 ], [ -89.988926875533139, 15.949021176379457 ], [ -89.989028298108863, 15.951413147276019 ], [ -89.98913093209454, 15.952935924462043 ], [ -89.989152799006106, 15.953645728852356 ], [ -89.988949037216727, 15.954675531479902 ], [ -89.988801741486, 15.955647776955097 ], [ -89.98874446048336, 15.956025865141935 ], [ -89.98870695990135, 15.956815661764642 ], [ -89.988788875114111, 15.957008126239302 ], [ -89.989106889367392, 15.957755315247944 ], [ -89.989578833055191, 15.958294472080867 ], [ -89.990323597243489, 15.958570978445376 ], [ -89.991104612994064, 15.958549929840791 ], [ -89.99212288819615, 15.958289037916243 ], [ -89.993401796034988, 15.95790283037203 ], [ -89.994447427422756, 15.957246585890401 ], [ -89.994492123165514, 15.957218534363845 ], [ -89.995050033998339, 15.956510090015289 ], [ -89.995295418491892, 15.955858150263744 ], [ -89.995332090809129, 15.955388883403399 ], [ -89.995191246909144, 15.954930648270079 ], [ -89.994613118882782, 15.954265330403983 ], [ -89.994247518709784, 15.953783672090955 ], [ -89.994013369023193, 15.952787178600266 ], [ -89.993827125296434, 15.951561844754822 ], [ -89.993782008361805, 15.950680271182865 ], [ -89.993875324995287, 15.949943047108466 ], [ -89.993963081675304, 15.949249742408586 ], [ -89.994250439876083, 15.947899596103071 ], [ -89.994620359884038, 15.946652671474958 ], [ -89.99579813595642, 15.944091158409238 ], [ -89.996512160087633, 15.942444366611802 ], [ -89.997118489319689, 15.941278121895373 ], [ -89.9973686938486, 15.940580398854754 ], [ -89.997597569672621, 15.938943918516573 ], [ -89.997624309504459, 15.937707634590417 ], [ -89.997706700348402, 15.936929386215526 ], [ -89.99809870306521, 15.936300677975476 ], [ -89.998464490017966, 15.936078846406259 ], [ -89.998963702361095, 15.935776097161805 ], [ -89.999816412152114, 15.935434646740331 ], [ -90.000619981778357, 15.935825729183025 ], [ -90.001457805046471, 15.936720584831221 ], [ -90.002236986327574, 15.93740924415293 ], [ -90.002850869982538, 15.937960147839927 ], [ -90.003605609529657, 15.938969280477382 ], [ -90.004232981309002, 15.940400530593736 ], [ -90.004290147073121, 15.941278163141504 ], [ -90.003765302913521, 15.942664351516113 ], [ -90.003676492879436, 15.9428989093861 ], [ -90.002872395956516, 15.944482347067865 ], [ -90.002050962306186, 15.945365264204876 ], [ -90.001379405272715, 15.945819523818201 ], [ -90.001344838648592, 15.945842905517406 ], [ -90.000446726216964, 15.946909974677672 ], [ -90.000102090338629, 15.947591218702714 ], [ -90.000195298398708, 15.948420946653568 ], [ -90.001126874839628, 15.949234183250768 ], [ -90.002498674814035, 15.949237354388561 ], [ -90.004023622502956, 15.948945931662928 ], [ -90.005644959035251, 15.948193878953679 ], [ -90.007380959577688, 15.947294606878607 ], [ -90.008640586814479, 15.946412668541155 ], [ -90.009671125793119, 15.945714537712965 ], [ -90.0104911869023, 15.94538459635578 ], [ -90.011271890462623, 15.945570704100286 ], [ -90.011784522773524, 15.946309210831805 ], [ -90.012313404183601, 15.948209071506094 ], [ -90.012859878884854, 15.9507172800741 ], [ -90.013066123738341, 15.952100267705465 ], [ -90.013388158162158, 15.952875207192022 ], [ -90.013882029511791, 15.953503065029222 ], [ -90.015391586255618, 15.955098465794345 ], [ -90.016446301748914, 15.956808453509257 ], [ -90.01718559337138, 15.958395402970904 ], [ -90.017676931808751, 15.960092396532129 ], [ -90.018246476738071, 15.960960051198416 ], [ -90.019463819129172, 15.961847584452611 ], [ -90.020586033335618, 15.962679598411883 ], [ -90.021308513091199, 15.963344815897088 ], [ -90.021745227907047, 15.963990962922853 ], [ -90.021879382873053, 15.964427214274275 ], [ -90.021915404076907, 15.964544349375238 ], [ -90.021913829740967, 15.965207956112597 ], [ -90.021569801205828, 15.965649598747483 ], [ -90.020540996085032, 15.96559200942146 ], [ -90.018750061036258, 15.965514279492817 ], [ -90.017283405047053, 15.965289793098783 ], [ -90.01623647853674, 15.96484503696337 ], [ -90.015134167997758, 15.963662806997952 ], [ -90.014128740363418, 15.961817180445626 ], [ -90.013085534804091, 15.959842428713868 ], [ -90.012211691079344, 15.958752868778316 ], [ -90.010918722237946, 15.957643920618759 ], [ -90.009948825764724, 15.95688593859794 ], [ -90.009129883320469, 15.956736605231495 ], [ -90.007605197787925, 15.956899027970122 ], [ -90.006537253452422, 15.957283689748488 ], [ -90.005353943487265, 15.958092053816221 ], [ -90.004646604236314, 15.959048974917021 ], [ -90.004612753621075, 15.959132471959274 ], [ -90.003937307616354, 15.960798533003908 ], [ -90.004105391232727, 15.962181438712692 ], [ -90.003930184779037, 15.963692588659896 ], [ -90.004174940828605, 15.96489133487845 ], [ -90.004990696972072, 15.966349464357405 ], [ -90.005768762561232, 15.967641602157679 ], [ -90.006185612847318, 15.968601104625112 ], [ -90.006392774828811, 15.969596992733585 ], [ -90.006636603636494, 15.971182838945122 ], [ -90.006767189177523, 15.972326019597386 ], [ -90.007202747546756, 15.97343303147964 ], [ -90.008342947464072, 15.974707555588898 ], [ -90.009426669364416, 15.975705441581672 ], [ -90.010966343789917, 15.977275799736356 ], [ -90.0119548594501, 15.978255023462495 ], [ -90.012715163125492, 15.979049390334296 ], [ -90.012846902187391, 15.979731730824442 ], [ -90.012539734778329, 15.980671147141978 ], [ -90.012059296388756, 15.981458705628155 ], [ -90.012023173262605, 15.981517920149384 ], [ -90.011392450686387, 15.982290698208503 ], [ -90.010170404023683, 15.983301764767647 ], [ -90.008719806750605, 15.984257001403845 ], [ -90.007594459126466, 15.98467839974686 ], [ -90.006336844066055, 15.984638649830304 ], [ -90.004793705260056, 15.984469200569478 ], [ -90.003918002962678, 15.984540827559195 ], [ -90.003916942153708, 15.984540914324759 ], [ -90.003344030291231, 15.985037297759348 ], [ -90.003304749277461, 15.985173099470549 ], [ -90.002805857833252, 15.986897841594178 ], [ -90.002442465537854, 15.987431573644409 ], [ -90.000898623684463, 15.987538597329449 ], [ -90.000611409128965, 15.987593469244995 ], [ -89.999945345800484, 15.987720718055884 ], [ -89.999105762443321, 15.988161168706906 ], [ -89.998607262987193, 15.989376619448375 ], [ -89.998484903165235, 15.989827379362145 ], [ -89.998357229561933, 15.990297712275511 ], [ -89.997918098530121, 15.990628490631787 ], [ -89.997493762752114, 15.990578786751547 ], [ -89.996794077198217, 15.990496828347329 ], [ -89.995480323101503, 15.990032911890999 ], [ -89.994586329196437, 15.989367205974768 ], [ -89.993521157690481, 15.988572058773597 ], [ -89.992912744254312, 15.988017619628886 ], [ -89.992304706249001, 15.987315711634789 ], [ -89.991657907971629, 15.986871779497877 ], [ -89.990743718461829, 15.98666684806153 ], [ -89.989523087595316, 15.987069491244133 ], [ -89.987996799914043, 15.987766335818074 ], [ -89.986756865784201, 15.988261084442039 ], [ -89.986374419761759, 15.988776309107386 ], [ -89.986709030112337, 15.989321318426697 ], [ -89.987190465272221, 15.990105468268345 ], [ -89.988005629986887, 15.991784858703738 ], [ -89.988326781628146, 15.992891632725327 ], [ -89.988306641233734, 15.994478139247452 ], [ -89.988517203129263, 15.995015551854225 ], [ -89.988006499544667, 15.995148864210176 ], [ -89.986978040200057, 15.995409845821342 ], [ -89.986158413716893, 15.995595870360384 ], [ -89.985627086653608, 15.995699026534373 ], [ -89.985064321656793, 15.995758849266013 ], [ -89.984102257994508, 15.995677618109779 ], [ -89.98342500243271, 15.995279827096159 ], [ -89.983342799570934, 15.993099125453623 ], [ -89.983264392748907, 15.992375644790361 ], [ -89.983000515034121, 15.99168680948622 ], [ -89.982651190767015, 15.991132218944255 ], [ -89.981912325851624, 15.990992036878822 ], [ -89.981108813887346, 15.991388211154494 ], [ -89.980636645313879, 15.991826287508022 ], [ -89.979953446082035, 15.993106801837953 ], [ -89.979726155465258, 15.993788733052014 ], [ -89.979601962519851, 15.994404393737216 ], [ -89.97959770968869, 15.995114292859867 ], [ -89.979727435759173, 15.995838492183015 ], [ -89.980262627933968, 15.996759147184424 ], [ -89.980800877137412, 15.997476674968533 ], [ -89.981411625137156, 15.99802930170663 ], [ -89.981769795392026, 15.99842261488028 ], [ -89.982076429327606, 15.998828744927378 ], [ -89.982311479378652, 15.999300465442756 ], [ -89.982353625525761, 15.999912820926356 ], [ -89.982293492031232, 16.000497778874749 ], [ -89.982081919084848, 16.001997121911963 ], [ -89.981826581877996, 16.002758800973069 ], [ -89.981712285160668, 16.003375727469567 ], [ -89.98161936062445, 16.004162262711784 ], [ -89.981609726109582, 16.004803236351524 ], [ -89.981599582259875, 16.005478063991546 ], [ -89.981754044520557, 16.006032175170624 ], [ -89.982050134357976, 16.006441547590455 ], [ -89.982884130683928, 16.006700461603305 ], [ -89.983686254022174, 16.006711736164924 ], [ -89.984467831968217, 16.006575986074228 ], [ -89.985086219239889, 16.00642778320552 ], [ -89.985621333435304, 16.006424011532161 ], [ -89.986144779809052, 16.006420074672775 ], [ -89.987039230387978, 16.006500355658961 ], [ -89.987681156576713, 16.007116616905876 ], [ -89.987737158122528, 16.00805085361802 ], [ -89.98713814491218, 16.009201636601176 ], [ -89.986275073760069, 16.010139897621858 ], [ -89.985797295708451, 16.010987625468722 ], [ -89.985377420716858, 16.011826005295028 ], [ -89.98481779302459, 16.012683867446984 ], [ -89.984141878485389, 16.013552506244771 ], [ -89.983787264244427, 16.013930154495053 ], [ -89.983341174225686, 16.014182358627693 ], [ -89.982545274520774, 16.014531225333961 ], [ -89.981567085279565, 16.014585186757554 ], [ -89.980997287682584, 16.014565881041783 ], [ -89.980418274090795, 16.014422287357835 ], [ -89.979840700760562, 16.014144396039502 ], [ -89.979414731430452, 16.013834774463223 ], [ -89.979090411798126, 16.01297464594413 ], [ -89.979077819217594, 16.012299500026344 ], [ -89.979058052049425, 16.011286769947894 ], [ -89.978959142313542, 16.010104745677456 ], [ -89.978948923680576, 16.009271612978694 ], [ -89.978752519994046, 16.008403128479191 ], [ -89.978205416037724, 16.007652734877421 ], [ -89.977650686100318, 16.007409023796793 ], [ -89.976805293397462, 16.007171374622644 ], [ -89.97601452263325, 16.007103797289478 ], [ -89.975200055409871, 16.007137468614459 ], [ -89.97270855117435, 16.007294219325466 ], [ -89.971944422390948, 16.007046410398381 ], [ -89.970601130860231, 16.006667397037909 ], [ -89.969673897080099, 16.006440984472171 ], [ -89.968782007930173, 16.006192489496875 ], [ -89.967692723175261, 16.005917501271387 ], [ -89.966592268926718, 16.005609619752914 ], [ -89.965805732941149, 16.00534002938134 ], [ -89.96496154801828, 16.005024475208163 ], [ -89.964371846541653, 16.004780236417002 ], [ -89.963623149504173, 16.004285436759265 ], [ -89.963118022095514, 16.003850514866642 ], [ -89.962613906393258, 16.003349013083763 ], [ -89.961872694111932, 16.002359945872204 ], [ -89.961603401982885, 16.001725192696334 ], [ -89.960970980839804, 16.001027737728702 ], [ -89.960600037728497, 16.000401704699822 ], [ -89.960711318858941, 15.999486779069395 ], [ -89.961040301861857, 15.998836793019477 ], [ -89.963343307589426, 15.996783545238525 ], [ -89.964246642412604, 15.996116841479029 ], [ -89.964752978050612, 15.995543846110564 ], [ -89.964889674418586, 15.994953212067324 ], [ -89.965049462924156, 15.993683427507467 ], [ -89.965211783313762, 15.993057035623631 ], [ -89.965450742357277, 15.992455427308753 ], [ -89.965742133853581, 15.991742819436283 ], [ -89.966034090038519, 15.991031349230873 ], [ -89.966415831857475, 15.99024664903269 ], [ -89.9665924918678, 15.989520002879322 ], [ -89.966592535944926, 15.988705082499671 ], [ -89.966362722596458, 15.987850797258515 ], [ -89.965629414792616, 15.987383318283383 ], [ -89.964814111095222, 15.987284891651868 ], [ -89.964019970207588, 15.987446361934509 ], [ -89.963428314046411, 15.987759680224846 ], [ -89.960636030874937, 15.990115287926985 ], [ -89.959742544712, 15.990942394934281 ], [ -89.959290715434818, 15.991306210479779 ], [ -89.958520361609217, 15.991591020540643 ], [ -89.957613734719359, 15.991627844034809 ], [ -89.957113814686352, 15.991738146655138 ], [ -89.956651763742897, 15.991929121399652 ], [ -89.955831202701219, 15.992177092773453 ], [ -89.955166648375652, 15.992217336050027 ], [ -89.954491914735598, 15.992120860422547 ], [ -89.953961467452416, 15.991743129348967 ], [ -89.953842891217988, 15.991136471138477 ], [ -89.954193701435372, 15.990239623034229 ], [ -89.954541031620579, 15.989726477755568 ], [ -89.95523701724224, 15.989266808094275 ], [ -89.955987687151762, 15.988971570627717 ], [ -89.956840367954129, 15.988759042488484 ], [ -89.957519021425796, 15.988595965129345 ], [ -89.958239350552816, 15.988223536333281 ], [ -89.958821750284983, 15.987712581725896 ], [ -89.959238641915974, 15.98715075024268 ], [ -89.961682536941865, 15.983370329426101 ], [ -89.961971296312171, 15.98283150971605 ], [ -89.962291328977031, 15.981921788926261 ], [ -89.962350834822715, 15.981342478001784 ], [ -89.962322245481658, 15.980724677028668 ], [ -89.962074406316717, 15.980215516783346 ], [ -89.961467745131756, 15.979824313799325 ], [ -89.960795654173637, 15.979555211402641 ], [ -89.959880546743946, 15.979307501699626 ], [ -89.959065806694227, 15.979135702776791 ], [ -89.957920542144905, 15.978946807800344 ], [ -89.956937734743079, 15.978932896518048 ], [ -89.952515684495992, 15.979352198686346 ], [ -89.951696286985268, 15.979488437319166 ], [ -89.951095574853596, 15.979553283196175 ], [ -89.950138058243382, 15.979564530323602 ], [ -89.949617127530132, 15.979446525416726 ], [ -89.94866729884626, 15.978951095092562 ], [ -89.948112532861458, 15.97848722991692 ], [ -89.947686274190772, 15.977974400315111 ], [ -89.947362292817829, 15.97748785144217 ], [ -89.94692712806517, 15.976716422597795 ], [ -89.946768948838923, 15.976183695938946 ], [ -89.946804178815015, 15.972208971249772 ], [ -89.946805026822403, 15.97130716238866 ], [ -89.946944551615971, 15.97053148089169 ], [ -89.947376877617941, 15.969797199857725 ], [ -89.947979340947057, 15.96876848949198 ], [ -89.947939993281594, 15.967977852302006 ], [ -89.947285842109864, 15.96737600756467 ], [ -89.946483282559683, 15.967290121830258 ], [ -89.945751679702298, 15.967564163119178 ], [ -89.942816622268097, 15.97088029109506 ], [ -89.942479532642466, 15.971258120695271 ], [ -89.941717192180917, 15.97186466981635 ], [ -89.941266674528876, 15.972105442839839 ], [ -89.940329799923049, 15.972449904441222 ], [ -89.939817594537544, 15.972565640643683 ], [ -89.939101423899757, 15.972667187044429 ], [ -89.938147898584518, 15.972418846716932 ], [ -89.937454900985159, 15.971841254820188 ], [ -89.937042818559959, 15.971242829267348 ], [ -89.936832433443371, 15.970807550125368 ], [ -89.936725420023876, 15.970287965170836 ], [ -89.936674059774703, 15.969484744007351 ], [ -89.937244857879563, 15.968048169849235 ], [ -89.937456695544697, 15.967544410419448 ], [ -89.937699225655791, 15.96667201043835 ], [ -89.937687296574509, 15.965807274918401 ], [ -89.937451629273596, 15.965346805936528 ], [ -89.936600389732277, 15.965087505155331 ], [ -89.933857695051515, 15.965037142350338 ], [ -89.933115908185982, 15.965137177056151 ], [ -89.932122288879995, 15.965838587303274 ], [ -89.931598799812605, 15.966695682073533 ], [ -89.931420935794279, 15.96749563107389 ], [ -89.931382664324872, 15.968322399891361 ], [ -89.931367989522229, 15.969284947426502 ], [ -89.931553865292742, 15.970485117603721 ], [ -89.931652572062589, 15.971548604335052 ], [ -89.931564881545796, 15.972287761914863 ], [ -89.931493377648138, 15.972768683947681 ], [ -89.931229469053676, 15.973357468690249 ], [ -89.930698022958921, 15.97389277439871 ], [ -89.930133540073925, 15.974069816922411 ], [ -89.929560563169673, 15.974000685993754 ], [ -89.928661185951029, 15.973530730081322 ], [ -89.928169333162444, 15.973153501506539 ], [ -89.927618443877321, 15.972478588662698 ], [ -89.925398206638775, 15.969574401243968 ], [ -89.924769076455675, 15.968523647284576 ], [ -89.924558891833712, 15.968077078610694 ], [ -89.924258926649884, 15.967665339395971 ], [ -89.923631458301813, 15.966964494723358 ], [ -89.923176403353594, 15.966662277248789 ], [ -89.922301818029979, 15.966290849343361 ], [ -89.921321365902784, 15.96612896450573 ], [ -89.920556570716556, 15.96609318614329 ], [ -89.919481170114565, 15.966189525964044 ], [ -89.918942234657763, 15.966489929907995 ], [ -89.918541152149103, 15.96685438629159 ], [ -89.918126094734916, 15.9672931310821 ], [ -89.917797435881994, 15.967918212527032 ], [ -89.91748065510383, 15.968605540013026 ], [ -89.91701314684434, 15.969116891410327 ], [ -89.916513017495376, 15.96928240788634 ], [ -89.915836875993449, 15.969285127881976 ], [ -89.915291665433458, 15.969042547983424 ], [ -89.914914178126025, 15.96870417847094 ], [ -89.914566128505356, 15.968081811640221 ], [ -89.914386752805115, 15.967301593527147 ], [ -89.914333596024804, 15.966621380570208 ], [ -89.914368705094205, 15.965967264418113 ], [ -89.914561170653442, 15.965094188222388 ], [ -89.914836137518577, 15.962110580847014 ], [ -89.914807306872831, 15.961517621345882 ], [ -89.914546419491259, 15.961031946421333 ], [ -89.914259886156955, 15.960583144705803 ], [ -89.913629810008231, 15.960056056399232 ], [ -89.912931831192211, 15.959811283542802 ], [ -89.912166305684053, 15.959825129992486 ], [ -89.911652594366601, 15.960002856287295 ], [ -89.909925088745538, 15.96116314000813 ], [ -89.90937043522932, 15.961537785630556 ], [ -89.908932937869523, 15.961766260067851 ], [ -89.908073070326097, 15.962111685979526 ], [ -89.907534271931809, 15.962289040304782 ], [ -89.90695811086492, 15.962392494981804 ], [ -89.905877181923273, 15.962167023840848 ], [ -89.905197535762525, 15.961564709378392 ], [ -89.904624503823555, 15.960629846946661 ], [ -89.904471957149426, 15.959776652555327 ], [ -89.90443867394508, 15.958602380871261 ], [ -89.904499272372945, 15.957999426476462 ], [ -89.904688354493445, 15.957310285525434 ], [ -89.904941012534621, 15.956659304130648 ], [ -89.905260545184348, 15.955793710623396 ], [ -89.905294924305025, 15.95522649601387 ], [ -89.905254039969577, 15.954546462211194 ], [ -89.904801887670885, 15.954059155948158 ], [ -89.904190325175065, 15.95400070001695 ], [ -89.903349565534441, 15.953901699548711 ], [ -89.902712356813339, 15.953880116172179 ], [ -89.902023054666856, 15.953870196353707 ], [ -89.901360740307624, 15.953812132505426 ], [ -89.900452609893918, 15.953922078721209 ], [ -89.899653869079501, 15.954428623478183 ], [ -89.897564787241507, 15.956682888992285 ], [ -89.897210049207445, 15.957332388446583 ], [ -89.897108082243719, 15.95815821086868 ], [ -89.897716528288655, 15.959252735765459 ], [ -89.899248995146593, 15.961669801972887 ], [ -89.899508878706158, 15.962180307901535 ], [ -89.899717467951277, 15.962726189622732 ], [ -89.899817536334737, 15.963690364509517 ], [ -89.899857251335987, 15.964444870362966 ], [ -89.899673941475712, 15.965552812677242 ], [ -89.899449953337154, 15.966006684106704 ], [ -89.8990860115007, 15.966457409526189 ], [ -89.898669966014523, 15.966958168962499 ], [ -89.89821810434492, 15.967284603551541 ], [ -89.897319324254468, 15.967654248429437 ], [ -89.89678221297801, 15.967720990291491 ], [ -89.896246058562909, 15.967725668956717 ], [ -89.895532019190085, 15.967690533399242 ], [ -89.895022672831558, 15.967621105311133 ], [ -89.894462755988116, 15.96750241586817 ], [ -89.893893275126743, 15.967209775596006 ], [ -89.893173250838572, 15.966730991640238 ], [ -89.892368027692129, 15.965990260565812 ], [ -89.891637675330045, 15.965349929912412 ], [ -89.891010324519897, 15.964650138817852 ], [ -89.890297569532137, 15.963701943537945 ], [ -89.889836639130323, 15.962953767787392 ], [ -89.889696813157556, 15.962112041478528 ], [ -89.889598884980899, 15.961012467856751 ], [ -89.88953660595736, 15.960097374737849 ], [ -89.889460712552108, 15.95923287305976 ], [ -89.889393649240532, 15.958589709340577 ], [ -89.88926132184055, 15.958093457332172 ], [ -89.888989191397286, 15.957509404536353 ], [ -89.888664991590502, 15.957048749375708 ], [ -89.888188389987874, 15.956485444405544 ], [ -89.887749887908527, 15.955985890555793 ], [ -89.887424937140423, 15.955536510530832 ], [ -89.887579382496284, 15.954600850304907 ], [ -89.887752643214185, 15.954146259761652 ], [ -89.888437480777, 15.953576044655311 ], [ -89.890423921668841, 15.953024633620558 ], [ -89.891897813517886, 15.952613650726045 ], [ -89.892488470929067, 15.952362594108962 ], [ -89.893545493141588, 15.951674708688577 ], [ -89.894336752456994, 15.950858831931024 ], [ -89.89536497296784, 15.949540741831042 ], [ -89.896000953706036, 15.94884564047898 ], [ -89.896300549883236, 15.948442518351717 ], [ -89.896360416284452, 15.947888091323414 ], [ -89.89619013055659, 15.947317931646458 ], [ -89.895558740334252, 15.946806584338148 ], [ -89.894570049429632, 15.946658020084955 ], [ -89.894055843394, 15.94671832175092 ], [ -89.893530662561432, 15.946847309707511 ], [ -89.892672923789561, 15.947020032301378 ], [ -89.891805603785429, 15.947019929620385 ], [ -89.89099148614099, 15.94686032349863 ], [ -89.889962743537893, 15.946548638666009 ], [ -89.888820831458446, 15.946124704397768 ], [ -89.886465011507966, 15.94499249625712 ], [ -89.885251645215263, 15.944249240902233 ], [ -89.884271582898933, 15.943544344516178 ], [ -89.883650075039185, 15.943000381133484 ], [ -89.883428138324803, 15.942491543004609 ], [ -89.883436719588445, 15.941936382783073 ], [ -89.883915343000467, 15.941535872914709 ], [ -89.885253011378381, 15.940838540157507 ], [ -89.885839032295223, 15.940545668492529 ], [ -89.886333739357624, 15.940274046762426 ], [ -89.886774433321122, 15.939798492741554 ], [ -89.887055051636167, 15.939000088988374 ], [ -89.886973446914439, 15.938505698896623 ], [ -89.886328790711872, 15.938101359405492 ], [ -89.885233299360166, 15.937998620662132 ], [ -89.884350885678927, 15.938110008769243 ], [ -89.883441323618314, 15.938355309540256 ], [ -89.881981306128807, 15.938705500303708 ], [ -89.881214164115704, 15.938792587512065 ], [ -89.880613188956474, 15.938883203648256 ], [ -89.879757214998591, 15.938944169152913 ], [ -89.87924793711494, 15.938875845169914 ], [ -89.878576704893916, 15.938569293882182 ], [ -89.878049038265843, 15.938031193075167 ], [ -89.87770039802183, 15.937457313197228 ], [ -89.877380455902127, 15.936687470465399 ], [ -89.877174066311369, 15.936042292617627 ], [ -89.876827510207164, 15.93533413632154 ], [ -89.876273061218527, 15.93486900668297 ], [ -89.874309535450436, 15.933162273231492 ], [ -89.87372715438309, 15.932844582423991 ], [ -89.87289494183527, 15.933030015878192 ], [ -89.872336305647821, 15.933701337359782 ], [ -89.872023867287666, 15.9341042333189 ], [ -89.871582977698537, 15.934553795326828 ], [ -89.870610214286629, 15.934738305706874 ], [ -89.870167784432908, 15.934459885003562 ], [ -89.869857059839305, 15.933924920268518 ], [ -89.868062160958033, 15.926280683672502 ], [ -89.867806790853962, 15.925486943403172 ], [ -89.867627219149014, 15.924694302016679 ], [ -89.867600614285436, 15.923965959834403 ], [ -89.868046472688178, 15.923194819240429 ], [ -89.868540374834353, 15.922597055169817 ], [ -89.869226480638034, 15.921940005804778 ], [ -89.871084919659751, 15.920596837007881 ], [ -89.871579767813358, 15.919937002490258 ], [ -89.871566542945189, 15.919134360564119 ], [ -89.8705536465786, 15.917811595616183 ], [ -89.870053626586582, 15.91714974142403 ], [ -89.869406583856815, 15.916078322066234 ], [ -89.86915044385384, 15.915334230114469 ], [ -89.868983894013382, 15.914566611125995 ], [ -89.868918236029032, 15.913873815522237 ], [ -89.868748237450575, 15.913291237106819 ], [ -89.868371505367065, 15.912915582934151 ], [ -89.867723137708367, 15.912758322119 ], [ -89.866918588996128, 15.912819998335516 ], [ -89.866032263737793, 15.913190855002039 ], [ -89.865299677903323, 15.913537981404181 ], [ -89.864483824031709, 15.913501295206338 ], [ -89.864406110290886, 15.91275979655285 ], [ -89.8642005366913, 15.91202772405199 ], [ -89.863646570621455, 15.911574998280472 ], [ -89.863351976107737, 15.910830344652808 ], [ -89.863704381835731, 15.91029260572674 ], [ -89.864108675396679, 15.909755617601187 ], [ -89.863914584349942, 15.909110616125286 ], [ -89.863303954570299, 15.908965179843591 ], [ -89.861683569797023, 15.908991276265755 ], [ -89.861058579840034, 15.908982185612452 ], [ -89.860413687855655, 15.90860262013298 ], [ -89.860095965697354, 15.90773348246454 ], [ -89.859602091159019, 15.907467843497519 ], [ -89.858990126351273, 15.90744652237221 ], [ -89.858084135406557, 15.907470578053948 ], [ -89.857654027709813, 15.90722956511922 ], [ -89.857445027641006, 15.906719776608131 ], [ -89.857530037981832, 15.906202984871811 ], [ -89.857629991573887, 15.905512603667312 ], [ -89.856828910816205, 15.90531584737767 ], [ -89.8559577583882, 15.905575150743489 ], [ -89.855124887495194, 15.905810180919028 ], [ -89.854447079013198, 15.905898493063159 ], [ -89.853719689101624, 15.90591271968089 ], [ -89.852753239495911, 15.905738367196557 ], [ -89.851808694468176, 15.905767477520365 ], [ -89.851181224126847, 15.905918584601364 ], [ -89.850734391759573, 15.906751743630792 ], [ -89.850719973083017, 15.907676986976965 ], [ -89.850632626743945, 15.90837995948438 ], [ -89.850319619586386, 15.908820059636348 ], [ -89.849739007600888, 15.909219008268126 ], [ -89.849388873795021, 15.909608905683891 ], [ -89.848646731347074, 15.909745916332762 ], [ -89.848020972432536, 15.909786434937214 ], [ -89.847546429550519, 15.909927348063194 ], [ -89.847071886575577, 15.91010550403432 ], [ -89.846253174672242, 15.910253799209215 ], [ -89.845666085054361, 15.910245217201318 ], [ -89.84480029626387, 15.910159200760992 ], [ -89.844296259502727, 15.910582950915764 ], [ -89.843714275671999, 15.9110687627694 ], [ -89.842910887273604, 15.911057008517467 ], [ -89.842343183638079, 15.910628864342231 ], [ -89.841511837256547, 15.910764543384071 ], [ -89.840856754663051, 15.911076599642206 ], [ -89.840558210124101, 15.910590319288996 ], [ -89.840593338065389, 15.907560566452547 ], [ -89.839673861157038, 15.90758998871957 ], [ -89.839223226319035, 15.907842964811254 ], [ -89.838503459145741, 15.908190183268321 ], [ -89.837676749739899, 15.9080302251656 ], [ -89.837246670739617, 15.907789175642234 ], [ -89.836621310664299, 15.907804838385301 ], [ -89.836152829492264, 15.908378063545115 ], [ -89.835545398356714, 15.908887179173359 ], [ -89.834701796993144, 15.908986534497634 ], [ -89.834281976523911, 15.908128293831297 ], [ -89.833942835626431, 15.907777971901586 ], [ -89.833100795491319, 15.907778030665142 ], [ -89.832512376674956, 15.907892409366246 ], [ -89.831785189361881, 15.907894148715437 ], [ -89.831174017498697, 15.907823102226267 ], [ -89.830499869486204, 15.90767777243506 ], [ -89.829623428251566, 15.907454981837468 ], [ -89.828781587505659, 15.907442612338411 ], [ -89.828035184743825, 15.907851473919328 ], [ -89.827331331609571, 15.908001384489319 ], [ -89.826772621990003, 15.9078204971673 ], [ -89.826003826565554, 15.907204273359524 ], [ -89.824341360373666, 15.905867280590302 ], [ -89.824166266979404, 15.908066556719119 ], [ -89.824049137887229, 15.9098423407914 ], [ -89.823964234672957, 15.910383935088815 ], [ -89.823557521774376, 15.911105880136517 ], [ -89.823054974731448, 15.911395296532687 ], [ -89.822391713529711, 15.911410357684339 ], [ -89.82179491436915, 15.911204064410738 ], [ -89.821301310712627, 15.910962049269228 ], [ -89.820795663579872, 15.910670200524214 ], [ -89.819949142180349, 15.910139709457583 ], [ -89.819162103776151, 15.909905779616789 ], [ -89.81854957180667, 15.909921577520665 ], [ -89.8179294675123, 15.910418033844469 ], [ -89.817326259075841, 15.910656291313286 ], [ -89.816827600343316, 15.910698592353448 ], [ -89.81616610495729, 15.91060193386687 ], [ -89.815463215083483, 15.909876047396981 ], [ -89.814302287613131, 15.909871324236404 ], [ -89.813612227724633, 15.909959318965177 ], [ -89.812986872369919, 15.909974911527733 ], [ -89.812249196322853, 15.909828587095706 ], [ -89.811513869659606, 15.909533323375307 ], [ -89.810793119060975, 15.909127674572826 ], [ -89.810080316844235, 15.909031365871327 ], [ -89.808993237840326, 15.909187964275407 ], [ -89.808290750171523, 15.909250929577931 ], [ -89.807728748381706, 15.909279858511024 ], [ -89.80701825250091, 15.909849424999196 ], [ -89.806273950649867, 15.910122806667646 ], [ -89.805748329782162, 15.909510118687207 ], [ -89.805450844222037, 15.908962876389388 ], [ -89.804411417969817, 15.908540076209045 ], [ -89.803863226830146, 15.908507128664461 ], [ -89.803096594660659, 15.90857025729782 ], [ -89.802502905234945, 15.909017397950292 ], [ -89.802088373054687, 15.909418662951222 ], [ -89.801636523027469, 15.909746018784773 ], [ -89.800944518743123, 15.909956954771534 ], [ -89.800106982219972, 15.909673683751105 ], [ -89.799066779887923, 15.90930050418201 ], [ -89.79814782038757, 15.909335395932816 ], [ -89.797533923169325, 15.909438012767046 ], [ -89.796512350167887, 15.909508616788225 ], [ -89.795671299996101, 15.909447601883977 ], [ -89.794869333835663, 15.909348791650586 ], [ -89.794097423146667, 15.909744729482842 ], [ -89.793693844084046, 15.911071547770058 ], [ -89.79315580409606, 15.913594882913827 ], [ -89.792878893959852, 15.914985650690202 ], [ -89.792504282515111, 15.916065739768575 ], [ -89.792176352342906, 15.916629650814599 ], [ -89.791838364706209, 15.917055728483666 ], [ -89.791129964103348, 15.917452594194838 ], [ -89.790491957287429, 15.917492756952681 ], [ -89.789703573954071, 15.917308356425684 ], [ -89.789053936737375, 15.917236615228724 ], [ -89.788476732296232, 15.917450343802795 ], [ -89.787831468801528, 15.917910207707372 ], [ -89.787004799148121, 15.917750055251487 ], [ -89.786285132420701, 15.918084664910563 ], [ -89.786309855914098, 15.918949494690709 ], [ -89.786301811027514, 15.919454961780358 ], [ -89.786069812906533, 15.920401735707854 ], [ -89.785553003077325, 15.920813848601069 ], [ -89.783469328377734, 15.921881971553288 ], [ -89.782875174905399, 15.922316622679746 ], [ -89.782321625923359, 15.922654821551182 ], [ -89.781564448312437, 15.92292678366165 ], [ -89.781039709246585, 15.923030675732431 ], [ -89.780312102458268, 15.923057050766166 ], [ -89.779699566887743, 15.923071602621745 ], [ -89.778884725531327, 15.922973662898521 ], [ -89.778221264087449, 15.922963749707176 ], [ -89.777443334227044, 15.922964537513103 ], [ -89.776790736366422, 15.923077791343248 ], [ -89.776099641407541, 15.923191597691902 ], [ -89.77543283355017, 15.923427643560725 ], [ -89.774764036894339, 15.923751684997887 ], [ -89.774325358035014, 15.924053209079908 ], [ -89.773578204795555, 15.924536324139261 ], [ -89.772845475855334, 15.924883101502317 ], [ -89.772334351380096, 15.924937516517316 ], [ -89.771519737429273, 15.92478876817791 ], [ -89.770940524452655, 15.924324168396613 ], [ -89.770676885548468, 15.923270691928716 ], [ -89.770572502728101, 15.922614584200513 ], [ -89.77030392074775, 15.921870247828634 ], [ -89.769775056947338, 15.921430100713588 ], [ -89.768745147474306, 15.921217177708771 ], [ -89.768236814612109, 15.921097834756862 ], [ -89.767669085215744, 15.920681928713504 ], [ -89.767088716328516, 15.920290659724573 ], [ -89.765921455829414, 15.920680551807926 ], [ -89.765213985957274, 15.921052507421058 ], [ -89.764417313076549, 15.921387010538083 ], [ -89.763803596757143, 15.921475980362423 ], [ -89.763177431644138, 15.921541064142673 ], [ -89.762131542295421, 15.921525360832177 ], [ -89.761380276737796, 15.921464422872704 ], [ -89.760342852247291, 15.921720810587846 ], [ -89.759618978078777, 15.922314816188264 ], [ -89.759303397769727, 15.9229025447158 ], [ -89.759037539326258, 15.923553086249511 ], [ -89.758979152016508, 15.924792445686542 ], [ -89.758919717124087, 15.92533436610848 ], [ -89.758512356028774, 15.926080960585951 ], [ -89.758122779676057, 15.926482494764985 ], [ -89.757615960708179, 15.927067340084577 ], [ -89.757200115409162, 15.927542959125168 ], [ -89.756937216431353, 15.928044577927873 ], [ -89.756888819107374, 15.928661144983057 ], [ -89.757171160319331, 15.929344757228003 ], [ -89.757340840595759, 15.929890125735852 ], [ -89.757353003094508, 15.930729920941271 ], [ -89.757165077486832, 15.931319561057974 ], [ -89.756509459511534, 15.931618906866715 ], [ -89.755975461574195, 15.931499145412902 ], [ -89.755288297149391, 15.931403034247152 ], [ -89.754520415604745, 15.931539305038351 ], [ -89.753965627514319, 15.931950753760928 ], [ -89.753457398683096, 15.932585218141966 ], [ -89.752890575648493, 15.932946829560347 ], [ -89.752006236927315, 15.933180644406722 ], [ -89.751196875634861, 15.933538592062925 ], [ -89.750208424032536, 15.93469620346786 ], [ -89.749682370277483, 15.935675708128047 ], [ -89.749297020961194, 15.936644922487314 ], [ -89.748967250854434, 15.938109256559425 ], [ -89.748806364113719, 15.938575157914361 ], [ -89.74826336878354, 15.93904883250819 ], [ -89.747596489999481, 15.939248665456573 ], [ -89.747168367713599, 15.939686830148363 ], [ -89.747116163311745, 15.940536931938379 ], [ -89.747300412252116, 15.941009171202035 ], [ -89.747548029532098, 15.941457540176605 ], [ -89.747653934402365, 15.942014361316772 ], [ -89.747268958334715, 15.942958746329397 ], [ -89.746443534409124, 15.94347780185754 ], [ -89.74598168798488, 15.943655897340353 ], [ -89.74518852447541, 15.9437296755986 ], [ -89.744648022130548, 15.943253180290281 ], [ -89.744261682330759, 15.942692117262318 ], [ -89.743662331633473, 15.942645814890708 ], [ -89.743174831833159, 15.942823518737068 ], [ -89.742694382170697, 15.943359058318846 ], [ -89.742323210243129, 15.944205458170218 ], [ -89.742239063837559, 15.944684925462166 ], [ -89.742178182011301, 15.945276464205802 ], [ -89.742205084222903, 15.945993466568915 ], [ -89.742524678512169, 15.94675101014874 ], [ -89.743063578052173, 15.947326795696052 ], [ -89.74444764310708, 15.948582306735856 ], [ -89.746349176747685, 15.950117599775499 ], [ -89.746738119959318, 15.950518452643349 ], [ -89.747008813176322, 15.95116353199186 ], [ -89.746921883258423, 15.951779507441525 ], [ -89.74660658893545, 15.952343506999263 ], [ -89.745124698084766, 15.954036420633354 ], [ -89.743380989387504, 15.956157574096164 ], [ -89.742631078354606, 15.956763510926523 ], [ -89.742024677190983, 15.957186544320772 ], [ -89.741699743560829, 15.957551770110973 ], [ -89.741335521505462, 15.95796605434534 ], [ -89.74084318148347, 15.958440464779585 ], [ -89.740300531370508, 15.958852043868589 ], [ -89.739733809110291, 15.959201191243523 ], [ -89.738883645233898, 15.959657759989319 ], [ -89.738329969386314, 15.959957444173343 ], [ -89.737687262150246, 15.960244493398736 ], [ -89.73694293302502, 15.960504044288843 ], [ -89.736364763161447, 15.960767238381608 ], [ -89.735784821606487, 15.961103759159212 ], [ -89.735243544310507, 15.961465689325134 ], [ -89.734521441025265, 15.961936594176972 ], [ -89.733676855643665, 15.962084016826889 ], [ -89.732925675086733, 15.961974432680289 ], [ -89.732138234772151, 15.962517686303151 ], [ -89.731947391860231, 15.963279901330496 ], [ -89.731628042451845, 15.964089814640952 ], [ -89.731338559913226, 15.964640631607873 ], [ -89.730791863164256, 15.965299256867869 ], [ -89.730263816388103, 15.965599304920994 ], [ -89.729730145708771, 15.965455773968253 ], [ -89.729353442929607, 15.965092317773122 ], [ -89.728617303604608, 15.964846398381148 ], [ -89.727684498194122, 15.964930385799446 ], [ -89.726913460652455, 15.965252684933583 ], [ -89.726036960061947, 15.965819382401438 ], [ -89.725470626379732, 15.966106423376566 ], [ -89.724649660520996, 15.966378296964077 ], [ -89.723868993389388, 15.96653906559361 ], [ -89.72294861258402, 15.966611934436367 ], [ -89.722130068237149, 15.966734879201502 ], [ -89.721630274622129, 15.966875090755867 ], [ -89.721056100461311, 15.966891164086551 ], [ -89.720318757514562, 15.966719678270126 ], [ -89.719608283906254, 15.96647412017337 ], [ -89.718996436236736, 15.966439960351508 ], [ -89.718422085181189, 15.966431197522482 ], [ -89.717924903775398, 15.966411197546595 ], [ -89.717377203453793, 15.966341900091793 ], [ -89.716792633644388, 15.966208846690327 ], [ -89.716170776763732, 15.966001868370064 ], [ -89.715732977999863, 15.965452390769483 ], [ -89.715732834691281, 15.964674874196861 ], [ -89.714795051108354, 15.964278000201654 ], [ -89.714179788477878, 15.96445367063502 ], [ -89.713648506757664, 15.964951108370911 ], [ -89.713293797955387, 15.965600199047273 ], [ -89.712910840451926, 15.966371861419907 ], [ -89.712583817564962, 15.966861131497 ], [ -89.712106860534604, 15.967174323523267 ], [ -89.711439133402052, 15.966633734234355 ], [ -89.711120635840061, 15.96585135260375 ], [ -89.710612739383592, 15.964917115957638 ], [ -89.710197797467245, 15.964540634145703 ], [ -89.709332375364866, 15.964391978528381 ], [ -89.708836018087965, 15.964322320718638 ], [ -89.707743504543018, 15.964008815300447 ], [ -89.707101226059237, 15.96351825837492 ], [ -89.706765113785721, 15.962994020258263 ], [ -89.706581725639182, 15.962510489865105 ], [ -89.70643725269376, 15.961965487057844 ], [ -89.706052631849204, 15.961305091326734 ], [ -89.705533656499128, 15.96105001156335 ], [ -89.704744816171981, 15.960927341958978 ], [ -89.703749307610181, 15.96092450431215 ], [ -89.703224047179475, 15.96108910926494 ], [ -89.702294814175872, 15.961704545626411 ], [ -89.701969404840625, 15.962094516304235 ], [ -89.701628515865991, 15.962681730857147 ], [ -89.701365457027165, 15.963146004582034 ], [ -89.70111197090668, 15.963809034230135 ], [ -89.700987165882083, 15.964449213179714 ], [ -89.700963429387855, 15.965114635755919 ], [ -89.701094459333419, 15.965660561599536 ], [ -89.701303287270918, 15.966156900508691 ], [ -89.701586873343231, 15.966753688404401 ], [ -89.701845776852807, 15.967326401644028 ], [ -89.701999856635865, 15.968031791044726 ], [ -89.701851118866571, 15.969313694284018 ], [ -89.699751513546218, 15.97208342994459 ], [ -89.699265829248532, 15.972926827788996 ], [ -89.698973803191777, 15.973626498662485 ], [ -89.698850841354783, 15.974117745193949 ], [ -89.698714420716271, 15.974647151864657 ], [ -89.698641986140885, 15.975151584671705 ], [ -89.698568093244219, 15.975780125650076 ], [ -89.698417841305414, 15.97637025683297 ], [ -89.697873227660622, 15.9769295009852 ], [ -89.69710900538567, 15.976831997700303 ], [ -89.696489388997549, 15.976488453467548 ], [ -89.695979369145235, 15.976468201273997 ], [ -89.695362838061229, 15.976718266882894 ], [ -89.694472807553154, 15.977284602680575 ], [ -89.693964653464462, 15.977931286368602 ], [ -89.693188002049965, 15.977844862766474 ], [ -89.692538857270137, 15.977736698052455 ], [ -89.691913758903851, 15.977727077754123 ], [ -89.69132389894483, 15.97791547572761 ], [ -89.690474361424478, 15.978359415742947 ], [ -89.689893289837499, 15.978757837269077 ], [ -89.689434411426689, 15.97952826536816 ], [ -89.689285150442046, 15.980056335315279 ], [ -89.688853160004527, 15.980716588990086 ], [ -89.688105179117187, 15.981049236994648 ], [ -89.687045908545528, 15.981689659597082 ], [ -89.686149377671981, 15.981833817661609 ], [ -89.685371256577966, 15.98137608352997 ], [ -89.684701445826875, 15.980894062177569 ], [ -89.683819188714082, 15.980172918174279 ], [ -89.68289846019546, 15.979698307934447 ], [ -89.681867000366793, 15.978794305369943 ], [ -89.680257952271887, 15.977300234223311 ], [ -89.679821651478136, 15.976701067898791 ], [ -89.679447919601699, 15.976127693427205 ], [ -89.679116517954071, 15.97535749467014 ], [ -89.678877621999774, 15.974354013285042 ], [ -89.678822632187206, 15.973834084084521 ], [ -89.678453365349483, 15.973026061738286 ], [ -89.677793268664246, 15.97280597387128 ], [ -89.676293007625532, 15.97323979932832 ], [ -89.674091257862131, 15.974440249943996 ], [ -89.67310096789555, 15.97493046019153 ], [ -89.672535155495467, 15.975181240860806 ], [ -89.67184428097741, 15.97530595805169 ], [ -89.671105133918161, 15.975245989252821 ], [ -89.670005516066595, 15.974624122519375 ], [ -89.669499604157465, 15.974356747134145 ], [ -89.668750719630637, 15.974110431223586 ], [ -89.667985533911519, 15.974073746763306 ], [ -89.666990987877995, 15.974045916342169 ], [ -89.666208881673299, 15.974256087538292 ], [ -89.665991712723979, 15.975042612810205 ], [ -89.666097363876446, 15.975600563471019 ], [ -89.666287965566369, 15.976417110750111 ], [ -89.666353061689506, 15.977134667680055 ], [ -89.666292960220744, 15.977664094324695 ], [ -89.665715688254565, 15.97860526758407 ], [ -89.665081963008902, 15.979151746176591 ], [ -89.66477942781097, 15.98044247615948 ], [ -89.664626178518233, 15.981242402395406 ], [ -89.664452412990229, 15.981696714620712 ], [ -89.664099204265597, 15.982209176454228 ], [ -89.663471006154097, 15.982421720869981 ], [ -89.662220403297226, 15.982427122939512 ], [ -89.661711212554394, 15.982357149203766 ], [ -89.660900833118561, 15.981949612587597 ], [ -89.660438109541673, 15.981399652801937 ], [ -89.660179477220609, 15.980852866959593 ], [ -89.659884456568875, 15.980144151014809 ], [ -89.659302148341979, 15.979876691864824 ], [ -89.658807835210624, 15.979683947575946 ], [ -89.658153922064471, 15.979092648886352 ], [ -89.657795506199776, 15.978408898931685 ], [ -89.657393076885512, 15.97805734477123 ], [ -89.656912011323541, 15.977839977977286 ], [ -89.656098998332268, 15.977592620735429 ], [ -89.655200229514676, 15.977171279956005 ], [ -89.654796794577067, 15.976880641676955 ], [ -89.653330155603797, 15.975290451192492 ], [ -89.653005121446057, 15.974915273355952 ], [ -89.652360349982317, 15.974547528710861 ], [ -89.651518587607399, 15.974522005572203 ], [ -89.650860882739551, 15.974931526002473 ], [ -89.650532901910267, 15.975469177434904 ], [ -89.650134991708185, 15.976388269232606 ], [ -89.649761082046012, 15.977407034046358 ], [ -89.649532032864997, 15.978132412864696 ], [ -89.649391799794671, 15.978882870766295 ], [ -89.649222619179383, 15.979830349783136 ], [ -89.648991514453257, 15.980678690190491 ], [ -89.648685055485814, 15.981463792086373 ], [ -89.648452722973133, 15.982385459331987 ], [ -89.648272660525521, 15.984789532670158 ], [ -89.648212282749839, 15.985332481218681 ], [ -89.647792796997791, 15.986004106064071 ], [ -89.647278867750586, 15.986218380841745 ], [ -89.646530053107412, 15.986737039765648 ], [ -89.646284024408985, 15.987709265471489 ], [ -89.646298575504687, 15.988375249223832 ], [ -89.646416395779596, 15.988969498166268 ], [ -89.646712444153835, 15.989578944720591 ], [ -89.647111350010022, 15.990141472271597 ], [ -89.64742414533498, 15.990516472454718 ], [ -89.64747370268806, 15.991356775871955 ], [ -89.646657946715763, 15.991306802363882 ], [ -89.646163835326803, 15.991101616822535 ], [ -89.645296349482521, 15.991075655474324 ], [ -89.644805594833088, 15.991438103074325 ], [ -89.644260018605493, 15.992009576841872 ], [ -89.643642174172371, 15.992332797621442 ], [ -89.643142071582389, 15.992486342709181 ], [ -89.642281230495271, 15.992830585179364 ], [ -89.641315244286844, 15.99335823553222 ], [ -89.64067898230401, 15.994015165950401 ], [ -89.640770712158499, 15.994633832136062 ], [ -89.641206867429375, 15.995270299016095 ], [ -89.64072294433636, 15.995990543480815 ], [ -89.639947794769924, 15.996545994868331 ], [ -89.639730750537979, 15.997316676459079 ], [ -89.639716803373375, 15.998150340810556 ], [ -89.639831658929026, 15.998920573554805 ], [ -89.640092301191302, 15.999344415203264 ], [ -89.640283191550751, 16.000137277362509 ], [ -89.64002073101247, 16.00058904065148 ], [ -89.639370745722971, 16.000530345631415 ], [ -89.638505305460924, 16.000380257729606 ], [ -89.637587452829507, 16.000329772419793 ], [ -89.636751206302634, 16.000735304297049 ], [ -89.636279882138624, 16.001850666530846 ], [ -89.636267825239727, 16.002570390607652 ], [ -89.636285244365396, 16.003550106372288 ], [ -89.636155623785442, 16.004358257459266 ], [ -89.63611609931877, 16.005324668052566 ], [ -89.636105551383096, 16.005954143254726 ], [ -89.63639481484536, 16.006723724349683 ], [ -89.636827819798441, 16.007269882613155 ], [ -89.637555366638026, 16.008270883187667 ], [ -89.63810178542775, 16.008976790426726 ], [ -89.638393701948445, 16.009588439264732 ], [ -89.638568418332923, 16.01026708250534 ], [ -89.638523623777047, 16.011548233284007 ], [ -89.63841357065921, 16.012581243459501 ], [ -89.638259675392177, 16.013410456963459 ], [ -89.637761738096742, 16.013988285000384 ], [ -89.637106760785073, 16.014225134134112 ], [ -89.636493712051887, 16.014709755762528 ], [ -89.63595438818615, 16.014972111358258 ], [ -89.635206473367873, 16.01518492671384 ], [ -89.634638762765931, 16.015783091851969 ], [ -89.634198280869697, 16.016377610586751 ], [ -89.633743008047574, 16.017158076032782 ], [ -89.63306412244124, 16.017428388525438 ], [ -89.632340451758196, 16.017586281925478 ], [ -89.631459944372182, 16.017391911229147 ], [ -89.630881528109995, 16.017237262522208 ], [ -89.630034105438327, 16.017122393359482 ], [ -89.629377027711527, 16.017483302812582 ], [ -89.629119816554322, 16.018244303463316 ], [ -89.628301916116868, 16.018489844587624 ], [ -89.627713910026984, 16.018177062460385 ], [ -89.626212367238196, 16.016894174118377 ], [ -89.625716369168273, 16.016660694397913 ], [ -89.624718272088202, 16.016521995370972 ], [ -89.624089073116266, 16.016612517131339 ], [ -89.623458893608472, 16.016726715823118 ], [ -89.622342688112326, 16.016742989337008 ], [ -89.621651749109958, 16.017035639772246 ], [ -89.621061782022821, 16.017532984721463 ], [ -89.620318502792486, 16.018162185092038 ], [ -89.619408050370708, 16.018361096111914 ], [ -89.619006099335039, 16.018051227972009 ], [ -89.618806426944062, 16.01750758979588 ], [ -89.617918806648319, 16.017044501481301 ], [ -89.616898277899779, 16.016195666852184 ], [ -89.616605840977826, 16.015583990484544 ], [ -89.616803062441889, 16.014923621351681 ], [ -89.617275075288589, 16.014537265450937 ], [ -89.61769330387277, 16.013846529433508 ], [ -89.617748665400043, 16.01333060716631 ], [ -89.617723639358758, 16.012738946650504 ], [ -89.617492196657736, 16.012004114299401 ], [ -89.617059434991759, 16.011446646225703 ], [ -89.616062168324802, 16.011295510841922 ], [ -89.61550103472436, 16.011467197086876 ], [ -89.614822535366059, 16.011714887958004 ], [ -89.613977323220652, 16.012163049759515 ], [ -89.613399432653495, 16.012670717754293 ], [ -89.613038357292865, 16.013396198904292 ], [ -89.612671311671662, 16.013784202244633 ], [ -89.611980175444742, 16.014054248835638 ], [ -89.610824945070974, 16.013619629697772 ], [ -89.610283833513492, 16.013296265764549 ], [ -89.609762046937902, 16.013210163425633 ], [ -89.6092624621281, 16.013190982096393 ], [ -89.608517767509341, 16.013213059155351 ], [ -89.607784756425289, 16.013234190647456 ], [ -89.606828236979112, 16.013433448936695 ], [ -89.606320456148396, 16.013864347625095 ], [ -89.605568748971095, 16.014335389127876 ], [ -89.604982901780701, 16.013898468974563 ], [ -89.604626627923423, 16.012959676950906 ], [ -89.604448407276621, 16.012495357890437 ], [ -89.604188343154973, 16.012076005716253 ], [ -89.603543806121863, 16.011660722753117 ], [ -89.602746909209031, 16.011355858790804 ], [ -89.602212343724048, 16.011336107894934 ], [ -89.601513931411418, 16.011381463238529 ], [ -89.60061670170235, 16.011490236394 ], [ -89.599961882129733, 16.011716811180086 ], [ -89.599590250688181, 16.01237439321185 ], [ -89.599442110760762, 16.012854978927493 ], [ -89.59929434118132, 16.013347982236358 ], [ -89.599086936030233, 16.013917896988744 ], [ -89.598412068548697, 16.014638365319826 ], [ -89.597678082629159, 16.014716992019956 ], [ -89.597178309716554, 16.014709063183915 ], [ -89.596529029291787, 16.014608491654787 ], [ -89.595765586115661, 16.014360551057145 ], [ -89.595049583773147, 16.014067099045509 ], [ -89.594449996019748, 16.013754052742936 ], [ -89.593907181710705, 16.012879992622889 ], [ -89.593859741257631, 16.012238338213628 ], [ -89.593967551482663, 16.011350913252112 ], [ -89.59417820147398, 16.010590367561111 ], [ -89.594343175576157, 16.009771549888544 ], [ -89.594406232648865, 16.00880555655111 ], [ -89.593950655283621, 16.008119059634435 ], [ -89.59318225981859, 16.008302062273042 ], [ -89.592656113825456, 16.008474244453602 ], [ -89.592152550004556, 16.008690785744886 ], [ -89.591614185859569, 16.008895490996355 ], [ -89.591100467764036, 16.009022729550352 ], [ -89.590631497587495, 16.009228534598982 ], [ -89.5903793278801, 16.009719869292223 ], [ -89.59016540739411, 16.010672175760586 ], [ -89.590062923289508, 16.011211023081525 ], [ -89.589924899951711, 16.011815877759915 ], [ -89.589702376835518, 16.012587511488015 ], [ -89.589654388390315, 16.01335176575002 ], [ -89.589762602821935, 16.013848828207038 ], [ -89.590152442771455, 16.014181117817142 ], [ -89.590867303990933, 16.014541139466274 ], [ -89.591557692717359, 16.01496847052211 ], [ -89.591828818842259, 16.015421859940176 ], [ -89.592237788535428, 16.016688720504636 ], [ -89.59285334080414, 16.017401461063933 ], [ -89.593323486744936, 16.017780154895767 ], [ -89.594220972367083, 16.018345045790124 ], [ -89.594865502928002, 16.018760357039152 ], [ -89.595336999116711, 16.019060086775948 ], [ -89.59589512186308, 16.019754984635664 ], [ -89.595648682959322, 16.020561224955742 ], [ -89.595047583180261, 16.021023327490564 ], [ -89.594383555834654, 16.021103049484978 ], [ -89.593814170526244, 16.021071438180002 ], [ -89.592852079531127, 16.020909466046199 ], [ -89.592045208395831, 16.020470127253017 ], [ -89.591392284611658, 16.019896702908785 ], [ -89.591039510733253, 16.019442014061184 ], [ -89.590606082904998, 16.018962348839171 ], [ -89.590041098183278, 16.018672404986649 ], [ -89.589392571978792, 16.018492840211096 ], [ -89.588351717778579, 16.018161475300076 ], [ -89.587649088601964, 16.017767788440711 ], [ -89.587400915339785, 16.017337326040458 ], [ -89.587413159086196, 16.016617639499973 ], [ -89.587538016015756, 16.016101719664391 ], [ -89.587692301595084, 16.015227454749898 ], [ -89.587742409811042, 16.014339117789532 ], [ -89.587358695172583, 16.013646983545986 ], [ -89.586758747091253, 16.013390330505704 ], [ -89.585372269410655, 16.012872922257735 ], [ -89.584635042985923, 16.012457238394102 ], [ -89.584316154700147, 16.01206965497844 ], [ -89.583916010564366, 16.011658209077538 ], [ -89.58344512795594, 16.011324622359531 ], [ -89.582577914605409, 16.011041134577791 ], [ -89.58189651030078, 16.011424066938773 ], [ -89.581690414967909, 16.011948843343632 ], [ -89.581642973501133, 16.012679249290727 ], [ -89.581634556016184, 16.013173323376499 ], [ -89.581620756763982, 16.013983249130316 ], [ -89.58161251146673, 16.014467171906585 ], [ -89.58089189838465, 16.015130428566639 ], [ -89.580423291286294, 16.015313646739408 ], [ -89.579921218226161, 16.015441039811286 ], [ -89.579126059086406, 16.015720596199358 ], [ -89.578092301617261, 16.015625120407453 ], [ -89.5774187523553, 16.015580522442672 ], [ -89.576783019075634, 16.016054427789467 ], [ -89.576688517591919, 16.016806643519601 ], [ -89.576567827208748, 16.017760411365643 ], [ -89.57592743102866, 16.019156084709596 ], [ -89.575363684033547, 16.019512658906766 ], [ -89.574939983400242, 16.019798126012379 ], [ -89.574466368982328, 16.020273485386813 ], [ -89.574076310050742, 16.020672320559921 ], [ -89.573709186464555, 16.021060239672082 ], [ -89.573248560311484, 16.021457947365381 ], [ -89.572755839915189, 16.021719740016469 ], [ -89.572172104499444, 16.021845807941379 ], [ -89.571636008972177, 16.021915088446239 ], [ -89.568843810216791, 16.022005815636277 ], [ -89.568290642838505, 16.022390745369318 ], [ -89.56824123139873, 16.023232809315783 ], [ -89.568847433552193, 16.023839396157761 ], [ -89.569456722498145, 16.024231648232089 ], [ -89.570097941261636, 16.0248376630344 ], [ -89.570342605597304, 16.025471181147061 ], [ -89.570248843264039, 16.026212118754685 ], [ -89.569608442443325, 16.026921737176846 ], [ -89.569125823989012, 16.027273946563419 ], [ -89.56857264032611, 16.02765887414289 ], [ -89.568159609466633, 16.028000910945899 ], [ -89.566946848208076, 16.029566776192741 ], [ -89.566436077890899, 16.030199475110649 ], [ -89.565844236655849, 16.030797025965157 ], [ -89.565365256415546, 16.030936030066492 ], [ -89.56479172087775, 16.030465354920025 ], [ -89.564715563241776, 16.029497166373297 ], [ -89.564261163279724, 16.028849000266327 ], [ -89.563588160005523, 16.028770508339562 ], [ -89.562836103494391, 16.02921993003509 ], [ -89.562493718733734, 16.030203969143621 ], [ -89.562308550429293, 16.030830597097761 ], [ -89.56211362929335, 16.031345364315605 ], [ -89.561757179140699, 16.031788715487274 ], [ -89.561151247037984, 16.031846689704697 ], [ -89.560642496430091, 16.031680559373616 ], [ -89.55971164395568, 16.031058583622151 ], [ -89.559205201780088, 16.030758218622296 ], [ -89.558744641514025, 16.030469873381055 ], [ -89.557864967178801, 16.030231212047916 ], [ -89.557327688446733, 16.030368133171777 ], [ -89.557213821429173, 16.030918045043215 ], [ -89.557072593130471, 16.03166835853828 ], [ -89.556702707111711, 16.032248004727887 ], [ -89.556006565225289, 16.032123987445264 ], [ -89.554653201640534, 16.030358996351886 ], [ -89.553671087589748, 16.030005838475276 ], [ -89.552584840821638, 16.030280596876825 ], [ -89.551952115920827, 16.030540080050539 ], [ -89.551470238571213, 16.03084712151837 ], [ -89.550502547991528, 16.031012073282554 ], [ -89.549982345710561, 16.030834453745037 ], [ -89.54946425906104, 16.03053388082499 ], [ -89.549028209335845, 16.030178214230325 ], [ -89.548546867424022, 16.029776684955557 ], [ -89.548097991130135, 16.029488508036117 ], [ -89.547322927812274, 16.02927405637465 ], [ -89.546916496015626, 16.029908381079167 ], [ -89.547355672768461, 16.030725575459311 ], [ -89.547836839863649, 16.031171109426392 ], [ -89.548235953757469, 16.031605164745699 ], [ -89.548670061554674, 16.032073632123709 ], [ -89.549024273080363, 16.032439265624632 ], [ -89.549082445211653, 16.033092358639681 ], [ -89.54849966580376, 16.033194673317119 ], [ -89.547650543173432, 16.033180992146658 ], [ -89.546881900138104, 16.033270151035733 ], [ -89.546720785174429, 16.033852011292431 ], [ -89.547298961328394, 16.034694015046437 ], [ -89.547964793895332, 16.0352226355268 ], [ -89.548464246944903, 16.035927971465547 ], [ -89.548594728884751, 16.036446834275452 ], [ -89.548631512947992, 16.03702060364845 ], [ -89.548498204137033, 16.041371434585997 ], [ -89.54813742606737, 16.042062907091392 ], [ -89.547388012712176, 16.042354336504111 ], [ -89.54669555877976, 16.042725665039313 ], [ -89.546141439044277, 16.043160146566535 ], [ -89.545441382668713, 16.043295531885633 ], [ -89.544706718624738, 16.042731943178371 ], [ -89.544072167483023, 16.04245203889041 ], [ -89.543581098222489, 16.04261335844615 ], [ -89.542820211488447, 16.042893303734569 ], [ -89.541993796105103, 16.042913807895701 ], [ -89.541316503258003, 16.043082265446824 ], [ -89.540782858546848, 16.043681796022526 ], [ -89.540424586791559, 16.04422661253135 ], [ -89.540099743881754, 16.044862232604892 ], [ -89.539471821289794, 16.045515518062359 ], [ -89.538492000934482, 16.045702771770806 ], [ -89.537991811389475, 16.045716121210553 ], [ -89.537321689584061, 16.045469470088783 ], [ -89.536656423846097, 16.045582821851134 ], [ -89.535854687887024, 16.046233282282063 ], [ -89.535577465459198, 16.046779401193977 ], [ -89.535109504924947, 16.047627067650314 ], [ -89.534528995653474, 16.04823596944015 ], [ -89.533713445999794, 16.048335593450965 ], [ -89.533178239066089, 16.048349493329454 ], [ -89.532665402974771, 16.048419037198737 ], [ -89.53191126467749, 16.048981115679045 ], [ -89.531486077979665, 16.049345431932615 ], [ -89.531107177047019, 16.04973193184615 ], [ -89.530717567313033, 16.050062974352333 ], [ -89.529758338582539, 16.050407345908571 ], [ -89.528905046636751, 16.050664294859246 ], [ -89.528498505982228, 16.051298563505739 ], [ -89.528338293195858, 16.051823998836372 ], [ -89.528115645170573, 16.052585360414064 ], [ -89.527839347801944, 16.053076191132593 ], [ -89.527247958716586, 16.05299889894463 ], [ -89.527011198837315, 16.052556156619413 ] ] ] ] } },
{ "type": "Feature", "properties": { "codigo_departamento": 14, "departamento": "Quiché", "codigo_municipio_shape": 1415, "municipio": "San Miguel Uspantán", "riesgos": 14.3, "pobreza": 15.4, "indice_san": 14.7, "politicas": 8.3, "ponderacion": 52.601, "ranking": 47, "riesgos_prom_depto": 13.55, "pobreza_prom_depto": 13.54, "indice_san_prom_depto": 12.98, "politicas_prom_depto": 11.31, "ponderacion_prom_depto": 51.32, "riesgos_prom_nacional": 13.19, "pobreza_prom_nacional": 9.78, "indice_san_prom_nacional": 7.92, "politicas_prom_nacional": 7.21, "ponderacion_prom_nacional": 38.07 }, "geometry": { "type": "MultiPolygon", "coordinates": [ [ [ [ -90.790349208544455, 15.691170572183013 ], [ -90.791177371984375, 15.690154609339668 ], [ -90.792443510116399, 15.687546150127067 ], [ -90.792795502643642, 15.686794157803426 ], [ -90.793192820741467, 15.686109257194206 ], [ -90.793684502356712, 15.685158779045542 ], [ -90.794035999761817, 15.684451953696245 ], [ -90.794089688855024, 15.683740997079621 ], [ -90.794127142509922, 15.682425664126248 ], [ -90.794064262298178, 15.680791969010262 ], [ -90.793859060654214, 15.679601807929819 ], [ -90.793625050521769, 15.678977165896315 ], [ -90.792965088463831, 15.678504080663249 ], [ -90.791960439400086, 15.678105439384977 ], [ -90.791161874766686, 15.677730335051329 ], [ -90.789939014383535, 15.67740740882407 ], [ -90.788644542886075, 15.677293813383745 ], [ -90.786821916211409, 15.677242628803929 ], [ -90.785732662615203, 15.67728694386021 ], [ -90.785237585047113, 15.677470535048313 ], [ -90.784742263027056, 15.677676711186397 ], [ -90.784063821513726, 15.677892323012511 ], [ -90.783544955164615, 15.6781197127819 ], [ -90.782947533202844, 15.678280803688533 ], [ -90.782373588482045, 15.678319029337047 ], [ -90.781733126444266, 15.678201859088029 ], [ -90.779999707082794, 15.677339515863267 ], [ -90.778993777574883, 15.677062775738113 ], [ -90.777426044956357, 15.676780326427695 ], [ -90.775479966698782, 15.67650531122303 ], [ -90.774244538888425, 15.676270262528105 ], [ -90.77317130448597, 15.67585955066242 ], [ -90.770639061004118, 15.674656976333923 ], [ -90.768252915406492, 15.673743851067238 ], [ -90.767169499560453, 15.673199745171713 ], [ -90.765972115706859, 15.672631884946648 ], [ -90.764578907994348, 15.672117353559502 ], [ -90.763756962761349, 15.671809679075791 ], [ -90.761996592685463, 15.671347848533578 ], [ -90.761095700060608, 15.670904965554586 ], [ -90.76033367428478, 15.670341529279575 ], [ -90.759034160523811, 15.669629163831727 ], [ -90.756042483431699, 15.668565162251381 ], [ -90.754878840965858, 15.668008885627698 ], [ -90.753793168008372, 15.667731220715069 ], [ -90.751299181315758, 15.667261780609246 ], [ -90.749318887667968, 15.666985066834545 ], [ -90.747614006628254, 15.666679549971947 ], [ -90.745728381918397, 15.666115797990264 ], [ -90.74445117614934, 15.665502964306775 ], [ -90.743303370946023, 15.664623805772772 ], [ -90.742551751169728, 15.664128185135084 ], [ -90.741754792608759, 15.663675008699263 ], [ -90.740725930969816, 15.663376412665061 ], [ -90.739936624418903, 15.663235006314226 ], [ -90.738939937270018, 15.663190832472754 ], [ -90.737681101118639, 15.662977937651217 ], [ -90.736928132077125, 15.662659590003297 ], [ -90.735193601906857, 15.661930175851955 ], [ -90.734258304276125, 15.661499260631391 ], [ -90.7333446520976, 15.661166816344396 ], [ -90.732074891384926, 15.660942481910352 ], [ -90.730622059782462, 15.660672202952867 ], [ -90.728929058170209, 15.660355376593861 ], [ -90.726630633374498, 15.659819941641675 ], [ -90.724413849911258, 15.659175788580882 ], [ -90.722769481957485, 15.658574836021698 ], [ -90.72183248580771, 15.65835390802004 ], [ -90.720275721797037, 15.658105065854764 ], [ -90.719449988660145, 15.658151806486226 ], [ -90.718128571067751, 15.658437308884869 ], [ -90.716570055285416, 15.658399606080923 ], [ -90.714968969490215, 15.658049755601418 ], [ -90.713748166111799, 15.657515271506369 ], [ -90.712723205618289, 15.656926359953482 ], [ -90.711844946889443, 15.65656145152195 ], [ -90.710928008396095, 15.656530412671296 ], [ -90.709794227084302, 15.656451929496651 ], [ -90.709003418535261, 15.656398487669373 ], [ -90.70813425312528, 15.656212090193385 ], [ -90.707153361876053, 15.655802048362865 ], [ -90.706504249027759, 15.655428227596017 ], [ -90.705841619404211, 15.655221399216463 ], [ -90.704765191879176, 15.655122035253715 ], [ -90.704032321831633, 15.65504772442779 ], [ -90.703106696179262, 15.654804252101769 ], [ -90.701748308569762, 15.65427955795589 ], [ -90.70110828874536, 15.654084247281304 ], [ -90.699909130974788, 15.653704632829687 ], [ -90.698938977219811, 15.653327420576526 ], [ -90.697911345323888, 15.652983476895077 ], [ -90.696902204056912, 15.653018041494823 ], [ -90.695822448246659, 15.653217864569136 ], [ -90.69504617772138, 15.652909304677818 ], [ -90.694856913886071, 15.65242961836384 ], [ -90.694502643988613, 15.651281907455656 ], [ -90.694187523475279, 15.650800896304263 ], [ -90.69355250058419, 15.650161805130221 ], [ -90.692688006777558, 15.64956320648013 ], [ -90.691970175785031, 15.649189753018682 ], [ -90.691457130135817, 15.648950582161406 ], [ -90.690770448194939, 15.64886542548404 ], [ -90.689475533370896, 15.648819023411232 ], [ -90.688226280581247, 15.648805845613145 ], [ -90.687689186626798, 15.648633041600366 ], [ -90.68671969518887, 15.648201581313788 ], [ -90.68620379187233, 15.648217590185004 ], [ -90.68554711036127, 15.648522339187412 ], [ -90.684992824640304, 15.648893667939573 ], [ -90.684416222539312, 15.649176674207006 ], [ -90.68361188587447, 15.649345470148548 ], [ -90.682647553762578, 15.649491114407201 ], [ -90.681581478332149, 15.649512585552738 ], [ -90.679497257749446, 15.649335806902045 ], [ -90.677961337394947, 15.64931953366378 ], [ -90.676192539907632, 15.649645212490357 ], [ -90.674863014512383, 15.649619812712947 ], [ -90.672867112984463, 15.649775920926078 ], [ -90.671201614275915, 15.650036026992291 ], [ -90.669169824438868, 15.650324972716877 ], [ -90.668594326143392, 15.650508568052592 ], [ -90.66782485775488, 15.65063363383414 ], [ -90.667104441984364, 15.650492707435392 ], [ -90.665630248014381, 15.650121279812282 ], [ -90.663800679734948, 15.649690719367335 ], [ -90.662345567722468, 15.649641319698045 ], [ -90.660330901277533, 15.649398477034582 ], [ -90.658534169770164, 15.649156814606018 ], [ -90.656691659184844, 15.648893189956592 ], [ -90.655629527493275, 15.648570148286655 ], [ -90.655255551629352, 15.648200262043302 ], [ -90.654987255079362, 15.647607908458568 ], [ -90.654912410504735, 15.647119261738039 ], [ -90.654876253334535, 15.646252722686075 ], [ -90.655288457835823, 15.645313060491931 ], [ -90.655797261390902, 15.644896154416076 ], [ -90.657515122177159, 15.644025783319341 ], [ -90.658875282857665, 15.643351459049111 ], [ -90.659510378599037, 15.642947185257011 ], [ -90.659869823500131, 15.642596429099282 ], [ -90.659994336426109, 15.641741765904474 ], [ -90.65979565839703, 15.641073370318388 ], [ -90.659320890995588, 15.64044606971431 ], [ -90.658563280968451, 15.639583115020555 ], [ -90.65770975156822, 15.639008231041414 ], [ -90.655746679129649, 15.638287096208378 ], [ -90.654102242285759, 15.637780528697746 ], [ -90.652842570157588, 15.637667669093192 ], [ -90.651365514467358, 15.637507304648071 ], [ -90.650761715413822, 15.637211741553356 ], [ -90.64850444227325, 15.63613280462217 ], [ -90.647139612797588, 15.635229426911001 ], [ -90.645913233392193, 15.634194274267729 ], [ -90.645324401534182, 15.63361089706596 ], [ -90.645053510958363, 15.632230279210118 ], [ -90.645119618557388, 15.631442759405548 ], [ -90.645525890867745, 15.630002787211872 ], [ -90.645610629952571, 15.628604531325053 ], [ -90.645582376350859, 15.627049225991476 ], [ -90.645377525262703, 15.624937552010973 ], [ -90.645300020568996, 15.623714851431268 ], [ -90.645019132784626, 15.622189581520017 ], [ -90.644655118059291, 15.620953641140753 ], [ -90.644030212547676, 15.619502598904939 ], [ -90.643668781394524, 15.619009744191676 ], [ -90.641824908255259, 15.617923911379702 ], [ -90.639362427126514, 15.616776079657404 ], [ -90.638760285475513, 15.6162919232953 ], [ -90.638401486904726, 15.615621796401038 ], [ -90.637994894068555, 15.615105864515856 ], [ -90.637749001166696, 15.614548749931648 ], [ -90.637840970297574, 15.613539047256262 ], [ -90.637987235881909, 15.612773849438707 ], [ -90.637936301758359, 15.612184954893259 ], [ -90.637666553101525, 15.611726959982754 ], [ -90.637257549344909, 15.611422173557813 ], [ -90.636241538075097, 15.611110852556081 ], [ -90.634823300784475, 15.610818910224724 ], [ -90.632865103420386, 15.610719890334137 ], [ -90.631328121676702, 15.610825275117421 ], [ -90.630594325240494, 15.610850106832206 ], [ -90.63001181501798, 15.610689111206995 ], [ -90.630064219447249, 15.610134079669846 ], [ -90.630374649106187, 15.609027368749146 ], [ -90.630518640078591, 15.608462034174282 ], [ -90.630711710729983, 15.607630722289265 ], [ -90.630831825734688, 15.607165633921062 ], [ -90.631046069393349, 15.606468931702251 ], [ -90.630975248798705, 15.605634772487345 ], [ -90.630742575455329, 15.604943414145703 ], [ -90.630187518695976, 15.604371666349184 ], [ -90.629882920311104, 15.603957329062551 ], [ -90.629706067135345, 15.603377241502933 ], [ -90.62984020136436, 15.602300245438734 ], [ -90.630743596089076, 15.601455139462081 ], [ -90.631116118284595, 15.600926145460203 ], [ -90.631283138703097, 15.600383641672463 ], [ -90.631313254861141, 15.599739157306802 ], [ -90.631347817774937, 15.598707384851943 ], [ -90.631366178693511, 15.597107419876183 ], [ -90.631366836864032, 15.5960854440234 ], [ -90.631515772485486, 15.595087652874579 ], [ -90.631732171342065, 15.594201255132678 ], [ -90.631968978011869, 15.593516085700275 ], [ -90.632216047903825, 15.592951857930197 ], [ -90.632531720945707, 15.592399661981878 ], [ -90.632891868146743, 15.591982324148088 ], [ -90.633482214399621, 15.591455668418346 ], [ -90.634186425457941, 15.591007025432857 ], [ -90.635537102165415, 15.590420789292557 ], [ -90.637105143570395, 15.591711462891087 ], [ -90.640566582984633, 15.592183411842194 ], [ -90.646229750595623, 15.591055005250466 ], [ -90.653259424580355, 15.590554233478422 ], [ -90.657279258453642, 15.588642325125845 ], [ -90.664969572175778, 15.583032534366231 ], [ -90.673489580899457, 15.578769406502454 ], [ -90.676231814154519, 15.577454531521205 ], [ -90.67790360677715, 15.57694367338441 ], [ -90.678584210368399, 15.576562377071504 ], [ -90.681307333865121, 15.574037751103637 ], [ -90.686114642251766, 15.571722468391689 ], [ -90.688658594157857, 15.571142764391158 ], [ -90.696410788261176, 15.571041095432211 ], [ -90.703754288410622, 15.568611890319449 ], [ -90.704799677944777, 15.568055877692595 ], [ -90.712625933342636, 15.563517293762251 ], [ -90.715343800247311, 15.563317387672022 ], [ -90.720294516590371, 15.563849795877646 ], [ -90.725721371961995, 15.565001368784202 ], [ -90.729358180836257, 15.565041167256092 ], [ -90.730600021303189, 15.564677902929017 ], [ -90.733467139672143, 15.562661082489265 ], [ -90.735415165847456, 15.560416808245217 ], [ -90.735926268336797, 15.559755754328254 ], [ -90.736301850254861, 15.558916000569443 ], [ -90.736444639353564, 15.558429592748906 ], [ -90.736540221871437, 15.557413043335895 ], [ -90.736535799747116, 15.556858493589921 ], [ -90.736920253145684, 15.555579515678746 ], [ -90.737446491406374, 15.554917482719487 ], [ -90.737896180658097, 15.554490693184396 ], [ -90.738313044857293, 15.554135842641372 ], [ -90.738968109734046, 15.553837646842188 ], [ -90.739979968370932, 15.553404198345085 ], [ -90.742369553071953, 15.552583951975352 ], [ -90.750260932034706, 15.550832872332753 ], [ -90.755419925066349, 15.550519577183104 ], [ -90.760242855918349, 15.549395254047065 ], [ -90.767669239140773, 15.548507266606173 ], [ -90.788317215242358, 15.548735787407127 ], [ -90.792624371326923, 15.547624750864017 ], [ -90.797353120767966, 15.545645957173955 ], [ -90.798676165986819, 15.54447445634084 ], [ -90.799483863030275, 15.543178086491963 ], [ -90.799717124648112, 15.541068471554119 ], [ -90.798802273843009, 15.540060967390495 ], [ -90.797858933574773, 15.539707087042297 ], [ -90.796924003397862, 15.539220022158331 ], [ -90.796790577168125, 15.537579959014936 ], [ -90.798170551311472, 15.536034067726368 ], [ -90.800655197994089, 15.534948679565225 ], [ -90.802678186266959, 15.534169239393787 ], [ -90.803790832613203, 15.533715014845454 ], [ -90.804519689376136, 15.533255835588033 ], [ -90.80544377983658, 15.532510601923709 ], [ -90.807624365098803, 15.5303740286716 ], [ -90.809152914850586, 15.527101564580393 ], [ -90.809179903926776, 15.524656706567908 ], [ -90.808212360408703, 15.521636152804659 ], [ -90.808020428724575, 15.521059388434972 ], [ -90.806276493763107, 15.516997728435518 ], [ -90.802090505818057, 15.510141386940738 ], [ -90.801852790172674, 15.503712821692579 ], [ -90.803108593845636, 15.498515451545593 ], [ -90.804781061759357, 15.494441426441069 ], [ -90.81018150095565, 15.48556262574291 ], [ -90.813577140112343, 15.479900678787088 ], [ -90.81386437313158, 15.476726528266221 ], [ -90.812771469849991, 15.474503245233668 ], [ -90.808690543204705, 15.468549377249962 ], [ -90.805808459766354, 15.465658956481205 ], [ -90.804482860885557, 15.46182621951426 ], [ -90.80539471592148, 15.45236756460911 ], [ -90.805246915819723, 15.445389843814679 ], [ -90.806692448161272, 15.442851720430877 ], [ -90.808561936232678, 15.441407637229986 ], [ -90.809396308830216, 15.440346343269027 ], [ -90.81049427856486, 15.437743762257902 ], [ -90.811998114687611, 15.43490800321546 ], [ -90.813023115776758, 15.431650759338963 ], [ -90.81384565041526, 15.426765177448983 ], [ -90.813557006977717, 15.42503096346875 ], [ -90.8129151788862, 15.42300188604926 ], [ -90.810936109849507, 15.42081280513904 ], [ -90.809749356050546, 15.420235272230187 ], [ -90.8081817607099, 15.420391471178972 ], [ -90.806992811465179, 15.421022356615412 ], [ -90.804589340101813, 15.42349682423589 ], [ -90.801592077133421, 15.425965375381198 ], [ -90.798924686178538, 15.427950381911975 ], [ -90.797401468833172, 15.428806029311941 ], [ -90.795523620721667, 15.4299450054676 ], [ -90.792522227553903, 15.430968884035169 ], [ -90.785623554776478, 15.432454171212369 ], [ -90.780556135197457, 15.431820780317832 ], [ -90.777621764158255, 15.430588621942428 ], [ -90.773819521408385, 15.426673368487528 ], [ -90.772586130628639, 15.423327083679059 ], [ -90.772814470666475, 15.420420110015575 ], [ -90.776750760379286, 15.414572121173025 ], [ -90.777781873317537, 15.413294950039052 ], [ -90.778472800520717, 15.41132658154971 ], [ -90.77850707059757, 15.406183735403376 ], [ -90.775431242061771, 15.399677116394388 ], [ -90.772187510597789, 15.395726828684694 ], [ -90.770933345861081, 15.393470191333209 ], [ -90.76731104332525, 15.384919513016904 ], [ -90.766688290334869, 15.381915908707461 ], [ -90.766398344787021, 15.379141517011291 ], [ -90.766548043648939, 15.376836838977708 ], [ -90.76716890929869, 15.374063680611682 ], [ -90.767841628924657, 15.372540124048014 ], [ -90.76862853594767, 15.371660322330992 ], [ -90.770120200409835, 15.369907793594761 ], [ -90.771491381326257, 15.36897510376741 ], [ -90.772089604688645, 15.368597100049749 ], [ -90.776044179681364, 15.3671164828804 ], [ -90.780286962591376, 15.365729010056024 ], [ -90.783523192665228, 15.365193158311779 ], [ -90.787195336143014, 15.365041061454017 ], [ -90.789471559997523, 15.365252270733079 ], [ -90.79165839444704, 15.365828493066335 ], [ -90.794118471818379, 15.367208141083921 ], [ -90.796250044603894, 15.368837498530786 ], [ -90.797068805226061, 15.369456602344846 ], [ -90.798049871596078, 15.370082954861589 ], [ -90.799484979548524, 15.370369325875444 ], [ -90.80094901969214, 15.370561103599377 ], [ -90.802731037751542, 15.370622740512163 ], [ -90.804704553955517, 15.370182541983869 ], [ -90.806268509382818, 15.36928088125793 ], [ -90.807842862346263, 15.368663919624204 ], [ -90.80872672308243, 15.368960616534793 ], [ -90.809580969199843, 15.369975318141284 ], [ -90.810157673556063, 15.371707847314518 ], [ -90.810721761182663, 15.377155983879097 ], [ -90.81180694866201, 15.379523718704071 ], [ -90.812693667272328, 15.380666355370254 ], [ -90.814284429226461, 15.381608096900644 ], [ -90.816156603786126, 15.381853487996299 ], [ -90.818223155789553, 15.381431030717346 ], [ -90.81974707931154, 15.380912886263969 ], [ -90.823493093139263, 15.377939677739182 ], [ -90.825190447733689, 15.375905257306824 ], [ -90.826550542889564, 15.37372522117591 ], [ -90.826884025212578, 15.371480943864784 ], [ -90.827638815159503, 15.369241906227961 ], [ -90.828291336293418, 15.368165162694122 ], [ -90.829217685269683, 15.367172402395193 ], [ -90.832299896080755, 15.365489097690181 ], [ -90.839543445869566, 15.363227216956647 ], [ -90.84591905858484, 15.36250174595858 ], [ -90.848942724821185, 15.361742620209286 ], [ -90.856471841523899, 15.358563548635722 ], [ -90.857710984813252, 15.357470879063809 ], [ -90.860478663883512, 15.354924613360426 ], [ -90.862281860225465, 15.351701557903436 ], [ -90.862735792840795, 15.349701159990829 ], [ -90.862510024833881, 15.347068534375884 ], [ -90.860669230394137, 15.344790876976747 ], [ -90.858700256926454, 15.343502493376082 ], [ -90.856364564553601, 15.342967293709538 ], [ -90.849897467038573, 15.342910693113838 ], [ -90.848617980374328, 15.342721032929138 ], [ -90.846055228094428, 15.342144009967875 ], [ -90.844168299819458, 15.341152214364246 ], [ -90.839155374058919, 15.337548281741032 ], [ -90.834611473344154, 15.335090654516071 ], [ -90.828808430014675, 15.333648470647889 ], [ -90.82168854038062, 15.331935788097672 ], [ -90.819814655305194, 15.331784219304803 ], [ -90.818706072045131, 15.331678518105482 ], [ -90.812252338144702, 15.331000950020416 ], [ -90.795470971673666, 15.33207816176391 ], [ -90.791347884439219, 15.332614516832649 ], [ -90.787543856198624, 15.333243177622697 ], [ -90.776438821503362, 15.335303477134476 ], [ -90.765963611218453, 15.336180271165377 ], [ -90.764151986128226, 15.336526912647969 ], [ -90.755054780306637, 15.337392138532449 ], [ -90.737177224415191, 15.338546429899701 ], [ -90.727626047745275, 15.341244485606737 ], [ -90.726431721022863, 15.341808284613363 ], [ -90.721464425903818, 15.343012298053168 ], [ -90.716516390216398, 15.343672046940419 ], [ -90.709922048173723, 15.344181521735015 ], [ -90.706001916132138, 15.344866262379792 ], [ -90.696189830097069, 15.345256369010436 ], [ -90.69262432438812, 15.344432363048332 ], [ -90.690574830833228, 15.34317001982078 ], [ -90.689005338972251, 15.341808736497867 ], [ -90.685978129478414, 15.338030260672394 ], [ -90.686197026584779, 15.336487619197881 ], [ -90.6937574136725, 15.323794330996337 ], [ -90.695573041121719, 15.320739041411738 ], [ -90.701021709544406, 15.311378815190718 ], [ -90.705658712482759, 15.303740201844317 ], [ -90.706873774069066, 15.301254572435187 ], [ -90.712920914111592, 15.291324080244237 ], [ -90.71697735269305, 15.285370939760455 ], [ -90.717859234990115, 15.285910729724636 ], [ -90.72117242257336, 15.288045084055138 ], [ -90.73453586194853, 15.29576782360393 ], [ -90.743447217277676, 15.301434715328348 ], [ -90.744687362178993, 15.302107908543132 ], [ -90.747928322144418, 15.2945613944194 ], [ -90.750268792602427, 15.288347439939477 ], [ -90.752364488328467, 15.281395762470348 ], [ -90.75285078956712, 15.279815006400915 ], [ -90.753168940302487, 15.278782567301512 ], [ -90.750294274802698, 15.276906046310478 ], [ -90.735543501053868, 15.267917835631367 ], [ -90.733519767560807, 15.266565854713274 ], [ -90.733103290356894, 15.266185563171446 ], [ -90.736040319933224, 15.260751407870803 ], [ -90.737266195960188, 15.258063479366941 ], [ -90.738157327575308, 15.256377297866495 ], [ -90.739837572291108, 15.252587154641253 ], [ -90.743295047913122, 15.246472568468791 ], [ -90.745904361348536, 15.240734497949955 ], [ -90.749824446267866, 15.233684764832027 ], [ -90.750393651210985, 15.23255319002647 ], [ -90.755220640097392, 15.223147485803166 ], [ -90.757091192380756, 15.22329266257184 ], [ -90.76422524809972, 15.222371058403613 ], [ -90.767597847402072, 15.22462949589646 ], [ -90.769919228770291, 15.225155133753363 ], [ -90.775450424831263, 15.222856335761559 ], [ -90.779203543141435, 15.222895734093187 ], [ -90.782598786246467, 15.225232117587344 ], [ -90.785422846733326, 15.230749986492883 ], [ -90.786969644897013, 15.234224588784032 ], [ -90.790681833736329, 15.238873629729429 ], [ -90.792347276622053, 15.240523137081805 ], [ -90.793937072861482, 15.240728512134543 ], [ -90.798496337235036, 15.239238428229077 ], [ -90.80396427973109, 15.236437987292494 ], [ -90.806320331624306, 15.236337920330612 ], [ -90.808260287047958, 15.236372685300246 ], [ -90.809391964156305, 15.236445851832714 ], [ -90.810296162218762, 15.236581169270805 ], [ -90.810892557168472, 15.236728164753881 ], [ -90.812474914972071, 15.236978511561954 ], [ -90.813088896244665, 15.237000307491185 ], [ -90.813720393641574, 15.236959022860935 ], [ -90.814762461327462, 15.236135663468582 ], [ -90.82004766111443, 15.233378188928643 ], [ -90.821292496061218, 15.233306696719332 ], [ -90.823216972561099, 15.23416678728298 ], [ -90.824091188266209, 15.234842751998716 ], [ -90.824567107227409, 15.23516812013794 ], [ -90.826561217749841, 15.235877517709046 ], [ -90.828439007233058, 15.235681102702365 ], [ -90.834204640908439, 15.232283012669678 ], [ -90.83940794316203, 15.232562425827073 ], [ -90.841797635960546, 15.234181302388381 ], [ -90.842775771336548, 15.234997123187508 ], [ -90.844056023236092, 15.235275969148448 ], [ -90.847893777055987, 15.235094816423091 ], [ -90.848899597306072, 15.235421831045246 ], [ -90.850086721591808, 15.236567161657884 ], [ -90.85061232402532, 15.237217106698218 ], [ -90.851011584536295, 15.237707718726396 ], [ -90.851699486391084, 15.238413426867838 ], [ -90.8522427250075, 15.238702117210813 ], [ -90.853538103732276, 15.238812771300404 ], [ -90.857499375088082, 15.241777016092017 ], [ -90.857814375633055, 15.244386780096022 ], [ -90.858574222106512, 15.245172222971494 ], [ -90.860490592916278, 15.246000320762425 ], [ -90.866648807270522, 15.247381556955991 ], [ -90.869305182284791, 15.249474831366456 ], [ -90.870431828273325, 15.250695174075453 ], [ -90.872902878915085, 15.255547037357138 ], [ -90.873495807033279, 15.25628116023694 ], [ -90.874403188909696, 15.256404968589594 ], [ -90.875822595388271, 15.256285146116969 ], [ -90.881152663237017, 15.255949311642034 ], [ -90.887790605206604, 15.256816127575108 ], [ -90.889875208608203, 15.267264088408899 ], [ -90.890864663378423, 15.270591767615912 ], [ -90.891348312182927, 15.272550292717453 ], [ -90.892158565313721, 15.275709121998638 ], [ -90.893336783964799, 15.279540054648876 ], [ -90.89464279792216, 15.288347475475865 ], [ -90.895931909115902, 15.294483556312954 ], [ -90.896891720638564, 15.29747549816963 ], [ -90.897951070956168, 15.300057249027244 ], [ -90.899833379266468, 15.303376364449855 ], [ -90.901940330156009, 15.307630517251338 ], [ -90.901694450658042, 15.312976231724846 ], [ -90.901258242853203, 15.314181791672089 ], [ -90.899140814482323, 15.315870769652612 ], [ -90.898040097615379, 15.31701585807566 ], [ -90.897496607874658, 15.317599192898433 ], [ -90.896687700733182, 15.318946932268874 ], [ -90.895993399202979, 15.323030173999728 ], [ -90.897634368421592, 15.339203708297983 ], [ -90.89512126691028, 15.345386388783437 ], [ -90.893930500865707, 15.348237192866121 ], [ -90.89316956956381, 15.352384147716789 ], [ -90.892390048003762, 15.355770795684176 ], [ -90.891683618207935, 15.361841715645983 ], [ -90.890487035812512, 15.372137785492239 ], [ -90.890140270786887, 15.37773320073174 ], [ -90.88976715103388, 15.379989696752602 ], [ -90.888663879065135, 15.385041436201892 ], [ -90.8872293002308, 15.391365162028164 ], [ -90.887161053120778, 15.416274506077398 ], [ -90.887397238257961, 15.41963121370941 ], [ -90.88741381212651, 15.421561596974472 ], [ -90.887375176625227, 15.423136807030223 ], [ -90.887006148384032, 15.43365860786462 ], [ -90.88572109388501, 15.444014668020419 ], [ -90.884447429091352, 15.449786399441273 ], [ -90.883250600640523, 15.452913692582268 ], [ -90.882777208165749, 15.454463281110527 ], [ -90.88095199541884, 15.458397745991034 ], [ -90.879916303076868, 15.461185458736656 ], [ -90.878980579033851, 15.463130427576999 ], [ -90.877715563813368, 15.465959975830618 ], [ -90.875646302587811, 15.468965893001933 ], [ -90.87208377318008, 15.475008032523288 ], [ -90.871424552202114, 15.476777161023511 ], [ -90.871292416045478, 15.477910970623018 ], [ -90.871362631174634, 15.484139333486892 ], [ -90.869750296559985, 15.49441292153794 ], [ -90.86873468015834, 15.497022280702591 ], [ -90.868512387797594, 15.499106191661228 ], [ -90.867893658867487, 15.499981177805392 ], [ -90.8679878152805, 15.500794143701617 ], [ -90.866076034456697, 15.505821970953608 ], [ -90.865621573989941, 15.508900914371404 ], [ -90.86554308483737, 15.516762087579913 ], [ -90.866329631266325, 15.518379122536535 ], [ -90.866692450687395, 15.524727740561351 ], [ -90.866432134410744, 15.526819177730031 ], [ -90.867766365746277, 15.531821875601549 ], [ -90.868411318364579, 15.536735463196818 ], [ -90.869657157704211, 15.53969191533943 ], [ -90.872300943342523, 15.544075900524293 ], [ -90.874247527073678, 15.547554119948582 ], [ -90.876098117882634, 15.550742269539478 ], [ -90.877859104687076, 15.554095571070349 ], [ -90.878633859339644, 15.556599073097333 ], [ -90.880079777571581, 15.558756652683245 ], [ -90.880866657023333, 15.559340234086614 ], [ -90.882629214269613, 15.561471482823869 ], [ -90.884984589967232, 15.563800420460325 ], [ -90.89008734624953, 15.567909697068108 ], [ -90.890888362184626, 15.56808452991798 ], [ -90.895012599893917, 15.570990521133558 ], [ -90.898031576655299, 15.574545488407871 ], [ -90.899988387470202, 15.580868711882532 ], [ -90.900945675082014, 15.586198649723158 ], [ -90.901981484973945, 15.588562291057983 ], [ -90.90502966935469, 15.591684899872872 ], [ -90.909633372038911, 15.594259811083942 ], [ -90.911821464396382, 15.596717956326234 ], [ -90.913423429520648, 15.603152952635321 ], [ -90.914466274743901, 15.61786487302394 ], [ -90.915605583779779, 15.622583231191054 ], [ -90.91659521731043, 15.624356827333395 ], [ -90.918162328887547, 15.625904361991937 ], [ -90.918139290784936, 15.626454184534685 ], [ -90.920095287654263, 15.62839054100902 ], [ -90.920209295663625, 15.629161907393563 ], [ -90.921614144146261, 15.631087379489404 ], [ -90.925892242401957, 15.63606584157851 ], [ -90.928157458881202, 15.638042340122789 ], [ -90.931998980645432, 15.638936994099033 ], [ -90.936685150825028, 15.638772195451574 ], [ -90.942471552477699, 15.637275824127551 ], [ -90.953657269655693, 15.636033043293956 ], [ -90.957017937302084, 15.636064379146948 ], [ -90.959480592348186, 15.636853092645495 ], [ -90.960823197638959, 15.637810951096611 ], [ -90.962029096690998, 15.639863123840989 ], [ -90.962032563286257, 15.64257389311455 ], [ -90.958151114844284, 15.656011228363313 ], [ -90.958072012284745, 15.660337489537016 ], [ -90.958659024824982, 15.662032650334831 ], [ -90.959404758258188, 15.662830229747396 ], [ -90.960464805216716, 15.663731260854572 ], [ -90.962105485528824, 15.664271742727069 ], [ -90.966255705848013, 15.665848677920783 ], [ -90.970405428198561, 15.667424410004493 ], [ -90.975187619043666, 15.669536775988902 ], [ -90.978227138008222, 15.671461273358192 ], [ -90.981343038288898, 15.6749315703817 ], [ -90.981798112186112, 15.676373600594211 ], [ -90.98254173560936, 15.677163189483567 ], [ -90.982792006454744, 15.678685782995181 ], [ -90.983016840044627, 15.686652967298063 ], [ -90.982139705989624, 15.691196685501687 ], [ -90.978692549037532, 15.701440835901423 ], [ -90.977529208435541, 15.703773733924059 ], [ -90.97602621098585, 15.70560763777508 ], [ -90.975730626447231, 15.706080407190086 ], [ -90.973358274580733, 15.709924599616487 ], [ -90.972755465328049, 15.710688175051709 ], [ -90.966124885570025, 15.719082851923369 ], [ -90.962517216786395, 15.722700769740745 ], [ -90.962136773513848, 15.724956148937906 ], [ -90.962699495119111, 15.727584025637523 ], [ -90.963417449291796, 15.729144875133839 ], [ -90.963910570142176, 15.730214566592586 ], [ -90.965397878702632, 15.73280363301221 ], [ -90.966027417969599, 15.734053048901922 ], [ -90.96652069663719, 15.735167917554724 ], [ -90.966919602399372, 15.735864001392649 ], [ -90.969577608696625, 15.73918004345928 ], [ -90.948811892728557, 15.740996076800853 ], [ -90.944957366836164, 15.741315546447085 ], [ -90.939314806798677, 15.741662101335253 ], [ -90.935104397570115, 15.742173423981372 ], [ -90.934369910202776, 15.742095308923618 ], [ -90.933776047329886, 15.741949629312002 ], [ -90.933091743639167, 15.741579458309946 ], [ -90.932469209976773, 15.74115565770882 ], [ -90.926192564081632, 15.734056211686443 ], [ -90.917897418948982, 15.724363376456186 ], [ -90.90518894205033, 15.71098219214981 ], [ -90.90436668467872, 15.710663707827184 ], [ -90.902861222316204, 15.709827027267199 ], [ -90.900987876978036, 15.709164121637984 ], [ -90.898190959776457, 15.709026535212361 ], [ -90.896286568735874, 15.709118879622123 ], [ -90.89383335569201, 15.709007136250307 ], [ -90.893010676175592, 15.708732656631742 ], [ -90.891640007012299, 15.708230385033549 ], [ -90.890542750215701, 15.70784256059698 ], [ -90.889287385857841, 15.707297342954266 ], [ -90.888599320682687, 15.707312150395953 ], [ -90.888000470083071, 15.707551445792872 ], [ -90.88740094297151, 15.707856237845736 ], [ -90.886687950951668, 15.708026657701348 ], [ -90.886001249837449, 15.707909328753109 ], [ -90.885112098004015, 15.707411679303524 ], [ -90.884452038082983, 15.70691624844336 ], [ -90.883743167631948, 15.706688013551682 ], [ -90.883192441497684, 15.706726722379784 ], [ -90.8823863252764, 15.707052087429112 ], [ -90.881902083038213, 15.707313932917177 ], [ -90.881030156449654, 15.707350651659025 ], [ -90.879680201337308, 15.707048417848201 ], [ -90.879478455657889, 15.706601468783479 ], [ -90.879393364813268, 15.705979463250845 ], [ -90.879307015135808, 15.705422950218189 ], [ -90.879473190966962, 15.704912939909955 ], [ -90.879799885888573, 15.704383024126024 ], [ -90.880587034336756, 15.703636214211986 ], [ -90.881533001252535, 15.703089715481148 ], [ -90.882965259904708, 15.702081477928273 ], [ -90.883407462651817, 15.701486040754222 ], [ -90.883436387760881, 15.700886598758695 ], [ -90.883145405088626, 15.700217421168926 ], [ -90.882875433406355, 15.699659129215588 ], [ -90.882285677573364, 15.6990762814397 ], [ -90.881443415897792, 15.69844580690004 ], [ -90.880733212492188, 15.698349693655899 ], [ -90.880113728113074, 15.698387732685978 ], [ -90.878918727798236, 15.698665266355938 ], [ -90.877152337817392, 15.698670698763699 ], [ -90.876790074532721, 15.698244776287018 ], [ -90.876520014366719, 15.697753116013093 ], [ -90.87625477670629, 15.696796180383492 ], [ -90.876284877970605, 15.69608494221246 ], [ -90.876042150783917, 15.695149683954734 ], [ -90.875911257675938, 15.694504645685205 ], [ -90.875415585416434, 15.69367761278389 ], [ -90.874414694762066, 15.692889714759762 ], [ -90.873047046416033, 15.692055324725775 ], [ -90.871262731270534, 15.69165960108959 ], [ -90.868726117654091, 15.690791211805182 ], [ -90.86561589541445, 15.68998269981487 ], [ -90.864448982194716, 15.689749938234968 ], [ -90.863554070413244, 15.689762652350993 ], [ -90.862245676830597, 15.689905721472352 ], [ -90.860911661132093, 15.690269893749381 ], [ -90.860177605740148, 15.690285296514425 ], [ -90.859401800585175, 15.689944526975566 ], [ -90.858807385655965, 15.68976138697284 ], [ -90.858261354013635, 15.689355100362732 ], [ -90.85748937129604, 15.688593092766075 ], [ -90.856491827019681, 15.687494567181824 ], [ -90.855942785320835, 15.687377374058675 ], [ -90.855346528699528, 15.687371525885094 ], [ -90.854746083312477, 15.68776657180136 ], [ -90.854465405685289, 15.688296895583729 ], [ -90.854185196423686, 15.68878204913989 ], [ -90.853996719151866, 15.689246641922379 ], [ -90.853556211622063, 15.689731347008511 ], [ -90.853049713783079, 15.689948865224341 ], [ -90.852521533047693, 15.690010312052632 ], [ -90.851766036845049, 15.689847031799793 ], [ -90.851333897182059, 15.689532199419325 ], [ -90.850790900038149, 15.688837927685235 ], [ -90.85009214981072, 15.687654220736741 ], [ -90.849569336618288, 15.687204095453721 ], [ -90.848977623242646, 15.686821054933819 ], [ -90.848153127665583, 15.686679674425083 ], [ -90.846845694219112, 15.686733437467538 ], [ -90.846156539435881, 15.68685991665453 ], [ -90.845556792753868, 15.687187181218263 ], [ -90.844656646266003, 15.687755429585502 ], [ -90.842930126415425, 15.68836070024258 ], [ -90.841277639648268, 15.688521703377237 ], [ -90.839465915846901, 15.688526392821961 ], [ -90.838138908110594, 15.688224149425901 ], [ -90.834516652023751, 15.688121665432913 ], [ -90.833343712793265, 15.688465802174035 ], [ -90.833541359103762, 15.689289956662456 ], [ -90.834218567274974, 15.690296176625884 ], [ -90.834416918870303, 15.691053705909093 ], [ -90.834341107953747, 15.691719292896053 ], [ -90.834288373475459, 15.692407700094357 ], [ -90.834053100053552, 15.692938440465875 ], [ -90.833429656932623, 15.693353522351536 ], [ -90.832787348898421, 15.69334715405121 ], [ -90.831804313972299, 15.693093456394866 ], [ -90.83109675290747, 15.692753265072664 ], [ -90.829152384717375, 15.692290114315506 ], [ -90.828533167848846, 15.692305421295435 ], [ -90.827748955918224, 15.692764064518055 ], [ -90.827514598966971, 15.693206712842619 ], [ -90.827379889450398, 15.695137752865707 ], [ -90.827071808499809, 15.6960461027649 ], [ -90.826742179346112, 15.696842427618412 ], [ -90.82602625457281, 15.697345788353076 ], [ -90.825450595866229, 15.697539961884088 ], [ -90.824371460992197, 15.69766248724352 ], [ -90.823406205591539, 15.697875362137248 ], [ -90.822783424145072, 15.698224910672733 ], [ -90.822226828527647, 15.698819065344965 ], [ -90.821644084057951, 15.699679492529855 ], [ -90.821175209747167, 15.700630273671791 ], [ -90.821000528403204, 15.701982656800679 ], [ -90.820900744222641, 15.702759805734322 ], [ -90.820367331023505, 15.703310137626003 ], [ -90.819747843180011, 15.703348002038965 ], [ -90.819174756018839, 15.703298233969003 ], [ -90.81763757710938, 15.703349514646749 ], [ -90.816720705577254, 15.703340352005123 ], [ -90.816174257705853, 15.702979135003243 ], [ -90.816025223276597, 15.701866337515042 ], [ -90.815940099911558, 15.701265787013144 ], [ -90.8154856398383, 15.700861444171558 ], [ -90.814749559236745, 15.701009935933376 ], [ -90.814075736080852, 15.70182538032868 ], [ -90.813975458998812, 15.702646562565741 ], [ -90.813989662349499, 15.70344630377145 ], [ -90.814004451671849, 15.704246048407528 ], [ -90.813216978456595, 15.704948544222889 ], [ -90.812691830357039, 15.70472192753715 ], [ -90.81223927546985, 15.704139154663459 ], [ -90.81190486528233, 15.703246986789027 ], [ -90.811369327896628, 15.701864914635346 ], [ -90.81056528815823, 15.701990124018828 ], [ -90.810239383201946, 15.702430701527707 ], [ -90.809768428471543, 15.70362537436039 ], [ -90.809390762649329, 15.704599623499488 ], [ -90.80901226392038, 15.705705998511535 ], [ -90.808565811162822, 15.706679555059315 ], [ -90.80775509495993, 15.707426969879391 ], [ -90.807040517601209, 15.70779700284166 ], [ -90.806078300711022, 15.707720707032323 ], [ -90.805623134348068, 15.707382968052089 ], [ -90.80546843804251, 15.706804306804369 ], [ -90.805046594463064, 15.705532914503234 ], [ -90.804460058642292, 15.704616747033233 ], [ -90.804005617971313, 15.704212379946073 ], [ -90.803392085287598, 15.703694606245538 ], [ -90.80285042190998, 15.702889566654468 ], [ -90.80285589326536, 15.702379146287027 ], [ -90.803278561562848, 15.701450539343901 ], [ -90.803648754975455, 15.701121096347432 ], [ -90.804641632083857, 15.70050879451556 ], [ -90.805404613037084, 15.699916764656036 ], [ -90.806242422931263, 15.698813877699752 ], [ -90.806667676445571, 15.697641343305962 ], [ -90.806888744659943, 15.696265727395549 ], [ -90.806626221404414, 15.695086288317111 ], [ -90.806402049557406, 15.694572432709185 ], [ -90.805899538976334, 15.694412663903705 ], [ -90.805005348532944, 15.694358509067229 ], [ -90.80440990775368, 15.694331069882484 ], [ -90.803811281169885, 15.69454641191667 ], [ -90.802240737106985, 15.695596746921627 ], [ -90.801731216992607, 15.69603659293235 ], [ -90.801125671432743, 15.696896724494176 ], [ -90.800545335639754, 15.697579799808008 ], [ -90.799735349783404, 15.698260558142277 ], [ -90.798838385473118, 15.698518052721235 ], [ -90.797784126303355, 15.69844079842548 ], [ -90.797167278511736, 15.698234681571741 ], [ -90.796621126876531, 15.697850837671586 ], [ -90.795304661782026, 15.69657154008493 ], [ -90.7938487532126, 15.695468138063015 ], [ -90.792578365305914, 15.694189295177818 ], [ -90.791741939833244, 15.693048094709392 ], [ -90.791225584991025, 15.692064849693205 ], [ -90.790349208544455, 15.691170572183013 ] ] ] ] } },
{ "type": "Feature", "properties": { "codigo_departamento": 14, "departamento": "Quiché", "codigo_municipio_shape": 1420, "municipio": "Playa Grande-Ixcán", "riesgos": 15.0, "pobreza": 12.5, "indice_san": 8.3, "politicas": 16.7, "ponderacion": 52.493, "ranking": 48, "riesgos_prom_depto": 13.55, "pobreza_prom_depto": 13.54, "indice_san_prom_depto": 12.98, "politicas_prom_depto": 11.31, "ponderacion_prom_depto": 51.32, "riesgos_prom_nacional": 13.19, "pobreza_prom_nacional": 9.78, "indice_san_prom_nacional": 7.92, "politicas_prom_nacional": 7.21, "ponderacion_prom_nacional": 38.07 }, "geometry": { "type": "MultiPolygon", "coordinates": [ [ [ [ -90.43427908510435, 16.062770524404201 ], [ -90.432925057548573, 16.06273283475257 ], [ -90.431609172846677, 16.063271422968363 ], [ -90.43077517425165, 16.063838371117633 ], [ -90.429728533577133, 16.064914230331119 ], [ -90.428702078630323, 16.06614501130413 ], [ -90.427699523862572, 16.067332037803322 ], [ -90.42693237818709, 16.068055580119886 ], [ -90.426191435909772, 16.068557009323076 ], [ -90.425429133701485, 16.068903495240448 ], [ -90.423862721772181, 16.069305781238164 ], [ -90.423357455704675, 16.069278244214896 ], [ -90.422783613641812, 16.06927133194835 ], [ -90.422003702651807, 16.069216771663832 ], [ -90.42133907059069, 16.069142148506419 ], [ -90.420720830647653, 16.069001464961879 ], [ -90.420151562733054, 16.068640072407693 ], [ -90.419697004496044, 16.068257481678163 ], [ -90.41929115974628, 16.067674503610544 ], [ -90.419003172227065, 16.066871651473082 ], [ -90.418863539627878, 16.06524975628869 ], [ -90.418918816946189, 16.064495077226351 ], [ -90.418974093092459, 16.06378555889745 ], [ -90.419211804832813, 16.063144858297797 ], [ -90.419795075365641, 16.06241912552289 ], [ -90.420376059209786, 16.061915789447017 ], [ -90.421022483240591, 16.061634538075783 ], [ -90.421645283435055, 16.061419615296941 ], [ -90.422314459019077, 16.061139764450814 ], [ -90.423008127670442, 16.060771007803506 ], [ -90.424027430716777, 16.060050509820819 ], [ -90.42484010096382, 16.05937155513864 ], [ -90.425722775652076, 16.058560207301188 ], [ -90.426711500003393, 16.057628189838567 ], [ -90.427724070697181, 16.056475153810737 ], [ -90.428308716467527, 16.055683922295085 ], [ -90.428870872009838, 16.054779510667711 ], [ -90.429319183317588, 16.053874858459263 ], [ -90.429607528347958, 16.052879085716359 ], [ -90.429899562150368, 16.051595445766896 ], [ -90.430354112529798, 16.050157937777062 ], [ -90.430853073233365, 16.048853066217347 ], [ -90.431254082463795, 16.047993002863699 ], [ -90.431814496501403, 16.047266950555695 ], [ -90.432304610767289, 16.046650704732148 ], [ -90.432839982955628, 16.046101613318431 ], [ -90.434138367636365, 16.045096481881146 ], [ -90.434969716346487, 16.044729324585195 ], [ -90.435728479851051, 16.044605176130155 ], [ -90.436581192452238, 16.044392952183262 ], [ -90.437729884958955, 16.044317497187727 ], [ -90.438924403370564, 16.044265164504054 ], [ -90.440003082135021, 16.044278057136253 ], [ -90.440760149538804, 16.044332266526848 ], [ -90.441563904070463, 16.044341866852108 ], [ -90.442412917781695, 16.044373456869092 ], [ -90.443055572059961, 16.044381128250937 ], [ -90.44358494805121, 16.044299377134099 ], [ -90.444326042256861, 16.043775289817681 ], [ -90.444561109172099, 16.043333233139155 ], [ -90.444800704400265, 16.042581859170273 ], [ -90.444832524700999, 16.041872042591372 ], [ -90.444770443401694, 16.041338372462235 ], [ -90.444409822483252, 16.040822594324833 ], [ -90.44374976299413, 16.040349536364307 ], [ -90.442790333082414, 16.039959844737457 ], [ -90.441712799324264, 16.039858914156465 ], [ -90.440816860488525, 16.03989224900652 ], [ -90.439573434208398, 16.040210476636172 ], [ -90.43849136722578, 16.040418842925906 ], [ -90.437731746907602, 16.040565574085775 ], [ -90.435596057257527, 16.040629224370473 ], [ -90.434427738210204, 16.040415390661884 ], [ -90.432893991315609, 16.04006394368664 ], [ -90.431500562324231, 16.039514320541741 ], [ -90.430360438465769, 16.03892369165472 ], [ -90.42910706319212, 16.038197338829029 ], [ -90.428110101473251, 16.037142111356339 ], [ -90.427387518818776, 16.036223403320619 ], [ -90.426690558660809, 16.03508257344847 ], [ -90.426134484235078, 16.033699554082485 ], [ -90.425849331608362, 16.032630280775585 ], [ -90.425567894121116, 16.031317174530354 ], [ -90.425382661545854, 16.029649564411205 ], [ -90.4253021444257, 16.028782597995992 ], [ -90.425267718309044, 16.027872149902123 ], [ -90.425200881832978, 16.025939498542431 ], [ -90.425119523635999, 16.023319067984573 ], [ -90.425540994989035, 16.022680552866067 ], [ -90.426416085181742, 16.022491209691623 ], [ -90.426919796872994, 16.022585320984454 ], [ -90.427604487479343, 16.022905158372104 ], [ -90.428104496183877, 16.023288266797199 ], [ -90.428534494426927, 16.023759731443945 ], [ -90.429011165918467, 16.024187722128836 ], [ -90.430028568471272, 16.025420450551636 ], [ -90.430910783614777, 16.026407672883131 ], [ -90.431907139248338, 16.027508041862212 ], [ -90.432927696792916, 16.028496917471468 ], [ -90.434132658041392, 16.029399927990763 ], [ -90.434998402443782, 16.029898049748478 ], [ -90.43621021682705, 16.030312238711769 ], [ -90.437400954335715, 16.03054890394823 ], [ -90.438434322222335, 16.030538672274211 ], [ -90.439123595884766, 16.030457709440505 ], [ -90.439930121207695, 16.030246040140831 ], [ -90.440555919050141, 16.029787199377186 ], [ -90.441189074932922, 16.028751479599709 ], [ -90.441745023633231, 16.026537196818857 ], [ -90.441850810816334, 16.025428566874755 ], [ -90.441979259846732, 16.022588183062094 ], [ -90.442046014506815, 16.020923573908409 ], [ -90.442261383075973, 16.020238526850132 ], [ -90.44265891261098, 16.019687755571052 ], [ -90.44323883562511, 16.019206902075034 ], [ -90.444048422712342, 16.018705071202948 ], [ -90.444811334455181, 16.018293006791282 ], [ -90.445574720171606, 16.017935143842106 ], [ -90.450302306406982, 16.016137405470637 ], [ -90.452761851171275, 16.015878697476122 ], [ -90.453840971083466, 16.015891505328533 ], [ -90.455884788084447, 16.015826549899561 ], [ -90.457080276268044, 16.015684905646765 ], [ -90.458233589112268, 16.015232249779377 ], [ -90.459255359564636, 16.014334294383129 ], [ -90.460027229381325, 16.013210942074263 ], [ -90.461220256391059, 16.011416235697915 ], [ -90.462300985589337, 16.009453084109353 ], [ -90.463918548978526, 16.006807512491452 ], [ -90.465705870867524, 16.00522980347337 ], [ -90.467206504284178, 16.004537300588161 ], [ -90.468934277234766, 16.004068771929688 ], [ -90.471460865920477, 16.003943852063262 ], [ -90.472583229207103, 16.004134336377849 ], [ -90.47326936266505, 16.004342265708104 ], [ -90.473817213847838, 16.004592600327083 ], [ -90.474385750914067, 16.005286919334026 ], [ -90.474865845960665, 16.006980591073717 ], [ -90.475125396546446, 16.008249381517413 ], [ -90.475291648191188, 16.009650310641693 ], [ -90.475362069492832, 16.011338035164599 ], [ -90.475504691630405, 16.012761267743723 ], [ -90.475741772523691, 16.014007210314009 ], [ -90.4762295788301, 16.015367885087596 ], [ -90.476995110679866, 16.01655342649406 ], [ -90.4775593456867, 16.017314307460204 ], [ -90.47817470227892, 16.017677212974849 ], [ -90.478837842188256, 16.017907442239959 ], [ -90.47943265187935, 16.018047667317749 ], [ -90.480190220366296, 16.018056566096536 ], [ -90.481109155318791, 16.018044775340353 ], [ -90.482121114249296, 16.017923417239402 ], [ -90.483317454376731, 16.017715017252954 ], [ -90.486871311348438, 16.016214292693206 ], [ -90.487983510205794, 16.015405314588033 ], [ -90.489285344089367, 16.014088185778849 ], [ -90.489716495477268, 16.013545603221171 ], [ -90.490125097244004, 16.013032112999191 ], [ -90.490837079134053, 16.011176253318162 ], [ -90.491127531145295, 16.009980516714762 ], [ -90.491335202429354, 16.008028426523836 ], [ -90.491583721469723, 16.006544272302072 ], [ -90.492070985836691, 16.00426348067494 ], [ -90.49268160046843, 16.003182134170899 ], [ -90.493247895174903, 16.001956866393705 ], [ -90.494769052732707, 16.000078809696205 ], [ -90.495286830591823, 15.999091214404279 ], [ -90.495593272530073, 15.998575390007971 ], [ -90.49592562829416, 15.997572078596429 ], [ -90.497420644572543, 15.991694305941039 ], [ -90.497580270982766, 15.9908741567315 ], [ -90.497823986910134, 15.989721893240343 ], [ -90.49823276827027, 15.988249747087256 ], [ -90.498556726696137, 15.98712099741712 ], [ -90.498776500720581, 15.98653188941184 ], [ -90.499261140298913, 15.986796098975821 ], [ -90.499930294878169, 15.986537409386575 ], [ -90.500439494501975, 15.986187653919753 ], [ -90.501709482819336, 15.985625430118965 ], [ -90.503279878660081, 15.984888285090241 ], [ -90.504202772237022, 15.984499288911444 ], [ -90.505079600529811, 15.984153788827726 ], [ -90.506370674003819, 15.983725017673491 ], [ -90.507224737074836, 15.983379246183272 ], [ -90.507916912084866, 15.983098211423473 ], [ -90.508432404119887, 15.982851257504869 ], [ -90.50904886681613, 15.982556920456606 ], [ -90.510040919937751, 15.982190150975244 ], [ -90.510731439565092, 15.982042326283553 ], [ -90.511420855179253, 15.981983688128757 ], [ -90.512384603039706, 15.982017426340821 ], [ -90.512980208923565, 15.982134972617954 ], [ -90.513681396777713, 15.982540542723262 ], [ -90.513611199070056, 15.983120110354029 ], [ -90.513030113555232, 15.983668928928367 ], [ -90.512544535490491, 15.983951240745277 ], [ -90.512059486787791, 15.984190652899043 ], [ -90.511391174516902, 15.984382773495604 ], [ -90.510632624883485, 15.984462063278343 ], [ -90.509964995805873, 15.984598861940015 ], [ -90.507198460009633, 15.98549946488963 ], [ -90.506528475156401, 15.985825919624343 ], [ -90.506042884511203, 15.986108214650947 ], [ -90.505532866645012, 15.986524594690421 ], [ -90.502903329463194, 15.989314644320858 ], [ -90.501436553253143, 15.99096306950609 ], [ -90.500828513351266, 15.99184462527038 ], [ -90.500360394238243, 15.992550535418781 ], [ -90.499984773836886, 15.993233807792636 ], [ -90.499840139999179, 15.993787657483775 ], [ -90.499694395693936, 15.994430697334183 ], [ -90.499611973629769, 15.995473057993602 ], [ -90.499624262527149, 15.996361829334843 ], [ -90.499709805167527, 15.996851738435323 ], [ -90.499865075011812, 15.997319877387669 ], [ -90.500429913071343, 15.998036677835 ], [ -90.501179963794371, 15.99864497552864 ], [ -90.501841425189397, 15.999008345607045 ], [ -90.502368471142475, 15.999103678637143 ], [ -90.503103501230186, 15.999089640806369 ], [ -90.503704378279153, 15.99878611309963 ], [ -90.50428303248448, 15.998391995600961 ], [ -90.504908867621097, 15.997911477705038 ], [ -90.506209966825836, 15.99668227914295 ], [ -90.506911036106928, 15.995735165074887 ], [ -90.507239711533572, 15.995117952979259 ], [ -90.5075481546303, 15.994343555994805 ], [ -90.507788241581082, 15.993480289996858 ], [ -90.508023673733788, 15.993039268468465 ], [ -90.508374591158912, 15.992510384386275 ], [ -90.508840754022486, 15.99196025378189 ], [ -90.509465466950388, 15.991567780695407 ], [ -90.510315132719654, 15.991532461247392 ], [ -90.510911574594061, 15.991584537621605 ], [ -90.511415865511808, 15.991678451970271 ], [ -90.512331084419486, 15.991911491146015 ], [ -90.513040022254415, 15.992164721095417 ], [ -90.5135429079874, 15.992325234257502 ], [ -90.516020627504943, 15.992509715029598 ], [ -90.516595154976358, 15.992493774390095 ], [ -90.517263452208056, 15.992257600052639 ], [ -90.517749366733852, 15.991996736870936 ], [ -90.519348564394392, 15.990770883749763 ], [ -90.520113712131462, 15.990158683845285 ], [ -90.520623213938009, 15.989830336577434 ], [ -90.521292626250798, 15.98955012508128 ], [ -90.522211415304, 15.989494100785455 ], [ -90.52303640061983, 15.98961426736876 ], [ -90.523510814277799, 15.990285934872112 ], [ -90.523503694265059, 15.990863978685352 ], [ -90.523399180643125, 15.991862072319437 ], [ -90.523093304592763, 15.992480710235492 ], [ -90.522789040165804, 15.992920956720774 ], [ -90.522347074419571, 15.993404783606138 ], [ -90.521672986371357, 15.994063207612136 ], [ -90.521114140173609, 15.994700374206383 ], [ -90.520717685462373, 15.995184721783225 ], [ -90.520364869608471, 15.995869429823742 ], [ -90.520082292592889, 15.996443163712259 ], [ -90.519891325856563, 15.997019080843632 ], [ -90.519620190581477, 15.99775328425091 ], [ -90.519543575794287, 15.998853319846319 ], [ -90.519587357424797, 16.000413176563551 ], [ -90.519700218327159, 16.001483782999738 ], [ -90.519942772220361, 16.0020726126439 ], [ -90.520352138156866, 16.002387855616707 ], [ -90.521174150191015, 16.002753028275464 ], [ -90.522136640806536, 16.0028973769119 ], [ -90.522871111638821, 16.002883266403561 ], [ -90.523744717737713, 16.002804140114122 ], [ -90.524459432210506, 16.00254590001979 ], [ -90.525177424830289, 16.002021216589508 ], [ -90.526087343802004, 16.001220970383777 ], [ -90.526572898608066, 16.000279203870921 ], [ -90.527122229548155, 15.999277196923764 ], [ -90.52745171502508, 15.998210553244904 ], [ -90.527609132098917, 15.997276294894569 ], [ -90.527690110439323, 15.996766851060256 ], [ -90.527930284093202, 15.995937427227579 ], [ -90.528194283873219, 15.994973910076284 ], [ -90.528422515832077, 15.994165803697385 ], [ -90.528600549809966, 15.993690219028522 ], [ -90.528847028120026, 15.993249295790084 ], [ -90.529358023477144, 15.992798993174892 ], [ -90.530048839463191, 15.992629658963649 ], [ -90.530883187050193, 15.992939605344834 ], [ -90.53117555323044, 15.993419467693062 ], [ -90.531221460149197, 15.994386554622462 ], [ -90.53076315456984, 15.99553641341168 ], [ -90.530241232815371, 15.996875239035937 ], [ -90.529808213279736, 15.998673521094119 ], [ -90.529700691972124, 15.999680619017848 ], [ -90.529786797744848, 16.000415560211227 ], [ -90.530778900554353, 16.001997623486957 ], [ -90.531529349703874, 16.002583250929341 ], [ -90.531983166093084, 16.002988187827913 ], [ -90.532507529740727, 16.003304731927361 ], [ -90.533125147159794, 16.003490236109403 ], [ -90.533927409460532, 16.003564940969564 ], [ -90.534616086878245, 16.003572849096777 ], [ -90.535327524202842, 16.00358101625881 ], [ -90.535970899504136, 16.003522910287607 ], [ -90.536500990252051, 16.003373168814122 ], [ -90.536917465410085, 16.003111463569532 ], [ -90.537595319897648, 16.002097346645261 ], [ -90.538352218480384, 16.000300496771811 ], [ -90.539286843544502, 15.998812809968802 ], [ -90.53949600849613, 15.998272077936347 ], [ -90.539921266139217, 15.9974345956654 ], [ -90.540318592896895, 15.996828267788791 ], [ -90.541097566596022, 15.996037737295214 ], [ -90.541980924391922, 15.995159194161374 ], [ -90.542699559399793, 15.994624288274387 ], [ -90.543641287236213, 15.996753372086326 ], [ -90.54371885066989, 15.998191687247475 ], [ -90.544044435161595, 15.999968198465309 ], [ -90.544381439766084, 16.000858448520869 ], [ -90.54484980708105, 16.002081043702756 ], [ -90.545912624678266, 16.00338044210795 ], [ -90.546411799549006, 16.003897659101671 ], [ -90.5469556575365, 16.004436839625864 ], [ -90.547615076455926, 16.004977339059234 ], [ -90.548619088167598, 16.005454021799572 ], [ -90.549235656790401, 16.005727543028872 ], [ -90.550038513662159, 16.005803327133311 ], [ -90.550772732139919, 16.005811704022111 ], [ -90.551532178670854, 16.005665669489172 ], [ -90.55206439798701, 16.005293466472011 ], [ -90.552417932778908, 16.004543210266611 ], [ -90.552517178220768, 16.00396733645659 ], [ -90.552550226877102, 16.00312309156682 ], [ -90.552637098737421, 16.002077341158557 ], [ -90.552564493043803, 15.999556202694714 ], [ -90.552559579687681, 15.998090480574165 ], [ -90.552636558825284, 15.997425148333615 ], [ -90.553351949828851, 15.997155519719509 ], [ -90.554397430661595, 15.997100806127197 ], [ -90.555823037568402, 15.996938621465723 ], [ -90.556850291569859, 15.996462504641174 ], [ -90.557337762552123, 15.996023153331771 ], [ -90.558002150892008, 15.995242541943554 ], [ -90.558308209062318, 15.994601260505689 ], [ -90.558653172996813, 15.993639735434099 ], [ -90.558788130089397, 15.992908432642338 ], [ -90.55895873978551, 15.992077040206299 ], [ -90.559148647094162, 15.991578970428307 ], [ -90.559489507008905, 15.990906465582354 ], [ -90.560025215263281, 15.990290373085358 ], [ -90.560846567144537, 15.98979946983302 ], [ -90.561366008573884, 15.98956146283691 ], [ -90.561884652420986, 15.989388938686011 ], [ -90.562460923858978, 15.989229485486574 ], [ -90.563253943450718, 15.989149274292462 ], [ -90.56390787959127, 15.98917927083788 ], [ -90.564515367040599, 15.989285524988819 ], [ -90.565224352483895, 15.989493424723429 ], [ -90.56592934313629, 15.990079550173142 ], [ -90.566152779002167, 15.990571017784969 ], [ -90.5661225033775, 15.991191724839346 ], [ -90.56591999695263, 15.991767572506872 ], [ -90.565085785450975, 15.993368333492135 ], [ -90.564424756770435, 15.994837808935136 ], [ -90.5639940587822, 15.996277146305518 ], [ -90.563895040174444, 15.996885782102586 ], [ -90.564117121103592, 15.997489023808823 ], [ -90.564728320208573, 15.998206207669973 ], [ -90.56546617084885, 15.998924825894582 ], [ -90.566162211979588, 15.999288406770743 ], [ -90.566722408398022, 15.99949462000048 ], [ -90.567307377555167, 15.999535121705144 ], [ -90.567836502563551, 15.999463199564328 ], [ -90.56871466817131, 15.999006789875725 ], [ -90.569411145525407, 15.99836990800382 ], [ -90.570862245648513, 15.997065179736193 ], [ -90.571234582697926, 15.996635781328415 ], [ -90.571781761335956, 15.995987039903307 ], [ -90.572212800252672, 15.995481518849303 ], [ -90.572722370360125, 15.995142875341932 ], [ -90.573448292683395, 15.994917335972799 ], [ -90.57471998690896, 15.995125915494237 ], [ -90.57530091248212, 15.995210385469361 ], [ -90.576027517231907, 15.995218585057593 ], [ -90.576691092889916, 15.995226071228863 ], [ -90.577243262395442, 15.995323763824592 ], [ -90.577789186643784, 15.9954552601654 ], [ -90.578458949217307, 15.99606353950179 ], [ -90.578579121596945, 15.996553834591062 ], [ -90.578634629051251, 15.997227456696429 ], [ -90.578549655906613, 15.998999328398364 ], [ -90.578423531953007, 15.99963251059309 ], [ -90.578070202815169, 16.000132145098622 ], [ -90.57777310657417, 16.000518365317866 ], [ -90.57706545787606, 16.001550366254047 ], [ -90.576746863887351, 16.002121528528189 ], [ -90.57649404024032, 16.003095423803188 ], [ -90.57648011990284, 16.004249296853079 ], [ -90.576471538292409, 16.004960589540289 ], [ -90.576532372063213, 16.005627495228143 ], [ -90.576729338260265, 16.006429184631269 ], [ -90.577157033939102, 16.00712168750659 ], [ -90.577700772200998, 16.007727422497958 ], [ -90.578338556121196, 16.008134350069543 ], [ -90.57954847647801, 16.008680972690929 ], [ -90.580487509916878, 16.008891425992772 ], [ -90.581585139371157, 16.009214322060306 ], [ -90.582270122562889, 16.009532565697427 ], [ -90.582861052897513, 16.010050744779267 ], [ -90.583584881265992, 16.010924983993227 ], [ -90.584621775519238, 16.012513009035423 ], [ -90.585188641812863, 16.01314044414033 ], [ -90.585666166654988, 16.013478930188597 ], [ -90.586511194006476, 16.013888168944931 ], [ -90.587036695090248, 16.014072489581064 ], [ -90.587951089960171, 16.01439329744256 ], [ -90.588821291376462, 16.014602944912586 ], [ -90.589782818065032, 16.014791029376443 ], [ -90.590906245015603, 16.014914306778316 ], [ -90.591755815787252, 16.014946425501154 ], [ -90.59294892003372, 16.015003851342232 ], [ -90.59403022030267, 16.014794653427405 ], [ -90.604097213781287, 16.011909237635852 ], [ -90.605638117138071, 16.01168252409429 ], [ -90.606533751758093, 16.011669930089163 ], [ -90.607473311635729, 16.011792195406901 ], [ -90.60863888991598, 16.012248964928556 ], [ -90.609617441143342, 16.012970138340346 ], [ -90.610157337781928, 16.013908880850654 ], [ -90.610238142099462, 16.014819924965721 ], [ -90.610205339244771, 16.015663080178925 ], [ -90.609964842125763, 16.016593129084683 ], [ -90.609565355611352, 16.017344120772215 ], [ -90.60914601704944, 16.017849852479991 ], [ -90.608220984437864, 16.018416570120962 ], [ -90.607021758258213, 16.01886956113805 ], [ -90.605962396226786, 16.019146820481026 ], [ -90.605066474930496, 16.01918085937525 ], [ -90.603896412597535, 16.019146340504339 ], [ -90.602521267641066, 16.018931108111243 ], [ -90.600387962784836, 16.018751429312175 ], [ -90.599125951683092, 16.018693273232685 ], [ -90.598069517708453, 16.018725486724623 ], [ -90.596860715785937, 16.019099268405853 ], [ -90.595772845961974, 16.019513916524655 ], [ -90.595224311991572, 16.020031717923008 ], [ -90.594998367132433, 16.020764293753111 ], [ -90.594658156073763, 16.022019539138853 ], [ -90.594648099309396, 16.022858421613147 ], [ -90.594738473970295, 16.02432852306049 ], [ -90.595097721795455, 16.026939871898289 ], [ -90.595320150907654, 16.027864922349611 ], [ -90.595644583704185, 16.0295341295928 ], [ -90.595824027456175, 16.031756150030859 ], [ -90.59622687671019, 16.033507538075074 ], [ -90.596751896223921, 16.034808617399918 ], [ -90.597362250899209, 16.035614931806013 ], [ -90.598066924673489, 16.036199851924504 ], [ -90.598727651428391, 16.036652160115846 ], [ -90.599390203517558, 16.03690348897527 ], [ -90.600147114206877, 16.0369785884142 ], [ -90.600927587549478, 16.03698732574254 ], [ -90.601456680862924, 16.036926624013944 ], [ -90.601940182346212, 16.03682137310614 ], [ -90.602401941449472, 16.0365815002652 ], [ -90.602798571854592, 16.036075537953632 ], [ -90.603125735527257, 16.035568795478824 ], [ -90.609088755597156, 16.030394733415285 ], [ -90.610763261332579, 16.028570526279985 ], [ -90.612398818693322, 16.026190299673289 ], [ -90.612961744585718, 16.025197211296589 ], [ -90.613451554374123, 16.024559012000495 ], [ -90.614029568104414, 16.024210868694734 ], [ -90.61474297550626, 16.024062972322191 ], [ -90.615476817910434, 16.024160341468452 ], [ -90.616003452379559, 16.02425427424749 ], [ -90.616871098824333, 16.024686240982835 ], [ -90.619468431623446, 16.026358095344662 ], [ -90.620925823019761, 16.027373624345607 ], [ -90.622789409822985, 16.028993263804836 ], [ -90.624469161508259, 16.030609725313681 ], [ -90.626624524401052, 16.032788149081405 ], [ -90.630052058048975, 16.036156146037644 ], [ -90.631904465134298, 16.038685755406391 ], [ -90.633198062872808, 16.039988490499876 ], [ -90.633835292599599, 16.040461896931703 ], [ -90.63429209676886, 16.040689397649274 ], [ -90.635071300718209, 16.04080866392497 ], [ -90.635599617699199, 16.040814493753139 ], [ -90.63624314244079, 16.04075496842804 ], [ -90.637141277629055, 16.040542415589414 ], [ -90.638017099270215, 16.040241532984162 ], [ -90.63889475439457, 16.039784831018881 ], [ -90.639518912634301, 16.039436001378345 ], [ -90.640442413320656, 16.039002383195182 ], [ -90.641066566903618, 16.038653545936281 ], [ -90.641573882085837, 16.038459254435459 ], [ -90.642313539973969, 16.038068773792276 ], [ -90.643259545023341, 16.037656846959973 ], [ -90.644033970213826, 16.037387567836241 ], [ -90.645974820641385, 16.037176271707793 ], [ -90.647443391598841, 16.037259020839077 ], [ -90.648404403491455, 16.037557522711165 ], [ -90.649274467650812, 16.037745485075856 ], [ -90.650462819533914, 16.0382248898207 ], [ -90.650963365840184, 16.038607541985783 ], [ -90.651303373973434, 16.03898843392275 ], [ -90.651626464406547, 16.040813434486736 ], [ -90.651963103580613, 16.041482245517717 ], [ -90.652669790436974, 16.041912321352992 ], [ -90.653496434156622, 16.041921375148299 ], [ -90.654418630236336, 16.041598347035741 ], [ -90.65543877046953, 16.040788552694895 ], [ -90.655996360771212, 16.040239067058497 ], [ -90.656417150569823, 16.039554832611525 ], [ -90.65698043661294, 16.038517571833278 ], [ -90.657308840732711, 16.037944118116247 ], [ -90.657637702898711, 16.037281461549536 ], [ -90.658033698126999, 16.036819409664449 ], [ -90.658544110076093, 16.03635860907389 ], [ -90.659255728538866, 16.036366381316689 ], [ -90.660011648862863, 16.036530470130987 ], [ -90.66088206062561, 16.036739847616751 ], [ -90.661841210237156, 16.037150064622178 ], [ -90.662504458295373, 16.037401215426144 ], [ -90.663805009933981, 16.038125692510597 ], [ -90.665104989548183, 16.038850154158709 ], [ -90.666246562384032, 16.039440763269603 ], [ -90.667252635258336, 16.039784843850679 ], [ -90.668009876795168, 16.039837126990335 ], [ -90.668757027923036, 16.039803473468154 ], [ -90.669437024183551, 16.039519521542896 ], [ -90.670087518748488, 16.038860338599509 ], [ -90.670694532675142, 16.038023386404376 ], [ -90.671542838034085, 16.036167079451307 ], [ -90.672124078641573, 16.033576112594599 ], [ -90.672760469367873, 16.032117250196375 ], [ -90.673276323319143, 16.031234126228494 ], [ -90.674138062329504, 16.030177460282854 ], [ -90.675205671377626, 16.029189648016455 ], [ -90.676086547397347, 16.028444853043517 ], [ -90.677406394430051, 16.027503802761409 ], [ -90.680737871891878, 16.025319732417657 ], [ -90.681319657298005, 16.024637174876901 ], [ -90.681813630019207, 16.023621664163961 ], [ -90.682330113498708, 16.022627850509526 ], [ -90.683071198125788, 16.022102842696253 ], [ -90.683761186840812, 16.021806523460228 ], [ -90.684432401130067, 16.021517904210917 ], [ -90.687083660538875, 16.020592275760833 ], [ -90.6901730048438, 16.01949290551023 ], [ -90.691739802823363, 16.018998209447354 ], [ -90.692937880574064, 16.018633919507419 ], [ -90.694225563129237, 16.018447882213032 ], [ -90.695098755256197, 16.018413221237545 ], [ -90.696039492357357, 16.018444780539564 ], [ -90.697002296180059, 16.018588371224272 ], [ -90.697985319499253, 16.018954641043745 ], [ -90.698920273997132, 16.019541726704645 ], [ -90.699398043223141, 16.019879986927176 ], [ -90.700175273271455, 16.0202214541542 ], [ -90.700864774499848, 16.020118176310771 ], [ -90.701629341339654, 16.019526723770998 ], [ -90.701922656671002, 16.017975983280959 ], [ -90.701869288936919, 16.016620282925555 ], [ -90.701737502333472, 16.01609714779546 ], [ -90.700322886590115, 16.013350281422515 ], [ -90.699511081575665, 16.012054210278357 ], [ -90.698220205233198, 16.010485362662923 ], [ -90.697040004015065, 16.00929600470084 ], [ -90.696086412238969, 16.008352993526028 ], [ -90.695161012058762, 16.006989067276049 ], [ -90.694946648543038, 16.005676810630977 ], [ -90.69495684534823, 16.004788186311725 ], [ -90.695085253283153, 16.003568823144136 ], [ -90.695347542631069, 16.002179246980941 ], [ -90.695016106351559, 15.998044816258611 ], [ -90.694795043739319, 15.996298848721258 ], [ -90.69474523871385, 15.995653502191271 ], [ -90.694693062163893, 15.995163966875465 ], [ -90.695135628563335, 15.994646992659959 ], [ -90.698619885759186, 15.996184016942259 ], [ -90.699511740384779, 15.996550419517328 ], [ -90.70026975618606, 15.996675979952334 ], [ -90.701029123280961, 15.996785741871422 ], [ -90.701894589235309, 15.996857112579779 ], [ -90.702740463171338, 15.996804049017936 ], [ -90.703840812834514, 15.996652067753216 ], [ -90.704809264593749, 15.996497542880839 ], [ -90.70553463532336, 15.996364130698014 ], [ -90.706862729271776, 15.996000002892053 ], [ -90.707376062370727, 15.995622656347914 ], [ -90.707737597097122, 15.995093494088765 ], [ -90.707882438870584, 15.994472806848998 ], [ -90.707889532753811, 15.993850647552803 ], [ -90.707919229801703, 15.9930378821571 ], [ -90.707973898996173, 15.99151958338074 ], [ -90.707765193152113, 15.988679476683849 ], [ -90.707477938718966, 15.986687750102524 ], [ -90.706792339657483, 15.984359766497326 ], [ -90.706534997983383, 15.983790122913575 ], [ -90.705730159299179, 15.982860042283951 ], [ -90.704936125427409, 15.982006867448725 ], [ -90.704084258519643, 15.981209535729363 ], [ -90.703551113488757, 15.980615486307791 ], [ -90.702736104008864, 15.979607369975284 ], [ -90.702396958554147, 15.979148648739836 ], [ -90.701876902480322, 15.978431645739162 ], [ -90.701687298229359, 15.977963228298911 ], [ -90.701650825333871, 15.977119268495343 ], [ -90.701770990201652, 15.975643457826509 ], [ -90.702440948614267, 15.974272894837624 ], [ -90.703383513806415, 15.973205628268634 ], [ -90.703846109819011, 15.972921473367334 ], [ -90.704918717726514, 15.972477818802862 ], [ -90.705770644892908, 15.972242981982808 ], [ -90.706989371038645, 15.972088841968409 ], [ -90.707678609687378, 15.972096187487994 ], [ -90.708973611808972, 15.972265823596043 ], [ -90.711307559561249, 15.973000988751773 ], [ -90.712220351130668, 15.97352226464344 ], [ -90.713601911491992, 15.974191939296752 ], [ -90.714623244473387, 15.975230443844067 ], [ -90.71511855105463, 15.975869235861952 ], [ -90.71548328558822, 15.976338376694152 ], [ -90.715787640270975, 15.976830589274506 ], [ -90.716116480837613, 15.977222557354468 ], [ -90.716525653685707, 15.97758262825216 ], [ -90.717107507615353, 15.977899359620517 ], [ -90.718078800955908, 15.97830943548969 ], [ -90.718889759359953, 15.978652309426476 ], [ -90.719886797778244, 15.97885147232293 ], [ -90.720756565525903, 15.979104621452922 ], [ -90.721373737059707, 15.979344923454502 ], [ -90.72199041169425, 15.979629264530709 ], [ -90.722560610759515, 15.979945859321466 ], [ -90.723345906787372, 15.980597870379185 ], [ -90.724447993313149, 15.981625898914892 ], [ -90.7252791979015, 15.98224564264296 ], [ -90.725962997012829, 15.982686523846199 ], [ -90.726854544173236, 15.983029095001216 ], [ -90.727437682900614, 15.983235143300369 ], [ -90.728882546363863, 15.983427712439408 ], [ -90.729501629563885, 15.983500877778283 ], [ -90.730751087157998, 15.983681205939028 ], [ -90.731692019477748, 15.983735179492902 ], [ -90.73334592369865, 15.983663409488713 ], [ -90.734229589311823, 15.983463803606384 ], [ -90.735131350537685, 15.98316048840265 ], [ -90.735743847354797, 15.98283379749401 ], [ -90.736370302816326, 15.982252029310503 ], [ -90.736803696427501, 15.98150108750318 ], [ -90.737009619909543, 15.980526411777797 ], [ -90.737105158292366, 15.979193712600958 ], [ -90.737112649917975, 15.978527503393193 ], [ -90.737004911045346, 15.977882666733919 ], [ -90.736887086753967, 15.977148512193256 ], [ -90.736731883499786, 15.976624011728456 ], [ -90.736509260236275, 15.976022009976109 ], [ -90.736252697901122, 15.975375609386186 ], [ -90.73591689319494, 15.974561235291571 ], [ -90.735579424580948, 15.973946732851807 ], [ -90.735520553245621, 15.973057353285226 ], [ -90.73557389867014, 15.972414212171138 ], [ -90.735765485747848, 15.97172735580979 ], [ -90.736166541379845, 15.970787480908706 ], [ -90.736748967946369, 15.970016649724144 ], [ -90.737692390653663, 15.96880466741913 ], [ -90.738772999622284, 15.967693498196899 ], [ -90.739538127093908, 15.967023956248337 ], [ -90.740160032266601, 15.966841894318764 ], [ -90.740965643203126, 15.966673050415817 ], [ -90.741585925738264, 15.966635519391673 ], [ -90.742321064567207, 15.966609354319838 ], [ -90.743159250344874, 15.966606852640561 ], [ -90.743801925052992, 15.966602300331829 ], [ -90.744342380298463, 15.966552628086792 ], [ -90.744984552060345, 15.966593237397197 ], [ -90.745670933623501, 15.966855652857323 ], [ -90.746135357731362, 15.967393550922909 ], [ -90.746886011526769, 15.968067704508663 ], [ -90.747446504264687, 15.968262167401848 ], [ -90.748214214354249, 15.968403461901152 ], [ -90.749111333473792, 15.968246838837482 ], [ -90.749768140708454, 15.968075278787088 ], [ -90.750367681957002, 15.967804866468152 ], [ -90.75103755792162, 15.967456135221843 ], [ -90.751918235793568, 15.96673241356805 ], [ -90.753647498715949, 15.965073443716893 ], [ -90.754722856719525, 15.964372067981122 ], [ -90.755542604244894, 15.963980839320948 ], [ -90.756141368076044, 15.963831237510181 ], [ -90.756625523779107, 15.963647688766937 ], [ -90.757548061791113, 15.963302698590411 ], [ -90.758196788485321, 15.962753831459477 ], [ -90.758547170051557, 15.962213151661874 ], [ -90.758735699585174, 15.960743614298865 ], [ -90.758789465328633, 15.960055291186231 ], [ -90.758654307578027, 15.956726915865101 ], [ -90.758530665049179, 15.955616637656094 ], [ -90.75795839072029, 15.955276403569483 ], [ -90.757318345147297, 15.955047260744593 ], [ -90.756700319843404, 15.954884977911616 ], [ -90.755646760618902, 15.954630067896957 ], [ -90.754432974526466, 15.954350896876049 ], [ -90.753586008307977, 15.954098131614019 ], [ -90.752899873617665, 15.953868495844135 ], [ -90.752329683970231, 15.953551984190463 ], [ -90.751714560657334, 15.953078028621823 ], [ -90.751171594480141, 15.952362022567945 ], [ -90.750719269999024, 15.951735046185471 ], [ -90.750402928490217, 15.951265336643024 ], [ -90.75010934793454, 15.950795864552203 ], [ -90.749573500780087, 15.949965870045604 ], [ -90.749156724187671, 15.949239885089355 ], [ -90.748855541089881, 15.948458640798822 ], [ -90.748421837861841, 15.947210737166012 ], [ -90.747799607832818, 15.94533748173656 ], [ -90.747375352464843, 15.944289562493513 ], [ -90.747128015501644, 15.943809277712541 ], [ -90.746579875238339, 15.943559615121291 ], [ -90.746005020656639, 15.94366427394586 ], [ -90.745243024101072, 15.944012034482499 ], [ -90.744551467883284, 15.944271314600561 ], [ -90.743696121935088, 15.944772805003799 ], [ -90.742820073750025, 15.945141946764799 ], [ -90.742128179780522, 15.945378629469474 ], [ -90.741184684554526, 15.945568625458025 ], [ -90.740265277844927, 15.945692242806288 ], [ -90.739438487737374, 15.945727613397208 ], [ -90.738818179892675, 15.94572110389548 ], [ -90.738222291455045, 15.945670804883385 ], [ -90.73762656889447, 15.945553879155044 ], [ -90.737122717641412, 15.945415329256321 ], [ -90.736642461363033, 15.945254440975939 ], [ -90.735958369761704, 15.944847478281485 ], [ -90.735321291941361, 15.944307751978215 ], [ -90.734662209781362, 15.943701163695565 ], [ -90.734259049318709, 15.942808165813837 ], [ -90.734129820424386, 15.942051303935834 ], [ -90.734047682356248, 15.94120684922995 ], [ -90.734033155423191, 15.940473780941362 ], [ -90.734087407250072, 15.939696260712566 ], [ -90.734210591292282, 15.938964640115074 ], [ -90.734407734317543, 15.936739726934526 ], [ -90.734459815279962, 15.93620724344407 ], [ -90.734549352572046, 15.93535330145559 ], [ -90.734627561265114, 15.934520696726977 ], [ -90.734810911640267, 15.933523190335986 ], [ -90.735189240215618, 15.93257177339045 ], [ -90.735587330025567, 15.931887079737439 ], [ -90.735809954591957, 15.931445600583336 ], [ -90.736810024320093, 15.929742945013238 ], [ -90.737155969582915, 15.929127715012767 ], [ -90.737827835269684, 15.928590440444117 ], [ -90.739699996555672, 15.927487538761289 ], [ -90.741362384120762, 15.926616189085484 ], [ -90.742584172751421, 15.926162576330821 ], [ -90.743254829192054, 15.925731423539547 ], [ -90.744434693052725, 15.924955506239652 ], [ -90.745474282137351, 15.924355416523767 ], [ -90.747021896320732, 15.923515567837017 ], [ -90.748084844691064, 15.922860371718826 ], [ -90.748467945343208, 15.922519930171923 ], [ -90.748898316122222, 15.921969928823914 ], [ -90.749386459292509, 15.921419397943028 ], [ -90.749851591982264, 15.920891213396049 ], [ -90.750387800639587, 15.920163881431284 ], [ -90.750703195165684, 15.919666881268112 ], [ -90.751125192542816, 15.918871726114311 ], [ -90.75147981956124, 15.917942605429996 ], [ -90.751727714949737, 15.917322936018854 ], [ -90.752252330688819, 15.916639518657998 ], [ -90.752578423175862, 15.916176507562874 ], [ -90.752676775767526, 15.915623037604361 ], [ -90.752575923723157, 15.914354893825788 ], [ -90.75225143631998, 15.912575097860341 ], [ -90.751988154369769, 15.911483695763549 ], [ -90.751878778287022, 15.910982267526595 ], [ -90.751782177412124, 15.910381594097382 ], [ -90.751626183112478, 15.907880792999029 ], [ -90.751551326636402, 15.906321554795314 ], [ -90.751595862362677, 15.905464867626399 ], [ -90.751651334067773, 15.904621845464296 ], [ -90.75187089018425, 15.902402762601847 ], [ -90.752132772232912, 15.90157205353721 ], [ -90.7526459506865, 15.900810586360977 ], [ -90.753649122693275, 15.899377752362142 ], [ -90.754395350295596, 15.898330725546945 ], [ -90.758409046902003, 15.890330507823847 ], [ -90.758613364817506, 15.88947772876989 ], [ -90.758696344833254, 15.888201323349243 ], [ -90.758694361498556, 15.887379155283247 ], [ -90.75863215999594, 15.886778839428208 ], [ -90.758573158689785, 15.885889452132924 ], [ -90.758487998305782, 15.88525501629619 ], [ -90.758382255239667, 15.88447694580325 ], [ -90.758183980378888, 15.883730666684068 ], [ -90.757502393947703, 15.883057297062138 ], [ -90.757022006524281, 15.882919053288582 ], [ -90.756518505112311, 15.88281331949503 ], [ -90.755865400403579, 15.882729748438274 ], [ -90.754948417576387, 15.882608425086193 ], [ -90.754156788067135, 15.882600203674382 ], [ -90.753524594167757, 15.882682854061446 ], [ -90.75300744867306, 15.882755401890018 ], [ -90.751844236495032, 15.883109208809307 ], [ -90.751140986254555, 15.883391000905718 ], [ -90.750333610751909, 15.883749630989003 ], [ -90.74964264985536, 15.883975078370044 ], [ -90.749031817216277, 15.884235239389429 ], [ -90.748339518547851, 15.884528426936026 ], [ -90.74649382525989, 15.885392321521886 ], [ -90.745744692683573, 15.88570636643659 ], [ -90.745225596758075, 15.885900839808871 ], [ -90.74431764448488, 15.886068671531886 ], [ -90.743524932210136, 15.886104440275947 ], [ -90.743020314243111, 15.886099172210617 ], [ -90.742470466463047, 15.886016638078932 ], [ -90.741158822798596, 15.885395365861267 ], [ -90.740486348638484, 15.884851914763884 ], [ -90.738123237494534, 15.882727816438106 ], [ -90.736898483083621, 15.881382414126852 ], [ -90.736664635772911, 15.880746423930983 ], [ -90.736601137097296, 15.880268061087259 ], [ -90.736530061417255, 15.8794237232061 ], [ -90.736544962214168, 15.878090164453923 ], [ -90.736584796501248, 15.876613444589863 ], [ -90.736691758648902, 15.875237935579237 ], [ -90.736734817020576, 15.873472145310325 ], [ -90.73708642273337, 15.872809530182733 ], [ -90.737619706112255, 15.872282073410712 ], [ -90.737968550896198, 15.871918693945622 ], [ -90.738352954294427, 15.871400971939972 ], [ -90.738567013217775, 15.870725623892016 ], [ -90.73881561152848, 15.870039340143638 ], [ -90.738913376824314, 15.86948587014462 ], [ -90.738737187744036, 15.868806443029946 ], [ -90.737961635424682, 15.868408723991859 ], [ -90.737504794383483, 15.868204058845548 ], [ -90.736980607455692, 15.867865431699993 ], [ -90.736354162064046, 15.867437645189851 ], [ -90.735661588506616, 15.866819444091528 ], [ -90.734713261101049, 15.866431200911908 ], [ -90.734116406231863, 15.866436243798631 ], [ -90.733565632904813, 15.866441770047462 ], [ -90.732843035654426, 15.866422907220802 ], [ -90.73206629052585, 15.866081623586901 ], [ -90.731600360357547, 15.865699551377864 ], [ -90.731180689421919, 15.865250205259903 ], [ -90.730727086542615, 15.864757589642103 ], [ -90.730263904873127, 15.864130483065715 ], [ -90.729839907752961, 15.86302609228364 ], [ -90.729737310117102, 15.861925072235197 ], [ -90.729805624205042, 15.860981688568138 ], [ -90.730067793632415, 15.86007421650404 ], [ -90.730930989169877, 15.858838768151887 ], [ -90.731781383386206, 15.857703691784918 ], [ -90.732662459860464, 15.856902074840491 ], [ -90.733975963910382, 15.85540593796688 ], [ -90.735253597110159, 15.853986210280132 ], [ -90.735752997780054, 15.853458397654125 ], [ -90.735953471287004, 15.853005379859709 ], [ -90.735961647710454, 15.852272541530697 ], [ -90.735981286078996, 15.85150594619812 ], [ -90.736127854257376, 15.850707924601618 ], [ -90.736330315768953, 15.850076496713289 ], [ -90.736599153501231, 15.849612900601798 ], [ -90.736924610496473, 15.849250404418111 ], [ -90.737329611037396, 15.848921486598842 ], [ -90.737779580232157, 15.848692420151821 ], [ -90.738436102915969, 15.848510679841839 ], [ -90.739251822755804, 15.848385934775385 ], [ -90.739827726649779, 15.848214642485082 ], [ -90.740367779436582, 15.84811976726156 ], [ -90.740506914365625, 15.845943899335271 ], [ -90.740516050745782, 15.84512298185388 ], [ -90.740708559355284, 15.844335598343756 ], [ -90.740862716774274, 15.843849339727353 ], [ -90.741098572521409, 15.84330747029942 ], [ -90.741344403119029, 15.842865082554356 ], [ -90.7417292230962, 15.842303305562206 ], [ -90.742262496768319, 15.841819867085277 ], [ -90.742963007635382, 15.84177182803459 ], [ -90.743604798067992, 15.841811262048628 ], [ -90.744166543661564, 15.841862283559532 ], [ -90.745185478274379, 15.842082940903808 ], [ -90.745793334379229, 15.842079099535102 ], [ -90.746507978723344, 15.841808720182847 ], [ -90.747178399252945, 15.841370738792172 ], [ -90.747711064824074, 15.840888409747135 ], [ -90.748186425977835, 15.840470982802273 ], [ -90.748710483741036, 15.839764954022181 ], [ -90.748978650136465, 15.839357797510418 ], [ -90.749236987794418, 15.838837603724809 ], [ -90.74946200002735, 15.838218813457727 ], [ -90.749593774085227, 15.837697304774805 ], [ -90.749727102157323, 15.837087727321093 ], [ -90.749907886295645, 15.836301336917684 ], [ -90.75005303355816, 15.835625248958841 ], [ -90.750275743759488, 15.835161150545117 ], [ -90.750684351861551, 15.834554428360692 ], [ -90.751241555595087, 15.833960537979911 ], [ -90.751772451151268, 15.833688228448386 ], [ -90.752645721311296, 15.833575315353364 ], [ -90.753515922143407, 15.833740180170624 ], [ -90.754245299814329, 15.834191561779845 ], [ -90.754664276851202, 15.834651020742371 ], [ -90.754946810652243, 15.835053727271623 ], [ -90.75524100597498, 15.835456554303979 ], [ -90.756072143755858, 15.836043374317645 ], [ -90.756610191114348, 15.836126867622374 ], [ -90.757365884604383, 15.836256653923508 ], [ -90.758098832580146, 15.836386202464469 ], [ -90.758981575177671, 15.83647325226325 ], [ -90.759614357035545, 15.836323946046548 ], [ -90.760260171662111, 15.835997468499272 ], [ -90.765798236600574, 15.832161805523747 ], [ -90.76690961954705, 15.831240425519532 ], [ -90.767757871707801, 15.830271153739487 ], [ -90.768175914064201, 15.829809041775739 ], [ -90.768514415196762, 15.82931335913324 ], [ -90.768773902019802, 15.828682472023891 ], [ -90.769062468807178, 15.827474794398254 ], [ -90.769404530212199, 15.826600819102552 ], [ -90.769616226730477, 15.826125286661251 ], [ -90.769816472121846, 15.82568351604627 ], [ -90.770062329475138, 15.825230919934175 ], [ -90.770588822614641, 15.824292206340232 ], [ -90.770903866160552, 15.823806442304038 ], [ -90.77125343983451, 15.823309738254775 ], [ -90.77190586834017, 15.822427650888445 ], [ -90.772337156553675, 15.821765769903822 ], [ -90.772636619864542, 15.820624823925844 ], [ -90.772945068457489, 15.818662941602451 ], [ -90.773055550161729, 15.818001153522536 ], [ -90.77314166889083, 15.817487058059408 ], [ -90.773597515543841, 15.816711361755363 ], [ -90.773980378141417, 15.816315503645535 ], [ -90.774536006891225, 15.815854784970838 ], [ -90.775112897082039, 15.815582880102117 ], [ -90.77594976631579, 15.81559145754664 ], [ -90.776764472876948, 15.815599804737046 ], [ -90.777441426923872, 15.815618032398275 ], [ -90.778120954670428, 15.815347172404021 ], [ -90.778806280176596, 15.814598656962337 ], [ -90.779180854757399, 15.813892131350824 ], [ -90.779328789654528, 15.812949513833468 ], [ -90.779335099751833, 15.812371356445928 ], [ -90.779365993391181, 15.809540407332779 ], [ -90.77945192735757, 15.809040985098257 ], [ -90.781330168779675, 15.806183745730841 ], [ -90.781704727985058, 15.805476083570959 ], [ -90.781828075323133, 15.80470035405463 ], [ -90.781856392575477, 15.80418904942765 ], [ -90.78187700075496, 15.803368224623663 ], [ -90.781744949910347, 15.802855282053587 ], [ -90.78120377241261, 15.80199484125901 ], [ -90.780771454737973, 15.801634680203641 ], [ -90.779653086707938, 15.801078905944641 ], [ -90.778445105363389, 15.800344903737733 ], [ -90.777477846027281, 15.799624652967925 ], [ -90.777024108740875, 15.799197635063964 ], [ -90.776755412737216, 15.798595203978406 ], [ -90.776898123997555, 15.798130246086098 ], [ -90.777307085095998, 15.797422943170382 ], [ -90.777690626838336, 15.796960448138901 ], [ -90.778085347251405, 15.796542112151876 ], [ -90.778675794252649, 15.796037685086855 ], [ -90.779368488488188, 15.795622389978975 ], [ -90.779852065013458, 15.795505362546399 ], [ -90.780346136371435, 15.795388441178956 ], [ -90.780818666332181, 15.795214830009522 ], [ -90.781417861678833, 15.794977010425297 ], [ -90.782146158222986, 15.794451393724806 ], [ -90.782737314995416, 15.793880331468586 ], [ -90.783203371758063, 15.793228933932463 ], [ -90.783430881725508, 15.792365045858718 ], [ -90.783439100234801, 15.791609596014034 ], [ -90.783432992089445, 15.791099067568751 ], [ -90.783338537476993, 15.790292878827316 ], [ -90.783313200241452, 15.789459160630084 ], [ -90.783412475431803, 15.788749813721935 ], [ -90.784071334532371, 15.788278816617991 ], [ -90.78466809991653, 15.788262313319677 ], [ -90.7854147440015, 15.788191995316041 ], [ -90.786150436416861, 15.788056062298883 ], [ -90.787185677758856, 15.787777489273342 ], [ -90.787970583297508, 15.787351807834654 ], [ -90.788789539280614, 15.786905009699908 ], [ -90.789344450126009, 15.78649956908508 ], [ -90.789739128739114, 15.786081205901656 ], [ -90.79008737112251, 15.78569624778606 ], [ -90.790391575771608, 15.785177579523717 ], [ -90.790649619652882, 15.784613266860648 ], [ -90.790737186723902, 15.783959129544485 ], [ -90.791488376124704, 15.78346758898806 ], [ -90.792259554560061, 15.783230349383315 ], [ -90.79318061717079, 15.782883952185438 ], [ -90.793676557206879, 15.782645044558112 ], [ -90.794301327891716, 15.782140913366739 ], [ -90.794589287285604, 15.780965917340636 ], [ -90.794713279485222, 15.780123545707863 ], [ -90.79483041889813, 15.778836135562971 ], [ -90.794888484914267, 15.776648032418429 ], [ -90.794921541667463, 15.775694059598882 ], [ -90.794952908481037, 15.774950132193196 ], [ -90.795134045002342, 15.774107209812692 ], [ -90.795703924793557, 15.773391325343255 ], [ -90.796441513405441, 15.773020460459019 ], [ -90.797074894594971, 15.772849566071821 ], [ -90.797810661894815, 15.772701163638544 ], [ -90.799314669675297, 15.772583117007406 ], [ -90.801334926465245, 15.772448819823627 ], [ -90.80282776037015, 15.772285462813549 ], [ -90.804458305402946, 15.772113319303532 ], [ -90.805217160649647, 15.77193237177547 ], [ -90.806173612545322, 15.771542223508256 ], [ -90.806867012555117, 15.77104890331883 ], [ -90.807722039264775, 15.77049170723955 ], [ -90.808207473372519, 15.770140849105294 ], [ -90.808826244689001, 15.769102416852087 ], [ -90.809061209362639, 15.768616894490767 ], [ -90.809261322638974, 15.768118600154839 ], [ -90.80944380984036, 15.767143534166578 ], [ -90.809513095358696, 15.766066814667173 ], [ -90.810009867581954, 15.762483812734859 ], [ -90.810244010209374, 15.760986368281189 ], [ -90.810514691705094, 15.759289391350148 ], [ -90.810663124755663, 15.758280098729434 ], [ -90.810892130982396, 15.75617273948354 ], [ -90.810910930817599, 15.755506600235478 ], [ -90.811022103378136, 15.754763464291537 ], [ -90.811301814713843, 15.754343890514905 ], [ -90.813053021876385, 15.753617227847771 ], [ -90.814410368628515, 15.753242347960864 ], [ -90.8149397917676, 15.75308051240815 ], [ -90.815400063083956, 15.75289652409632 ], [ -90.816000053645254, 15.752569377097876 ], [ -90.816703827305261, 15.752187927271818 ], [ -90.81750150973842, 15.751584931626068 ], [ -90.818854647039629, 15.750565105549851 ], [ -90.819364053121717, 15.750092479453954 ], [ -90.819712057300578, 15.749718751110203 ], [ -90.820051004615934, 15.749155196852419 ], [ -90.820196642821955, 15.748402230652895 ], [ -90.820101387053398, 15.74765701988756 ], [ -90.819761919895797, 15.747231235923298 ], [ -90.819375322211613, 15.746905496808186 ], [ -90.817210477756007, 15.745369329311139 ], [ -90.81632582206548, 15.744619595660348 ], [ -90.815803662717713, 15.744103885030045 ], [ -90.815291394902417, 15.743754291464409 ], [ -90.814355661658709, 15.743311230491805 ], [ -90.813738661604987, 15.743105141926891 ], [ -90.813098686592923, 15.742921410119211 ], [ -90.812435875223983, 15.742692271928929 ], [ -90.811658915486063, 15.74239648131358 ], [ -90.810756531476343, 15.742053126633156 ], [ -90.809626333078029, 15.741586633736684 ], [ -90.808140276098939, 15.741139146024965 ], [ -90.807419873689412, 15.740953461242841 ], [ -90.806297432980259, 15.740797606649201 ], [ -90.805598450002307, 15.740735231933563 ], [ -90.805014070046624, 15.740696595579287 ], [ -90.804485416136572, 15.740735317590325 ], [ -90.803807423967768, 15.740889985256519 ], [ -90.802826114151458, 15.741491082633027 ], [ -90.802235786377437, 15.741951557941722 ], [ -90.801482256673864, 15.742732254514364 ], [ -90.800890234518747, 15.743403898469293 ], [ -90.800064570494271, 15.744439097313776 ], [ -90.798682082575311, 15.746069487568089 ], [ -90.79824215797818, 15.746476130414637 ], [ -90.797386015073471, 15.747145092907351 ], [ -90.796970259632303, 15.747418714158167 ], [ -90.795957622064208, 15.747730338589482 ], [ -90.795222312279009, 15.747844871880954 ], [ -90.794694697772016, 15.747839531973785 ], [ -90.793973084005472, 15.74776559410506 ], [ -90.792910258078891, 15.74743296228673 ], [ -90.792419449168477, 15.747205506393481 ], [ -90.79165550254568, 15.746786678492233 ], [ -90.791029148424244, 15.746369243225807 ], [ -90.789562348710149, 15.745221623547373 ], [ -90.788926136818091, 15.744638066907745 ], [ -90.788198997719164, 15.744052459628866 ], [ -90.787583244827204, 15.743680296130121 ], [ -90.786932008445945, 15.743462495082063 ], [ -90.786290866274655, 15.743389351032238 ], [ -90.785270066575393, 15.743378979258308 ], [ -90.784526599481126, 15.743171525950778 ], [ -90.783867536857173, 15.742654359066222 ], [ -90.783486559175699, 15.741817021681074 ], [ -90.783336494049124, 15.740816019056034 ], [ -90.783325207273492, 15.739759958868959 ], [ -90.783143619901836, 15.738547447544342 ], [ -90.782947484401305, 15.737601314197363 ], [ -90.782691469469597, 15.736854465648282 ], [ -90.782401034187188, 15.73616373577612 ], [ -90.782166174755147, 15.735616998347579 ], [ -90.781594244594558, 15.734433267408193 ], [ -90.781325254544356, 15.73380825593963 ], [ -90.780979143901774, 15.732983696899199 ], [ -90.780710618469826, 15.732369984031754 ], [ -90.780520514970576, 15.731890333216148 ], [ -90.77984903488597, 15.730372426544658 ], [ -90.779502117768274, 15.729569313120473 ], [ -90.779222666164927, 15.728888858485972 ], [ -90.778895914185938, 15.727947040030049 ], [ -90.778556866559882, 15.726849246121175 ], [ -90.778415328823399, 15.726192781633708 ], [ -90.778433992185455, 15.725493905165902 ], [ -90.778855062241689, 15.724727974495559 ], [ -90.779615898045051, 15.724402561844952 ], [ -90.780925938499337, 15.724127905448482 ], [ -90.782006653285009, 15.723872366870543 ], [ -90.782674901384411, 15.723590047232731 ], [ -90.783114919475892, 15.723172139654618 ], [ -90.783879825297106, 15.722469547305632 ], [ -90.784456210475213, 15.722163697284852 ], [ -90.785766954303, 15.721822386496468 ], [ -90.786640349521178, 15.721652808557559 ], [ -90.787419331832467, 15.721749927659957 ], [ -90.7883072960812, 15.722336032886789 ], [ -90.789032791656908, 15.72312151222174 ], [ -90.789694311571523, 15.723461377018019 ], [ -90.790860541582433, 15.723762305032936 ], [ -90.792030246720003, 15.723795603633711 ], [ -90.79355190232657, 15.723033998432172 ], [ -90.79468248953772, 15.722423149312608 ], [ -90.795654333782863, 15.721610794255033 ], [ -90.796257592837463, 15.720973152186106 ], [ -90.796816717817777, 15.720156621876423 ], [ -90.796983231095822, 15.719581197286066 ], [ -90.796718373255814, 15.718623083813897 ], [ -90.795877891203645, 15.717903097242965 ], [ -90.794668733969985, 15.717313779510269 ], [ -90.794075774669224, 15.716996081596504 ], [ -90.793343558996355, 15.716833957000906 ], [ -90.791848276061955, 15.717262673042111 ], [ -90.789818251849127, 15.718353414185223 ], [ -90.788136459228582, 15.719046740637113 ], [ -90.786708484859588, 15.719610493675166 ], [ -90.785263791747894, 15.719617293681832 ], [ -90.783321744455236, 15.718931255554265 ], [ -90.782079090697209, 15.717186203321544 ], [ -90.781385760162053, 15.715534817709583 ], [ -90.779810648368681, 15.712786895980727 ], [ -90.778771030374614, 15.711354468401828 ], [ -90.77738343461273, 15.710295696610876 ], [ -90.775697512273467, 15.709279050955592 ], [ -90.774286724215898, 15.708265201129134 ], [ -90.772403668007925, 15.706402903721058 ], [ -90.771179805332665, 15.705035199365184 ], [ -90.770888483404477, 15.704432542500561 ], [ -90.770872764149729, 15.703787523902713 ], [ -90.770972490455677, 15.703033008272541 ], [ -90.771206624960882, 15.702568977213854 ], [ -90.772378351690577, 15.702403622795931 ], [ -90.773314407714835, 15.70279036731413 ], [ -90.773976790495738, 15.703042188984679 ], [ -90.774572240970244, 15.703069713898737 ], [ -90.775238009703415, 15.703009864088997 ], [ -90.775788954510446, 15.702948842996292 ], [ -90.776317169405488, 15.7028875890735 ], [ -90.777119771301244, 15.702895758386171 ], [ -90.778292696583037, 15.702619708382452 ], [ -90.778985772819937, 15.702137745744013 ], [ -90.782371360769829, 15.698639519382432 ], [ -90.784646440190613, 15.696107993737511 ], [ -90.788146402680951, 15.692633400683732 ], [ -90.788655451198537, 15.692238756550649 ], [ -90.789371185652286, 15.691758113785115 ], [ -90.789948055575991, 15.691452244575789 ], [ -90.790349208544612, 15.691170572182916 ], [ -90.791225584991224, 15.692064849693136 ], [ -90.791741939833415, 15.693048094709331 ], [ -90.792578365306085, 15.69418929517775 ], [ -90.793848753212814, 15.695468138062955 ], [ -90.795304661782239, 15.69657154008487 ], [ -90.79662112687673, 15.697850837671506 ], [ -90.797167278511935, 15.698234681571659 ], [ -90.797784126303569, 15.698440798425429 ], [ -90.798838385473303, 15.698518052721182 ], [ -90.799735349783603, 15.698260558142202 ], [ -90.800545335639924, 15.697579799807935 ], [ -90.801125671432885, 15.696896724494108 ], [ -90.801731216992778, 15.696036592932293 ], [ -90.802240737107141, 15.695596746921582 ], [ -90.80381128117007, 15.69454641191661 ], [ -90.804409907753879, 15.694331069882423 ], [ -90.805005348533115, 15.694358509067163 ], [ -90.805899538976504, 15.694412663903638 ], [ -90.80640204955759, 15.694572432709101 ], [ -90.806626221404613, 15.69508628831705 ], [ -90.806888744660142, 15.696265727395472 ], [ -90.806667676445755, 15.697641343305881 ], [ -90.806242422931447, 15.698813877699706 ], [ -90.805404613037254, 15.699916764655956 ], [ -90.804641632084028, 15.700508794515496 ], [ -90.803648754975626, 15.701121096347364 ], [ -90.803278561563019, 15.70145053934384 ], [ -90.802855893265516, 15.702379146286981 ], [ -90.802850421910179, 15.702889566654392 ], [ -90.803392085287797, 15.703694606245481 ], [ -90.804005617971484, 15.704212379946023 ], [ -90.804460058642462, 15.704616747033171 ], [ -90.805046594463207, 15.705532914503172 ], [ -90.805468438042709, 15.706804306804299 ], [ -90.805623134348252, 15.707382968052029 ], [ -90.806078300711178, 15.707720707032253 ], [ -90.807040517601408, 15.707797002841609 ], [ -90.807755094960086, 15.707426969879339 ], [ -90.808565811163007, 15.706679555059265 ], [ -90.809012263920565, 15.705705998511442 ], [ -90.8093907626495, 15.704599623499425 ], [ -90.809768428471727, 15.703625374360321 ], [ -90.810239383202145, 15.702430701527646 ], [ -90.810565288158401, 15.701990124018774 ], [ -90.811369327896827, 15.701864914635257 ], [ -90.8119048652825, 15.703246986788972 ], [ -90.812239275470034, 15.704139154663384 ], [ -90.812691830357224, 15.704721927537058 ], [ -90.813216978456765, 15.704948544222816 ], [ -90.81400445167202, 15.704246048407455 ], [ -90.81398966234967, 15.703446303771413 ], [ -90.813975458998968, 15.702646562565706 ], [ -90.814075736081037, 15.701825380328623 ], [ -90.814749559236915, 15.701009935933335 ], [ -90.815485639838442, 15.700861444171506 ], [ -90.815940099911714, 15.701265787013096 ], [ -90.816025223276753, 15.701866337514994 ], [ -90.816174257706038, 15.70297913500319 ], [ -90.816720705577424, 15.703340352005066 ], [ -90.817637577109565, 15.70334951464668 ], [ -90.819174756019009, 15.70329823396893 ], [ -90.819747843180153, 15.703348002038885 ], [ -90.820367331023704, 15.703310137625946 ], [ -90.82090074422284, 15.702759805734253 ], [ -90.82100052840336, 15.701982656800602 ], [ -90.82117520974731, 15.700630273671747 ], [ -90.821644084058136, 15.699679492529807 ], [ -90.822226828527832, 15.698819065344912 ], [ -90.822783424145257, 15.698224910672685 ], [ -90.823406205591695, 15.69787536213718 ], [ -90.824371460992381, 15.697662487243463 ], [ -90.825450595866428, 15.697539961884022 ], [ -90.826026254572923, 15.697345788353024 ], [ -90.826742179346311, 15.696842427618344 ], [ -90.82707180849998, 15.696046102764864 ], [ -90.827379889450569, 15.695137752865627 ], [ -90.827514598967142, 15.693206712842567 ], [ -90.827748955918395, 15.692764064517988 ], [ -90.828533167849031, 15.692305421295382 ], [ -90.829152384717531, 15.69229011431543 ], [ -90.831096752907641, 15.69275326507262 ], [ -90.831804313972455, 15.693093456394802 ], [ -90.832787348898592, 15.69334715405115 ], [ -90.833429656932793, 15.693353522351464 ], [ -90.834053100053708, 15.692938440465802 ], [ -90.83428837347563, 15.692407700094284 ], [ -90.834341107953932, 15.691719292895984 ], [ -90.834416918870446, 15.691053705909049 ], [ -90.834218567275116, 15.690296176625836 ], [ -90.833541359103961, 15.689289956662419 ], [ -90.833343712793436, 15.688465802173965 ], [ -90.834516652023893, 15.688121665432872 ], [ -90.838138908110764, 15.688224149425841 ], [ -90.839465915847072, 15.68852639282194 ], [ -90.841277639648439, 15.688521703377157 ], [ -90.842930126415524, 15.688360700242535 ], [ -90.844656646266174, 15.687755429585451 ], [ -90.845556792754039, 15.68718718121819 ], [ -90.846156539436052, 15.686859916654463 ], [ -90.846845694219269, 15.686733437467497 ], [ -90.848153127665725, 15.686679674425019 ], [ -90.848977623242831, 15.686821054933777 ], [ -90.84956933661843, 15.68720409545366 ], [ -90.850092149810891, 15.687654220736686 ], [ -90.850790900038291, 15.688837927685194 ], [ -90.851333897182201, 15.689532199419288 ], [ -90.851766036845177, 15.689847031799721 ], [ -90.852521533047849, 15.690010312052571 ], [ -90.853049713783236, 15.689948865224318 ], [ -90.853556211622234, 15.689731347008445 ], [ -90.853996719152022, 15.689246641922328 ], [ -90.854185196423842, 15.688782049139824 ], [ -90.854465405685417, 15.688296895583658 ], [ -90.854746083312634, 15.687766571801319 ], [ -90.855346528699684, 15.68737152588505 ], [ -90.855942785320991, 15.687377374058626 ], [ -90.856491827019838, 15.68749456718178 ], [ -90.857489371296168, 15.688593092766039 ], [ -90.858261354013791, 15.689355100362672 ], [ -90.858807385656092, 15.689761386972799 ], [ -90.859401800585346, 15.689944526975516 ], [ -90.86017760574029, 15.690285296514361 ], [ -90.860911661132263, 15.690269893749317 ], [ -90.862245676830753, 15.689905721472332 ], [ -90.8635540704134, 15.689762652350922 ], [ -90.864448982194858, 15.68974993823492 ], [ -90.865615895414564, 15.689982699814813 ], [ -90.868726117654248, 15.690791211805118 ], [ -90.871262731270676, 15.691659601089517 ], [ -90.873047046416175, 15.692055324725715 ], [ -90.87441469476218, 15.692889714759707 ], [ -90.875415585416548, 15.693677612783837 ], [ -90.875911257676094, 15.69450464568518 ], [ -90.876042150784059, 15.695149683954693 ], [ -90.876284877970775, 15.696084942212403 ], [ -90.876254776706432, 15.696796180383437 ], [ -90.876520014366861, 15.697753116013052 ], [ -90.876790074532863, 15.698244776286966 ], [ -90.877152337817506, 15.698670698763655 ], [ -90.87891872779835, 15.698665266355903 ], [ -90.880113728113201, 15.698387732685912 ], [ -90.880733212492331, 15.698349693655887 ], [ -90.88144341589792, 15.698445806900008 ], [ -90.88228567757352, 15.699076281439668 ], [ -90.882875433406483, 15.699659129215553 ], [ -90.883145405088769, 15.700217421168857 ], [ -90.883436387761066, 15.700886598758638 ], [ -90.883407462651945, 15.701486040754162 ], [ -90.88296525990485, 15.702081477928253 ], [ -90.881533001252663, 15.703089715481109 ], [ -90.880587034336898, 15.703636214211938 ], [ -90.879799885888701, 15.704383024125976 ], [ -90.87947319096709, 15.70491293990991 ], [ -90.879307015135964, 15.70542295021818 ], [ -90.879393364813382, 15.705979463250799 ], [ -90.879478455658031, 15.706601468783424 ], [ -90.879680201337436, 15.707048417848167 ], [ -90.881030156449782, 15.707350651658977 ], [ -90.881902083038383, 15.707313932917126 ], [ -90.882386325276542, 15.707052087429068 ], [ -90.88319244149784, 15.706726722379718 ], [ -90.883743167632062, 15.706688013551638 ], [ -90.884452038083126, 15.706916248443315 ], [ -90.885112098004157, 15.707411679303474 ], [ -90.886001249837562, 15.707909328753084 ], [ -90.886687950951824, 15.708026657701335 ], [ -90.887400942971652, 15.707856237845681 ], [ -90.888000470083171, 15.707551445792852 ], [ -90.888599320682815, 15.707312150395909 ], [ -90.889287385857955, 15.707297342954217 ], [ -90.890542750215829, 15.707842560596941 ], [ -90.891640007012427, 15.708230385033492 ], [ -90.89301067617572, 15.708732656631726 ], [ -90.893833355692152, 15.709007136250266 ], [ -90.896286568736002, 15.70911887962207 ], [ -90.898190959776599, 15.709026535212317 ], [ -90.900987876978149, 15.709164121637942 ], [ -90.902861222316304, 15.709827027267181 ], [ -90.904366684678848, 15.710663707827145 ], [ -90.905188942050458, 15.710982192149787 ], [ -90.917897418949096, 15.724363376456131 ], [ -90.926192564081717, 15.73405621168639 ], [ -90.932469209976873, 15.741155657708759 ], [ -90.933091743639295, 15.741579458309925 ], [ -90.933776047329999, 15.741949629311966 ], [ -90.934369910202875, 15.742095308923563 ], [ -90.935104397570214, 15.742173423981319 ], [ -90.939314806798805, 15.741662101335232 ], [ -90.944957366836263, 15.741315546447064 ], [ -90.948811892728656, 15.740996076800817 ], [ -90.969577608696724, 15.739180043459251 ], [ -90.986669921270817, 15.737755042709303 ], [ -90.997585779938319, 15.748201666897721 ], [ -91.000647035294705, 15.751019612283345 ], [ -91.007760816046883, 15.751489140572238 ], [ -91.00995187558982, 15.752486178414076 ], [ -91.012612300040189, 15.753912168461552 ], [ -91.017154690748015, 15.756770529357143 ], [ -91.019797725373408, 15.758437997304689 ], [ -91.022081376522934, 15.75976445182175 ], [ -91.027409350835043, 15.762888417292983 ], [ -91.035601899542215, 15.767671406811735 ], [ -91.055418341679385, 15.773426914135856 ], [ -91.062485510680958, 15.775972648638167 ], [ -91.070781277959099, 15.778322366224764 ], [ -91.090836352403628, 15.784693689759914 ], [ -91.093325221616126, 15.785182026464787 ], [ -91.094378014173486, 15.785368594922987 ], [ -91.095151391259265, 15.785434107506548 ], [ -91.095666577491585, 15.785791036290668 ], [ -91.100046871668383, 15.787295499656205 ], [ -91.099860766013123, 15.794243934766365 ], [ -91.09927861992432, 15.796434670953566 ], [ -91.093947255884729, 15.799805947808144 ], [ -91.092661690302492, 15.800860946637352 ], [ -91.091535170481293, 15.803678279070823 ], [ -91.090335690462894, 15.808113582490158 ], [ -91.089000024202022, 15.81356424963769 ], [ -91.087629011689046, 15.817925723095211 ], [ -91.086534081451376, 15.822201509448924 ], [ -91.083637514497283, 15.832677168398931 ], [ -91.082994538517511, 15.835158704300689 ], [ -91.082469823457259, 15.837285478564233 ], [ -91.081330437783322, 15.841360892468579 ], [ -91.077321445102115, 15.855378884378069 ], [ -91.075772078337408, 15.861560545709612 ], [ -91.070790414924858, 15.878845256869567 ], [ -91.069307978258351, 15.88518103110755 ], [ -91.064070774798793, 15.902926252221931 ], [ -91.061619536041562, 15.913109372325074 ], [ -91.05934903449122, 15.918905929827179 ], [ -91.058866296842282, 15.919034870292018 ], [ -91.058270427961986, 15.91891090973396 ], [ -91.052837926954552, 15.916005451514279 ], [ -91.052309298691583, 15.916112500928644 ], [ -91.051775332508413, 15.916772959198571 ], [ -91.051489605128992, 15.917836628746981 ], [ -91.050702073408786, 15.921004544001299 ], [ -91.050297732017853, 15.922443260773605 ], [ -91.048530549349394, 15.930165482256267 ], [ -91.047387081326562, 15.933973963348897 ], [ -91.047137316688108, 15.936080471201514 ], [ -91.047084336153617, 15.936790446544006 ], [ -91.047122060577024, 15.937657111337259 ], [ -91.047574363423465, 15.938326483220822 ], [ -91.048166536599723, 15.938776867771631 ], [ -91.048738333135489, 15.938980835226944 ], [ -91.06744268140254, 15.946064189223639 ], [ -91.065750000270782, 15.954086569818271 ], [ -91.061083215249184, 15.968320391964008 ], [ -91.060935116180218, 15.968786670333108 ], [ -91.060974656818445, 15.969409383814501 ], [ -91.06122520244304, 15.969883771890022 ], [ -91.062044429836533, 15.970350860023057 ], [ -91.062915032370881, 15.970514570216853 ], [ -91.064049146656316, 15.970533812560532 ], [ -91.068240421589849, 15.970385113436954 ], [ -91.071454175772203, 15.970324708036133 ], [ -91.084246458413233, 15.96943935867912 ], [ -91.094622284960195, 15.969615064993492 ], [ -91.096007340727567, 15.970386363206337 ], [ -91.09655706555651, 15.970902900228118 ], [ -91.097282609192092, 15.971842301741114 ], [ -91.097812893719251, 15.973057839558374 ], [ -91.09779248991201, 15.973734242459102 ], [ -91.0976930830425, 15.974554526878812 ], [ -91.097436026791698, 15.975129438099369 ], [ -91.094859248982871, 15.977209802403856 ], [ -91.094234740232096, 15.978609390880722 ], [ -91.094861616753647, 15.979056588703411 ], [ -91.096683949595942, 15.979341549052721 ], [ -91.09862266958028, 15.979481814399227 ], [ -91.099548532231026, 15.979799487482836 ], [ -91.100340305464215, 15.980283139895203 ], [ -91.101763042990953, 15.981959492139232 ], [ -91.104032548460751, 15.985351146628318 ], [ -91.106175468622567, 15.990226992271156 ], [ -91.106945662113304, 15.993009020745024 ], [ -91.107617349739613, 15.993851916335958 ], [ -91.108086711210277, 15.994417423980131 ], [ -91.108860387641897, 15.995157295052611 ], [ -91.109497751786606, 15.995740092657137 ], [ -91.110596511615242, 15.996060376781392 ], [ -91.117979233937305, 15.995728702707922 ], [ -91.119437085448084, 15.995738077395931 ], [ -91.120415129577438, 15.995982706534059 ], [ -91.121302735264592, 15.996470519565072 ], [ -91.124254685387271, 15.998488809239651 ], [ -91.125164401222733, 15.999363104491705 ], [ -91.125916367904892, 15.999935563104653 ], [ -91.126443082295154, 16.000118622705052 ], [ -91.12726715976892, 16.000347197804857 ], [ -91.129012024880979, 16.000765646191905 ], [ -91.129538845945603, 16.001816184891183 ], [ -91.1272343989951, 16.00693210530568 ], [ -91.127396574713813, 16.015089894016281 ], [ -91.126943419083503, 16.015905983616534 ], [ -91.127032860711509, 16.016959488191283 ], [ -91.126000965811386, 16.020157228866804 ], [ -91.124191767230471, 16.022856817145357 ], [ -91.124098248086881, 16.02392792452039 ], [ -91.124945713267138, 16.024600628724428 ], [ -91.129524574353127, 16.025790466577373 ], [ -91.130313385846222, 16.026180254994358 ], [ -91.13237629110462, 16.0284663354849 ], [ -91.131976182262392, 16.030858597204475 ], [ -91.126556813880896, 16.034298191429841 ], [ -91.119398469367638, 16.035396680433823 ], [ -91.118347053922534, 16.036230083826435 ], [ -91.117000427126982, 16.038213004585312 ], [ -91.118286607659996, 16.040554515353683 ], [ -91.118479995611509, 16.04216353050116 ], [ -91.118273039890894, 16.04311955200825 ], [ -91.112773944444982, 16.047772277660979 ], [ -91.111430517258938, 16.049834243591555 ], [ -91.110482059988612, 16.05032851817985 ], [ -91.10718686608692, 16.052747097988892 ], [ -91.107412425782385, 16.054897438503435 ], [ -91.109512271263355, 16.058650181043003 ], [ -91.109899197436363, 16.059610301153803 ], [ -91.111249378406583, 16.06092794233275 ], [ -91.111997793439784, 16.063256841894635 ], [ -91.112009946381249, 16.067045362703265 ], [ -91.107694029493729, 16.072184961673877 ], [ -91.107581394288559, 16.074335698619794 ], [ -90.444517473110125, 16.073821453402207 ], [ -90.441731675991733, 16.068901474555226 ], [ -90.439175232152152, 16.065960114830737 ], [ -90.438315864797076, 16.064906555846193 ], [ -90.437270370730317, 16.064072066139591 ], [ -90.436222600149208, 16.06341594099198 ], [ -90.435263358939736, 16.063004751056958 ], [ -90.43427908510435, 16.062770524404201 ] ] ] ] } },
{ "type": "Feature", "properties": { "codigo_departamento": 16, "departamento": "Alta Verapaz", "codigo_municipio_shape": 1601, "municipio": "Cobán", "riesgos": 13.5, "pobreza": 13.3, "indice_san": 8.8, "politicas": 16.7, "ponderacion": 52.313, "ranking": 49, "riesgos_prom_depto": 12.95, "pobreza_prom_depto": 15.54, "indice_san_prom_depto": 15.04, "politicas_prom_depto": 12.5, "ponderacion_prom_depto": 56.02, "riesgos_prom_nacional": 13.19, "pobreza_prom_nacional": 9.78, "indice_san_prom_nacional": 7.92, "politicas_prom_nacional": 7.21, "ponderacion_prom_nacional": 38.07 }, "geometry": { "type": "MultiPolygon", "coordinates": [ [ [ [ -90.647443391598642, 16.037259020839205 ], [ -90.645974820641186, 16.037176271707914 ], [ -90.644033970213613, 16.037387567836376 ], [ -90.643259545023142, 16.037656846960097 ], [ -90.642313539973756, 16.038068773792396 ], [ -90.641573882085623, 16.038459254435566 ], [ -90.641066566903405, 16.038653545936413 ], [ -90.640442413320415, 16.039002383195296 ], [ -90.639518912634088, 16.039436001378501 ], [ -90.638894754394357, 16.039784831019059 ], [ -90.638017099270002, 16.040241532984329 ], [ -90.637141277628814, 16.040542415589581 ], [ -90.636243142440577, 16.040754968428161 ], [ -90.635599617699015, 16.04081449375326 ], [ -90.635071300717996, 16.040808663925127 ], [ -90.634292096768675, 16.040689397649448 ], [ -90.633835292599372, 16.04046189693182 ], [ -90.633198062872594, 16.039988490499994 ], [ -90.63190446513407, 16.038685755406537 ], [ -90.630052058048761, 16.036156146037804 ], [ -90.626624524400825, 16.032788149081558 ], [ -90.624469161508017, 16.030609725313852 ], [ -90.622789409822744, 16.028993263804956 ], [ -90.620925823019519, 16.027373624345731 ], [ -90.619468431623218, 16.026358095344779 ], [ -90.61687109882412, 16.024686240982991 ], [ -90.616003452379331, 16.024254274247625 ], [ -90.615476817910206, 16.024160341468619 ], [ -90.614742975506019, 16.024062972322319 ], [ -90.614029568104144, 16.024210868694851 ], [ -90.613451554373881, 16.024559012000633 ], [ -90.612961744585476, 16.025197211296735 ], [ -90.61239881869308, 16.026190299673413 ], [ -90.610763261332337, 16.028570526280152 ], [ -90.6090887555969, 16.030394733415402 ], [ -90.60312573552703, 16.035568795478969 ], [ -90.60279857185435, 16.036075537953799 ], [ -90.60240194144923, 16.036581500265346 ], [ -90.60194018234597, 16.036821373106338 ], [ -90.601456680862682, 16.036926624014118 ], [ -90.600927587549222, 16.036987325742693 ], [ -90.600147114206621, 16.036978588414367 ], [ -90.599390203517316, 16.036903488975423 ], [ -90.598727651428135, 16.036652160116009 ], [ -90.598066924673248, 16.03619985192466 ], [ -90.597362250898968, 16.035614931806187 ], [ -90.596751896223651, 16.034808617400088 ], [ -90.596226876709906, 16.033507538075227 ], [ -90.595824027455905, 16.031756150031015 ], [ -90.595644583703915, 16.02953412959296 ], [ -90.595320150907412, 16.027864922349785 ], [ -90.595097721795213, 16.026939871898421 ], [ -90.594738473970011, 16.024328523060621 ], [ -90.594648099309154, 16.022858421613318 ], [ -90.594658156073493, 16.022019539139009 ], [ -90.594998367132192, 16.020764293753313 ], [ -90.595224311991316, 16.020031717923157 ], [ -90.595772845961719, 16.019513916524829 ], [ -90.596860715785681, 16.019099268405977 ], [ -90.598069517708197, 16.018725486724776 ], [ -90.599125951682851, 16.018693273232838 ], [ -90.600387962784581, 16.018751429312321 ], [ -90.602521267640853, 16.01893110811136 ], [ -90.603896412597251, 16.019146340504463 ], [ -90.605066474930254, 16.019180859375389 ], [ -90.605962396226559, 16.019146820481208 ], [ -90.607021758257943, 16.018869561138199 ], [ -90.608220984437622, 16.018416570121104 ], [ -90.609146017049156, 16.017849852480133 ], [ -90.60956535561111, 16.017344120772364 ], [ -90.609964842125507, 16.016593129084864 ], [ -90.61020533924453, 16.015663080179085 ], [ -90.610238142099206, 16.014819924965884 ], [ -90.6101573377817, 16.013908880850821 ], [ -90.609617441143143, 16.012970138340542 ], [ -90.608638889915738, 16.012248964928702 ], [ -90.607473311635459, 16.011792195407043 ], [ -90.606533751757837, 16.011669930089312 ], [ -90.605638117137801, 16.011682524094443 ], [ -90.60409721378106, 16.011909237635962 ], [ -90.5940302203024, 16.014794653427572 ], [ -90.59294892003345, 16.015003851342396 ], [ -90.591755815786954, 16.014946425501311 ], [ -90.590906245015361, 16.014914306778469 ], [ -90.589782818064762, 16.0147910293766 ], [ -90.588821291376192, 16.014602944912756 ], [ -90.587951089959887, 16.01439329744273 ], [ -90.587036695089949, 16.01407248958121 ], [ -90.586511194006192, 16.01388816894508 ], [ -90.585666166654718, 16.013478930188764 ], [ -90.585188641812564, 16.013140444140497 ], [ -90.584621775518954, 16.01251300903559 ], [ -90.583584881265736, 16.010924983993355 ], [ -90.582861052897229, 16.010050744779413 ], [ -90.582270122562633, 16.009532565697597 ], [ -90.581585139370873, 16.009214322060476 ], [ -90.580487509916608, 16.008891425992939 ], [ -90.579548476477711, 16.008680972691081 ], [ -90.578338556120897, 16.0081343500697 ], [ -90.577700772200757, 16.007727422498078 ], [ -90.577157033938818, 16.007121687506785 ], [ -90.57672933825998, 16.006429184631436 ], [ -90.576532372062914, 16.00562749522831 ], [ -90.576471538292111, 16.00496058954047 ], [ -90.576480119902541, 16.004249296853246 ], [ -90.576494040240036, 16.003095423803344 ], [ -90.576746863887053, 16.002121528528363 ], [ -90.577065457875804, 16.001550366254214 ], [ -90.577773106573886, 16.000518365318037 ], [ -90.578070202814857, 16.000132145098835 ], [ -90.578423531952723, 15.999632510593242 ], [ -90.578549655906329, 15.998999328398538 ], [ -90.578634629050939, 15.997227456696583 ], [ -90.578579121596661, 15.996553834591262 ], [ -90.578458949217008, 15.996063539501966 ], [ -90.577789186643471, 15.995455260165572 ], [ -90.5772432623952, 15.995323763824754 ], [ -90.576691092889646, 15.995226071229066 ], [ -90.576027517231665, 15.995218585057799 ], [ -90.575300912481794, 15.995210385469559 ], [ -90.574719986908661, 15.995125915494443 ], [ -90.573448292683082, 15.994917335972948 ], [ -90.572722370359813, 15.995142875342101 ], [ -90.572212800252387, 15.995481518849481 ], [ -90.571781761335629, 15.99598703990352 ], [ -90.571234582697642, 15.99663578132858 ], [ -90.570862245648215, 15.997065179736403 ], [ -90.569411145525137, 15.998369908003985 ], [ -90.568714668171012, 15.999006789875859 ], [ -90.567836502563281, 15.999463199564481 ], [ -90.567307377554883, 15.999535121705309 ], [ -90.566722408397752, 15.99949462000065 ], [ -90.566162211979304, 15.999288406770912 ], [ -90.565466170848566, 15.998924825894782 ], [ -90.564728320208289, 15.998206207670144 ], [ -90.56411712110328, 15.997489023809013 ], [ -90.563895040174188, 15.996885782102746 ], [ -90.563994058781873, 15.996277146305689 ], [ -90.564424756770137, 15.994837808935282 ], [ -90.565085785450691, 15.993368333492301 ], [ -90.565919996952331, 15.991767572507024 ], [ -90.566122503377215, 15.991191724839515 ], [ -90.566152779001825, 15.990571017785141 ], [ -90.565929343135949, 15.990079550173332 ], [ -90.565224352483582, 15.989493424723616 ], [ -90.564515367040329, 15.98928552498902 ], [ -90.563907879590928, 15.989179270838028 ], [ -90.563253943450405, 15.989149274292663 ], [ -90.562460923858666, 15.989229485486774 ], [ -90.561884652420687, 15.989388938686211 ], [ -90.561366008573586, 15.989561462837063 ], [ -90.56084656714421, 15.989799469833212 ], [ -90.560025215262968, 15.990290373085527 ], [ -90.559489507008593, 15.990906465582496 ], [ -90.559148647093863, 15.991578970428517 ], [ -90.558958739785183, 15.992077040206459 ], [ -90.558788130089084, 15.99290843264254 ], [ -90.5586531729965, 15.993639735434297 ], [ -90.55830820906202, 15.994601260505856 ], [ -90.55800215089171, 15.99524254194376 ], [ -90.557337762551825, 15.996023153331974 ], [ -90.556850291569546, 15.996462504641366 ], [ -90.555823037568103, 15.996938621465896 ], [ -90.554397430661311, 15.997100806127353 ], [ -90.553351949828553, 15.997155519719664 ], [ -90.552636558824986, 15.997425148333813 ], [ -90.552559579687397, 15.998090480574358 ], [ -90.552564493043491, 15.999556202694887 ], [ -90.552637098737122, 16.002077341158731 ], [ -90.552550226876804, 16.00312309156697 ], [ -90.552517178220441, 16.003967336456746 ], [ -90.552417932778653, 16.004543210266764 ], [ -90.552064397986683, 16.005293466472178 ], [ -90.551532178670556, 16.005665669489382 ], [ -90.55077273213962, 16.00581170402226 ], [ -90.55003851366186, 16.005803327133481 ], [ -90.549235656790103, 16.005727543029082 ], [ -90.548619088167285, 16.005454021799746 ], [ -90.547615076455585, 16.004977339059412 ], [ -90.546955657536188, 16.004436839626017 ], [ -90.546411799548693, 16.00389765910186 ], [ -90.545912624677968, 16.003380442108142 ], [ -90.54484980708078, 16.002081043702962 ], [ -90.544381439765772, 16.000858448521022 ], [ -90.544044435161254, 15.999968198465513 ], [ -90.543718850669592, 15.998191687247672 ], [ -90.543641287235928, 15.996753372086536 ], [ -90.542699559399466, 15.994624288274553 ], [ -90.541980924391595, 15.995159194161543 ], [ -90.541097566595681, 15.996037737295419 ], [ -90.540318592896568, 15.996828267788963 ], [ -90.53992126613889, 15.997434595665581 ], [ -90.539496008495789, 15.99827207793655 ], [ -90.539286843544176, 15.998812809968971 ], [ -90.538352218480057, 16.000300496771956 ], [ -90.537595319897321, 16.002097346645435 ], [ -90.5369174654098, 16.003111463569734 ], [ -90.536500990251724, 16.003373168814267 ], [ -90.535970899503809, 16.003522910287792 ], [ -90.535327524202501, 16.003581016259002 ], [ -90.534616086877904, 16.003572849096994 ], [ -90.533927409460233, 16.003564940969724 ], [ -90.533125147159453, 16.00349023610957 ], [ -90.532507529740386, 16.003304731927567 ], [ -90.531983166092743, 16.002988187828073 ], [ -90.531529349703547, 16.00258325092959 ], [ -90.530778900553997, 16.001997623487156 ], [ -90.529786797744535, 16.000415560211419 ], [ -90.529700691971783, 15.999680619018003 ], [ -90.529808213279395, 15.998673521094307 ], [ -90.530241232815015, 15.996875239036143 ], [ -90.530763154569513, 15.995536413411848 ], [ -90.531221460148899, 15.99438655462265 ], [ -90.531175553230113, 15.993419467693231 ], [ -90.530883187049852, 15.992939605345047 ], [ -90.53004883946285, 15.992629658963841 ], [ -90.529358023476803, 15.992798993175096 ], [ -90.528847028119685, 15.993249295790283 ], [ -90.528600549809639, 15.993690219028721 ], [ -90.528422515831735, 15.994165803697587 ], [ -90.528194283872892, 15.994973910076482 ], [ -90.527930284092818, 15.995937427227782 ], [ -90.527690110439011, 15.996766851060412 ], [ -90.52760913209859, 15.99727629489475 ], [ -90.527451715024725, 15.998210553245059 ], [ -90.5271222295478, 15.999277196923968 ], [ -90.526572898607753, 16.000279203871138 ], [ -90.526087343801663, 16.001220970383972 ], [ -90.525177424829948, 16.002021216589704 ], [ -90.524459432210179, 16.002545900019992 ], [ -90.523744717737387, 16.002804140114328 ], [ -90.52287111163848, 16.002883266403764 ], [ -90.522136640806181, 16.002897376912046 ], [ -90.521174150190674, 16.00275302827567 ], [ -90.520352138156497, 16.002387855616913 ], [ -90.519942772220006, 16.00207261264412 ], [ -90.519700218326818, 16.001483782999934 ], [ -90.519587357424456, 16.000413176563757 ], [ -90.519543575793932, 15.998853319846521 ], [ -90.519620190581151, 15.997753284251088 ], [ -90.51989132585625, 15.997019080843845 ], [ -90.520082292592605, 15.996443163712462 ], [ -90.520364869608116, 15.995869429823946 ], [ -90.520717685462074, 15.995184721783419 ], [ -90.521114140173239, 15.994700374206571 ], [ -90.521672986371001, 15.994063207612349 ], [ -90.522347074419244, 15.993404783606339 ], [ -90.522789040165492, 15.992920956720928 ], [ -90.523093304592464, 15.992480710235698 ], [ -90.52339918064277, 15.991862072319682 ], [ -90.523503694264733, 15.990863978685558 ], [ -90.523510814277472, 15.990285934872285 ], [ -90.523036400619475, 15.989614267368964 ], [ -90.522211415303687, 15.989494100785665 ], [ -90.521292626250457, 15.989550125081479 ], [ -90.520623213937654, 15.989830336577645 ], [ -90.520113712131121, 15.990158683845459 ], [ -90.519348564394065, 15.990770883749972 ], [ -90.517749366733511, 15.99199673687113 ], [ -90.517263452207686, 15.992257600052838 ], [ -90.516595154976045, 15.992493774390297 ], [ -90.516020627504588, 15.992509715029787 ], [ -90.513542907987045, 15.992325234257702 ], [ -90.513040022254046, 15.992164721095614 ], [ -90.512331084419131, 15.991911491146215 ], [ -90.511415865511438, 15.991678451970451 ], [ -90.510911574593678, 15.991584537621815 ], [ -90.510315132719299, 15.991532461247589 ], [ -90.509465466950019, 15.991567780695613 ], [ -90.508840754022103, 15.9919602537821 ], [ -90.508374591158542, 15.992510384386479 ], [ -90.508023673733405, 15.993039268468673 ], [ -90.507788241580755, 15.993480289997043 ], [ -90.507548154629944, 15.994343555995007 ], [ -90.507239711533231, 15.995117952979456 ], [ -90.506911036106544, 15.995735165075084 ], [ -90.50620996682548, 15.996682279143185 ], [ -90.504908867620756, 15.997911477705252 ], [ -90.504283032484111, 15.998391995601166 ], [ -90.503704378278783, 15.998786113099868 ], [ -90.503103501229845, 15.999089640806568 ], [ -90.502368471142148, 15.999103678637347 ], [ -90.501841425189028, 15.999008345607251 ], [ -90.50117996379403, 15.998644975528871 ], [ -90.50042991307096, 15.998036677835204 ], [ -90.499865075011456, 15.997319877387856 ], [ -90.499709805167157, 15.996851738435517 ], [ -90.499624262526794, 15.996361829335072 ], [ -90.499611973629413, 15.995473057993802 ], [ -90.499694395693581, 15.994430697334389 ], [ -90.49984013999881, 15.993787657483985 ], [ -90.499984773836502, 15.993233807792846 ], [ -90.500360394237887, 15.992550535419019 ], [ -90.500828513350896, 15.991844625270581 ], [ -90.501436553252773, 15.990963069506332 ], [ -90.502903329462811, 15.989314644321041 ], [ -90.505532866644643, 15.986524594690614 ], [ -90.506042884510848, 15.98610821465113 ], [ -90.506528475156045, 15.98582591962454 ], [ -90.507198460009263, 15.985499464889832 ], [ -90.509964995805518, 15.984598861940203 ], [ -90.510632624883144, 15.984462063278542 ], [ -90.511391174516532, 15.984382773495808 ], [ -90.512059486787436, 15.984190652899256 ], [ -90.512544535490179, 15.983951240745485 ], [ -90.513030113554862, 15.983668928928562 ], [ -90.513611199069686, 15.983120110354241 ], [ -90.513681396777358, 15.982540542723472 ], [ -90.51298020892321, 15.982134972618159 ], [ -90.512384603039351, 15.982017426341015 ], [ -90.511420855178898, 15.98198368812899 ], [ -90.510731439564736, 15.982042326283754 ], [ -90.510040919937325, 15.982190150975448 ], [ -90.509048866815817, 15.982556920456851 ], [ -90.508432404119674, 15.982851257504951 ], [ -90.507017732817843, 15.980067336328972 ], [ -90.504595861011225, 15.975628824823911 ], [ -90.503070460444107, 15.972792791678073 ], [ -90.499998723533423, 15.967030135043684 ], [ -90.498403250164571, 15.964347961626258 ], [ -90.494021561756441, 15.955871394948172 ], [ -90.493636152877201, 15.954907145586285 ], [ -90.487916968789719, 15.943794228802368 ], [ -90.485347083840878, 15.939682452817415 ], [ -90.484698033284317, 15.93838767251901 ], [ -90.4830166233927, 15.935282138824565 ], [ -90.481799914839556, 15.932674327052217 ], [ -90.480056145998518, 15.929195441260976 ], [ -90.478437969865894, 15.925708986677986 ], [ -90.474414437420904, 15.918757327686777 ], [ -90.473763563079601, 15.917618329944276 ], [ -90.471711879238171, 15.913728191654686 ], [ -90.469966007925592, 15.910441190073755 ], [ -90.468070622285765, 15.907031613952043 ], [ -90.467166543966385, 15.905153447645226 ], [ -90.465702201879168, 15.902129430307792 ], [ -90.463853855947079, 15.898514885544623 ], [ -90.462600099580044, 15.896103049363667 ], [ -90.460112325000452, 15.891479454057986 ], [ -90.457824997429199, 15.887345976985067 ], [ -90.45581517805276, 15.883185267811124 ], [ -90.454334673710676, 15.880402650092853 ], [ -90.45186965791774, 15.875063418095785 ], [ -90.449141593102752, 15.870287882915846 ], [ -90.447288078629072, 15.866754500038073 ], [ -90.446707159827369, 15.865594831566174 ], [ -90.445545339859962, 15.863275487741213 ], [ -90.440310164078369, 15.853415294282369 ], [ -90.438407177733282, 15.849664502128105 ], [ -90.437915933576974, 15.848615402585859 ], [ -90.436459081650014, 15.845934620490508 ], [ -90.435184534386281, 15.84336777304261 ], [ -90.434557128291857, 15.842250440797477 ], [ -90.432227225097094, 15.837916470229565 ], [ -90.431419528048323, 15.836531659961691 ], [ -90.430746354126313, 15.835347162502146 ], [ -90.42996170221258, 15.833940041449948 ], [ -90.429311311498068, 15.832799847612504 ], [ -90.428282929504178, 15.830746247887559 ], [ -90.420546783885356, 15.815525686486321 ], [ -90.420086288273154, 15.814546937376935 ], [ -90.418544517430263, 15.811377318445412 ], [ -90.416703195262883, 15.808336231946864 ], [ -90.414806661103412, 15.804274914927966 ], [ -90.413620458519105, 15.801996974851658 ], [ -90.41241267601329, 15.799629575015686 ], [ -90.411430912239965, 15.797509875663437 ], [ -90.41038926993015, 15.795561081434775 ], [ -90.407782193999665, 15.790630903684887 ], [ -90.405214903069535, 15.788445980051383 ], [ -90.399410520032404, 15.784630326104832 ], [ -90.394985073526627, 15.78159884348937 ], [ -90.392036279809346, 15.779451001808642 ], [ -90.389777098071406, 15.777951587439603 ], [ -90.386425697443713, 15.776021274979552 ], [ -90.371284028172198, 15.765457118989884 ], [ -90.370352743893392, 15.764847467087968 ], [ -90.369033828534157, 15.764009574003742 ], [ -90.367260804780813, 15.762900854713214 ], [ -90.352304652863339, 15.752843691898489 ], [ -90.347928981891897, 15.749727364486228 ], [ -90.345224522980899, 15.748007636005175 ], [ -90.343063015145333, 15.746583536166193 ], [ -90.341684795013606, 15.745797847975783 ], [ -90.33234794446966, 15.739248260237371 ], [ -90.326350279939874, 15.735236728702166 ], [ -90.323599174170084, 15.733281373856201 ], [ -90.316049264627637, 15.728111370445628 ], [ -90.307567333090788, 15.722803206676696 ], [ -90.306183305247487, 15.721818560626955 ], [ -90.311209779565615, 15.710075619795196 ], [ -90.31374246180593, 15.704124151554511 ], [ -90.315284360653607, 15.700082039226769 ], [ -90.317148853082983, 15.695741293631146 ], [ -90.318588510770113, 15.692688034359493 ], [ -90.319297185496211, 15.691032552633088 ], [ -90.320101089198673, 15.689134366184017 ], [ -90.321001678581212, 15.68683655778886 ], [ -90.322045234194775, 15.684119366569124 ], [ -90.324330728961442, 15.678344158776774 ], [ -90.325705013026905, 15.674876790893563 ], [ -90.326718477826148, 15.672669510963331 ], [ -90.328696213671037, 15.667955131383311 ], [ -90.331537976123371, 15.665074643351442 ], [ -90.333300079324474, 15.663580958431293 ], [ -90.34124688773619, 15.657228556040772 ], [ -90.345058257544764, 15.653817672466223 ], [ -90.346862404580463, 15.652301776178669 ], [ -90.352878708404305, 15.646995778708268 ], [ -90.354080571440932, 15.646049474355229 ], [ -90.355942346494189, 15.644617728996778 ], [ -90.358116961359428, 15.642913119548277 ], [ -90.359589706774443, 15.641601970169456 ], [ -90.361895505424272, 15.639612111887807 ], [ -90.366102326437257, 15.636204389015484 ], [ -90.366267112518315, 15.635619256427676 ], [ -90.364851955307728, 15.633212027505703 ], [ -90.35519484963973, 15.612910512963902 ], [ -90.352494472917471, 15.60813480639078 ], [ -90.351683536455695, 15.606509352383849 ], [ -90.351218362696784, 15.605628724919079 ], [ -90.350753843054434, 15.604606974845861 ], [ -90.349346589841844, 15.601838495676111 ], [ -90.345328939568688, 15.593755662340959 ], [ -90.344859042541458, 15.592884005951296 ], [ -90.344276994364847, 15.591856311539578 ], [ -90.342543725746069, 15.58773014350243 ], [ -90.339593961328632, 15.582101174876753 ], [ -90.338248466984211, 15.57930631226013 ], [ -90.337444176811616, 15.577767852119136 ], [ -90.336378055484218, 15.575803957185739 ], [ -90.334304638852274, 15.571473802166157 ], [ -90.33336127930437, 15.569433485240195 ], [ -90.328315723128171, 15.559183843702792 ], [ -90.324180856013399, 15.551360224656882 ], [ -90.322957297244685, 15.548665029662226 ], [ -90.321254620314534, 15.545782234459825 ], [ -90.32040787624058, 15.544301936778542 ], [ -90.320642690975731, 15.534700098932179 ], [ -90.320388434580764, 15.530450711790545 ], [ -90.320449852388677, 15.5053168657893 ], [ -90.320519003012009, 15.504243990736732 ], [ -90.32133471090799, 15.503201620914572 ], [ -90.322044670193861, 15.501961511904325 ], [ -90.323866650406472, 15.498909215038923 ], [ -90.325084939406665, 15.496619595449411 ], [ -90.32680968306272, 15.493470113997097 ], [ -90.329079566385005, 15.490116067122118 ], [ -90.330294378201543, 15.488178619311844 ], [ -90.33141351967852, 15.486571948497051 ], [ -90.338236099458783, 15.475260912810725 ], [ -90.338639824329547, 15.474689950197996 ], [ -90.340664648843799, 15.471255999773954 ], [ -90.342278920287839, 15.468969856405058 ], [ -90.343667606174506, 15.46697906013039 ], [ -90.344097798184123, 15.466110331376072 ], [ -90.343959934305744, 15.464779775203239 ], [ -90.343198341607049, 15.462469618627379 ], [ -90.341703542932663, 15.459231607012722 ], [ -90.337147355904364, 15.445222892425944 ], [ -90.336283411888346, 15.44314295644298 ], [ -90.335576860401545, 15.441136038973049 ], [ -90.334916819238245, 15.439042744618577 ], [ -90.33449885185631, 15.437728019472155 ], [ -90.332889755720387, 15.435529600130947 ], [ -90.333585103382617, 15.432762748988589 ], [ -90.341570292276302, 15.415745436220742 ], [ -90.344318421843354, 15.40991848659209 ], [ -90.345608969707342, 15.407000605312843 ], [ -90.346173991760608, 15.405765384801109 ], [ -90.346833750176245, 15.404263704057042 ], [ -90.347774281609261, 15.402233580495356 ], [ -90.348812360103466, 15.399759761253112 ], [ -90.351350078107714, 15.394152574967023 ], [ -90.352111883652583, 15.392259167169119 ], [ -90.350020143000975, 15.389718679636697 ], [ -90.347231414868958, 15.387312129672624 ], [ -90.345333981969205, 15.38542540281798 ], [ -90.343464462319204, 15.38358867464583 ], [ -90.340818041120258, 15.380755850421764 ], [ -90.334674944151303, 15.374069451317265 ], [ -90.332423658700918, 15.372025985051206 ], [ -90.330312158571616, 15.369745947297623 ], [ -90.32856676986755, 15.368416436969612 ], [ -90.328005840207183, 15.368420997220401 ], [ -90.325587827467373, 15.369742311217628 ], [ -90.31167275463703, 15.374759269300652 ], [ -90.310063601768618, 15.375425152072534 ], [ -90.30560500135941, 15.377057997968404 ], [ -90.30040821571103, 15.379170655441911 ], [ -90.292683830553202, 15.382183878175152 ], [ -90.289556569290099, 15.38343288318911 ], [ -90.287763155562558, 15.384165209592151 ], [ -90.283946499866019, 15.385672165521051 ], [ -90.282277733269098, 15.386481607726662 ], [ -90.270771112564105, 15.39045706023408 ], [ -90.268116062268348, 15.376324322125699 ], [ -90.267918311796933, 15.374623871136446 ], [ -90.267573762918289, 15.372491466400403 ], [ -90.265437981584725, 15.357860450126749 ], [ -90.264539261088117, 15.354997554073108 ], [ -90.264104773761233, 15.348387549165263 ], [ -90.26191286321324, 15.335490009796418 ], [ -90.261356689296576, 15.331523768059853 ], [ -90.261100816489147, 15.329911800048691 ], [ -90.261145361238889, 15.328993338886802 ], [ -90.261975481907058, 15.32845257049272 ], [ -90.262503221220527, 15.328395820777741 ], [ -90.263016177344369, 15.328402112522067 ], [ -90.263941030159472, 15.328403293439257 ], [ -90.265296011180595, 15.32918875429656 ], [ -90.272841678947415, 15.331244449617996 ], [ -90.283022826834085, 15.333374926617502 ], [ -90.287586275289925, 15.334140610155082 ], [ -90.294513733085452, 15.336088755429596 ], [ -90.312469636090725, 15.340175046865781 ], [ -90.320959894986586, 15.342556751525349 ], [ -90.333557292714218, 15.34514312984032 ], [ -90.342535867733275, 15.347459914435134 ], [ -90.344706382103368, 15.348061602769301 ], [ -90.348724065294221, 15.348890740711278 ], [ -90.352737542955083, 15.349825895340635 ], [ -90.357539331487516, 15.35090355958093 ], [ -90.368177444564594, 15.3537144010362 ], [ -90.372440309244581, 15.354498613711401 ], [ -90.378165046468595, 15.35604628381266 ], [ -90.379343840724601, 15.356367267113752 ], [ -90.378622292101596, 15.359030216498015 ], [ -90.377266406068202, 15.363610792999539 ], [ -90.37630083190372, 15.367682217639707 ], [ -90.375464655329111, 15.372102914826606 ], [ -90.373359050685821, 15.37947474096865 ], [ -90.375064731318915, 15.380709768410245 ], [ -90.377953811718612, 15.381817600981471 ], [ -90.38080085858121, 15.382753282891025 ], [ -90.38163296989066, 15.383076966850394 ], [ -90.389610986922762, 15.386215909011124 ], [ -90.392822968284364, 15.387342038675754 ], [ -90.398930052803365, 15.389911129937005 ], [ -90.40308814201785, 15.391522417346531 ], [ -90.405687718557544, 15.392447019577096 ], [ -90.414202681376352, 15.395949373162038 ], [ -90.418298585862601, 15.397293211167215 ], [ -90.42798980505728, 15.401295410284858 ], [ -90.429191350947505, 15.401641277072246 ], [ -90.430683649751103, 15.402431989328702 ], [ -90.437165953763412, 15.404765117641757 ], [ -90.447895807239377, 15.409087907983617 ], [ -90.452267406181647, 15.410825035640956 ], [ -90.458795153664028, 15.413202157037286 ], [ -90.463714022765231, 15.415180209437237 ], [ -90.464383052052455, 15.415490463324248 ], [ -90.46584070497984, 15.416040065330019 ], [ -90.466497095796072, 15.417153001402593 ], [ -90.465801936091367, 15.419236264196238 ], [ -90.464363562700029, 15.422322758740771 ], [ -90.463636722432568, 15.424183203339567 ], [ -90.462796013578853, 15.425594069821145 ], [ -90.458885665217494, 15.434510262772454 ], [ -90.457425889749388, 15.43813955619982 ], [ -90.456132492334802, 15.441103412911431 ], [ -90.454356265957813, 15.446042232983109 ], [ -90.454373256734257, 15.447129794508795 ], [ -90.45527161026169, 15.447734042377723 ], [ -90.479492601095302, 15.452685556404015 ], [ -90.497647073052022, 15.456851355044359 ], [ -90.50268183465802, 15.457830712808619 ], [ -90.515651706267789, 15.460284624451658 ], [ -90.544188249935772, 15.466603510183122 ], [ -90.54925653439976, 15.467407210034786 ], [ -90.557344803038376, 15.469241243038292 ], [ -90.577065757962629, 15.472910042571041 ], [ -90.587226240306705, 15.475338243498625 ], [ -90.590696763960239, 15.475746449415242 ], [ -90.607285401646322, 15.479596518891626 ], [ -90.612353233683564, 15.48020121842077 ], [ -90.634930289147931, 15.485271374692481 ], [ -90.636289540227963, 15.485197822221364 ], [ -90.635819018699493, 15.485817282219099 ], [ -90.635263800482221, 15.486255151531308 ], [ -90.634768932560704, 15.486506204415926 ], [ -90.634171588917894, 15.48665452574137 ], [ -90.633322526642417, 15.486767402288168 ], [ -90.632163046037704, 15.486988750751795 ], [ -90.631382377323646, 15.487180272532244 ], [ -90.630182532128728, 15.487877728304689 ], [ -90.629108567710517, 15.488666868859376 ], [ -90.628482804476917, 15.489315134269392 ], [ -90.627971276537124, 15.48995332947937 ], [ -90.627593412430286, 15.490971264143115 ], [ -90.62716904739878, 15.492032738771446 ], [ -90.626129438373766, 15.493787751935676 ], [ -90.625365098521797, 15.49453502162565 ], [ -90.624801432319614, 15.494740137598505 ], [ -90.623757877421497, 15.494850884734579 ], [ -90.622868207249923, 15.495507583040208 ], [ -90.622370902116231, 15.495968622274201 ], [ -90.621581470450835, 15.496871444004858 ], [ -90.620993393227693, 15.498241686068122 ], [ -90.620371382489537, 15.49952347753471 ], [ -90.619586261034783, 15.500048033145754 ], [ -90.618623271527667, 15.500138161877716 ], [ -90.618147996477035, 15.499945581470211 ], [ -90.615860276925176, 15.498666304294678 ], [ -90.614583259397023, 15.498163556333331 ], [ -90.613727288808349, 15.497910396264393 ], [ -90.612880034508279, 15.497912537412457 ], [ -90.612385701634565, 15.498061905932556 ], [ -90.611917854173754, 15.498895888565926 ], [ -90.611870994021359, 15.499983986525624 ], [ -90.611451852147042, 15.501544604952411 ], [ -90.610895452762392, 15.502128059704146 ], [ -90.609813937183262, 15.502548867066826 ], [ -90.608629988039539, 15.502914357878717 ], [ -90.605561637831698, 15.503791302724153 ], [ -90.604928016139652, 15.504151439996937 ], [ -90.604533124754241, 15.504613538691205 ], [ -90.604228496926169, 15.505175990140193 ], [ -90.604142192372876, 15.505741937520899 ], [ -90.604195135706831, 15.507108905301219 ], [ -90.604230182745894, 15.508008167982654 ], [ -90.604529362512451, 15.508877549247888 ], [ -90.604887200591477, 15.509659482582034 ], [ -90.605242806351683, 15.51058480822627 ], [ -90.60529237492905, 15.511285481433868 ], [ -90.60517842867219, 15.512228299155835 ], [ -90.604741481113493, 15.513356197914741 ], [ -90.604491653760221, 15.51416428847277 ], [ -90.604375015734391, 15.5153397024422 ], [ -90.604311315780194, 15.516872530861013 ], [ -90.60432608696803, 15.517560404266566 ], [ -90.604674708949972, 15.519141749010865 ], [ -90.605306807256724, 15.520936209897743 ], [ -90.605748525993192, 15.522374021517365 ], [ -90.606166187768423, 15.523878195580652 ], [ -90.606737922227964, 15.524950409316666 ], [ -90.607006690761992, 15.525530372427337 ], [ -90.607233147747792, 15.526749031627787 ], [ -90.607196905138196, 15.527871114800412 ], [ -90.607059973980668, 15.529845817775533 ], [ -90.607221261199626, 15.532724895158278 ], [ -90.60741802470919, 15.534548512403791 ], [ -90.607605334158094, 15.536182311205904 ], [ -90.607817008780955, 15.537672957646615 ], [ -90.607959803826716, 15.538218806075513 ], [ -90.608505138318762, 15.53961369971034 ], [ -90.6091318120355, 15.540875094183326 ], [ -90.610021131844945, 15.542239838974041 ], [ -90.610823138022482, 15.543247922707254 ], [ -90.611849146872615, 15.543670089218889 ], [ -90.612519497851309, 15.544176481086645 ], [ -90.612891416666557, 15.544703352105675 ], [ -90.613182984959991, 15.545228226366019 ], [ -90.613459522120138, 15.546097357344493 ], [ -90.613840124905607, 15.547589835455634 ], [ -90.613366943008231, 15.548369542195303 ], [ -90.612958150082932, 15.549020080748942 ], [ -90.61268647493344, 15.549750023286782 ], [ -90.612632020023383, 15.550482318954796 ], [ -90.612773293438735, 15.551161400026652 ], [ -90.613348960979692, 15.551900522607237 ], [ -90.613665430203056, 15.552337583016261 ], [ -90.614002247742008, 15.552929571514982 ], [ -90.614060856749603, 15.553807638163512 ], [ -90.61365058168218, 15.554585765161539 ], [ -90.613276573623082, 15.555249101244446 ], [ -90.613454910046187, 15.555997469741035 ], [ -90.613787561557857, 15.556445999288668 ], [ -90.614281586505641, 15.557296033864795 ], [ -90.614618995193993, 15.55788802887702 ], [ -90.614813383589038, 15.558912107119033 ], [ -90.615133062046226, 15.559981586756502 ], [ -90.615469502957481, 15.56060744817672 ], [ -90.616271726620752, 15.561604229994748 ], [ -90.617042717788763, 15.562278835915453 ], [ -90.617720430645207, 15.563163600397703 ], [ -90.618203733160215, 15.563935594226967 ], [ -90.618527849272624, 15.564671988003148 ], [ -90.618815361819557, 15.565552529276072 ], [ -90.619112856733523, 15.56657772444855 ], [ -90.619370250432212, 15.568101614571065 ], [ -90.619688618009747, 15.569338205424891 ], [ -90.620147056806289, 15.570298514422555 ], [ -90.620898853303729, 15.571683206306707 ], [ -90.621803204470439, 15.572770293241312 ], [ -90.622868498963527, 15.573792489880704 ], [ -90.623756204903742, 15.574302339167426 ], [ -90.625285255272331, 15.574863150674236 ], [ -90.626189222863303, 15.574972278575093 ], [ -90.627323230099677, 15.574984510400711 ], [ -90.629100487316919, 15.574881708667224 ], [ -90.630716098853654, 15.574855071921636 ], [ -90.631975490693705, 15.574956712414048 ], [ -90.632809705959943, 15.575155405109401 ], [ -90.633904535959829, 15.575588399043072 ], [ -90.634324743067168, 15.575926050056996 ], [ -90.634867452296845, 15.576554109724414 ], [ -90.635582828314767, 15.57716143984986 ], [ -90.636150802239698, 15.57756730562892 ], [ -90.637484169412019, 15.578181267871509 ], [ -90.63836213292511, 15.578580292941908 ], [ -90.639440718807279, 15.579469311451279 ], [ -90.640471662813013, 15.580501233919064 ], [ -90.640944151011709, 15.581261783363022 ], [ -90.641640732648469, 15.582447083136314 ], [ -90.641776528762861, 15.584635934858934 ], [ -90.641753084528077, 15.58566896489757 ], [ -90.641688654672009, 15.586311959165013 ], [ -90.641263445186738, 15.587429890873013 ], [ -90.640742931808418, 15.587812775732194 ], [ -90.639785212777042, 15.588424722866229 ], [ -90.638343243342177, 15.589252800597983 ], [ -90.636902790299061, 15.589947632017745 ], [ -90.635537102165401, 15.590420789292583 ], [ -90.634186425457926, 15.591007025432857 ], [ -90.633482214399621, 15.591455668418368 ], [ -90.632891868146743, 15.5919823241481 ], [ -90.632531720945693, 15.59239966198189 ], [ -90.632216047903825, 15.59295185793021 ], [ -90.631968978011827, 15.593516085700282 ], [ -90.631732171342037, 15.594201255132683 ], [ -90.631515772485471, 15.595087652874627 ], [ -90.631366836864032, 15.596085444023407 ], [ -90.631366178693511, 15.597107419876183 ], [ -90.631347817774937, 15.598707384851931 ], [ -90.631313254861112, 15.599739157306804 ], [ -90.631283138703083, 15.60038364167249 ], [ -90.631116118284595, 15.600926145460198 ], [ -90.630743596089076, 15.601455139462072 ], [ -90.62984020136436, 15.602300245438762 ], [ -90.629706067135345, 15.60337724150294 ], [ -90.629882920311104, 15.603957329062551 ], [ -90.630187518695948, 15.604371666349197 ], [ -90.630742575455329, 15.604943414145731 ], [ -90.630975248798691, 15.605634772487377 ], [ -90.631046069393349, 15.606468931702258 ], [ -90.630831825734674, 15.607165633921081 ], [ -90.630711710729969, 15.607630722289288 ], [ -90.630518640078577, 15.608462034174297 ], [ -90.630374649106187, 15.60902736874915 ], [ -90.630064219447249, 15.610134079669859 ], [ -90.630011815017966, 15.610689111207027 ], [ -90.630594325240494, 15.610850106832226 ], [ -90.631328121676702, 15.610825275117447 ], [ -90.632865103420386, 15.61071989033414 ], [ -90.634823300784475, 15.610818910224751 ], [ -90.636241538075055, 15.611110852556081 ], [ -90.637257549344895, 15.611422173557827 ], [ -90.637666553101525, 15.611726959982754 ], [ -90.637936301758373, 15.612184954893262 ], [ -90.637987235881909, 15.612773849438732 ], [ -90.637840970297574, 15.613539047256273 ], [ -90.637749001166682, 15.614548749931659 ], [ -90.637994894068555, 15.615105864515849 ], [ -90.638401486904698, 15.615621796401063 ], [ -90.638760285475513, 15.616291923295304 ], [ -90.6393624271265, 15.616776079657416 ], [ -90.641824908255231, 15.617923911379723 ], [ -90.643668781394538, 15.619009744191692 ], [ -90.644030212547676, 15.619502598904939 ], [ -90.644655118059291, 15.620953641140778 ], [ -90.645019132784611, 15.622189581520061 ], [ -90.645300020568996, 15.623714851431275 ], [ -90.645377525262703, 15.624937552011005 ], [ -90.645582376350845, 15.627049225991469 ], [ -90.645610629952543, 15.628604531325045 ], [ -90.645525890867745, 15.630002787211888 ], [ -90.645119618557388, 15.631442759405543 ], [ -90.645053510958377, 15.632230279210134 ], [ -90.645324401534182, 15.633610897065964 ], [ -90.645913233392179, 15.634194274267726 ], [ -90.647139612797588, 15.635229426911025 ], [ -90.64850444227325, 15.636132804622196 ], [ -90.650761715413822, 15.637211741553378 ], [ -90.651365514467358, 15.637507304648071 ], [ -90.652842570157588, 15.637667669093192 ], [ -90.654102242285745, 15.637780528697762 ], [ -90.655746679129663, 15.638287096208396 ], [ -90.657709751568206, 15.639008231041446 ], [ -90.658563280968437, 15.639583115020583 ], [ -90.659320890995559, 15.640446069714322 ], [ -90.65979565839703, 15.641073370318409 ], [ -90.659994336426095, 15.641741765904467 ], [ -90.659869823500145, 15.642596429099276 ], [ -90.659510378599023, 15.64294718525702 ], [ -90.658875282857636, 15.643351459049127 ], [ -90.657515122177145, 15.644025783319341 ], [ -90.655797261390902, 15.644896154416076 ], [ -90.655288457835809, 15.645313060491908 ], [ -90.654876253334535, 15.646252722686075 ], [ -90.654912410504735, 15.647119261738034 ], [ -90.654987255079362, 15.647607908458573 ], [ -90.655255551629352, 15.6482002620433 ], [ -90.655629527493275, 15.648570148286673 ], [ -90.656691659184844, 15.648893189956592 ], [ -90.658534169770178, 15.649156814606014 ], [ -90.660330901277547, 15.649398477034611 ], [ -90.66234556772244, 15.649641319698061 ], [ -90.663800679734919, 15.649690719367376 ], [ -90.665630248014381, 15.650121279812293 ], [ -90.667104441984378, 15.650492707435408 ], [ -90.66782485775488, 15.650633633834152 ], [ -90.668594326143392, 15.650508568052604 ], [ -90.669169824438853, 15.650324972716874 ], [ -90.671201614275873, 15.650036026992304 ], [ -90.672867112984463, 15.649775920926091 ], [ -90.674863014512383, 15.649619812712968 ], [ -90.676192539907632, 15.649645212490382 ], [ -90.677961337394947, 15.649319533663805 ], [ -90.679497257749446, 15.649335806902039 ], [ -90.681581478332134, 15.649512585552738 ], [ -90.682647553762564, 15.64949111440723 ], [ -90.683611885874427, 15.64934547014853 ], [ -90.684416222539298, 15.649176674207011 ], [ -90.68499282464029, 15.648893667939614 ], [ -90.68554711036127, 15.648522339187416 ], [ -90.68620379187233, 15.64821759018502 ], [ -90.68671969518887, 15.648201581313778 ], [ -90.687689186626798, 15.64863304160037 ], [ -90.688226280581247, 15.648805845613152 ], [ -90.689475533370896, 15.64881902341126 ], [ -90.690770448194925, 15.648865425484033 ], [ -90.691457130135788, 15.648950582161406 ], [ -90.691970175785016, 15.649189753018694 ], [ -90.69268800677753, 15.64956320648013 ], [ -90.693552500584161, 15.650161805130217 ], [ -90.694187523475279, 15.650800896304267 ], [ -90.694502643988613, 15.651281907455664 ], [ -90.694856913886042, 15.652429618363866 ], [ -90.695046177721366, 15.652909304677824 ], [ -90.695822448246631, 15.653217864569179 ], [ -90.696902204056912, 15.653018041494848 ], [ -90.697911345323888, 15.652983476895082 ], [ -90.698938977219811, 15.653327420576565 ], [ -90.699909130974774, 15.653704632829687 ], [ -90.70110828874536, 15.654084247281304 ], [ -90.701748308569776, 15.654279557955912 ], [ -90.703106696179276, 15.654804252101762 ], [ -90.704032321831633, 15.655047724427838 ], [ -90.704765191879162, 15.655122035253731 ], [ -90.705841619404211, 15.655221399216479 ], [ -90.706504249027773, 15.655428227596021 ], [ -90.707153361876038, 15.655802048362878 ], [ -90.708134253125252, 15.656212090193396 ], [ -90.709003418535261, 15.656398487669348 ], [ -90.709794227084302, 15.656451929496651 ], [ -90.710928008396095, 15.656530412671305 ], [ -90.711844946889457, 15.656561451521942 ], [ -90.712723205618275, 15.656926359953507 ], [ -90.713748166111799, 15.657515271506375 ], [ -90.714968969490187, 15.658049755601429 ], [ -90.716570055285402, 15.658399606080945 ], [ -90.718128571067751, 15.65843730888489 ], [ -90.719449988660131, 15.658151806486259 ], [ -90.720275721797037, 15.6581050658548 ], [ -90.721832485807681, 15.658353908020015 ], [ -90.722769481957471, 15.658574836021705 ], [ -90.724413849911272, 15.659175788580901 ], [ -90.726630633374455, 15.659819941641704 ], [ -90.728929058170195, 15.660355376593873 ], [ -90.730622059782448, 15.660672202952886 ], [ -90.732074891384926, 15.660942481910345 ], [ -90.7333446520976, 15.661166816344419 ], [ -90.734258304276125, 15.661499260631413 ], [ -90.735193601906857, 15.661930175851953 ], [ -90.736928132077125, 15.662659590003321 ], [ -90.737681101118639, 15.662977937651233 ], [ -90.738939937270004, 15.663190832472793 ], [ -90.739936624418874, 15.663235006314222 ], [ -90.740725930969802, 15.663376412665061 ], [ -90.741754792608759, 15.663675008699258 ], [ -90.742551751169714, 15.664128185135061 ], [ -90.743303370946023, 15.664623805772784 ], [ -90.74445117614934, 15.6655029643068 ], [ -90.745728381918397, 15.666115797990285 ], [ -90.747614006628254, 15.666679549971967 ], [ -90.749318887667968, 15.666985066834561 ], [ -90.751299181315758, 15.667261780609259 ], [ -90.753793168008386, 15.667731220715075 ], [ -90.754878840965858, 15.668008885627703 ], [ -90.756042483431699, 15.66856516225141 ], [ -90.759034160523825, 15.669629163831722 ], [ -90.760333674284794, 15.67034152927959 ], [ -90.761095700060608, 15.670904965554591 ], [ -90.761996592685463, 15.671347848533575 ], [ -90.763756962761363, 15.671809679075817 ], [ -90.764578907994348, 15.672117353559518 ], [ -90.765972115706859, 15.672631884946673 ], [ -90.767169499560453, 15.673199745171715 ], [ -90.768252915406478, 15.673743851067234 ], [ -90.770639061004147, 15.674656976333941 ], [ -90.773171304485956, 15.675859550662416 ], [ -90.774244538888425, 15.676270262528128 ], [ -90.775479966698782, 15.67650531122305 ], [ -90.777426044956357, 15.676780326427687 ], [ -90.778993777574868, 15.677062775738113 ], [ -90.77999970708278, 15.677339515863286 ], [ -90.781733126444266, 15.678201859088034 ], [ -90.782373588482059, 15.678319029337043 ], [ -90.782947533202844, 15.678280803688574 ], [ -90.783544955164615, 15.678119712781912 ], [ -90.784063821513698, 15.677892323012502 ], [ -90.784742263027042, 15.677676711186397 ], [ -90.785237585047099, 15.677470535048302 ], [ -90.785732662615189, 15.677286943860228 ], [ -90.78682191621138, 15.677242628803935 ], [ -90.788644542886075, 15.67729381338375 ], [ -90.789939014383549, 15.677407408824065 ], [ -90.791161874766672, 15.677730335051352 ], [ -90.791960439400071, 15.678105439384982 ], [ -90.792965088463831, 15.678504080663254 ], [ -90.793625050521783, 15.678977165896306 ], [ -90.793859060654214, 15.679601807929831 ], [ -90.79406426229815, 15.680791969010262 ], [ -90.794127142509893, 15.682425664126248 ], [ -90.794089688854996, 15.683740997079632 ], [ -90.794035999761817, 15.684451953696238 ], [ -90.793684502356726, 15.685158779045537 ], [ -90.793192820741467, 15.686109257194213 ], [ -90.792795502643642, 15.686794157803432 ], [ -90.792443510116385, 15.687546150127067 ], [ -90.791177371984375, 15.690154609339663 ], [ -90.790349208544413, 15.691170572183008 ], [ -90.789948055575778, 15.691452244575846 ], [ -90.789371185652072, 15.691758113785202 ], [ -90.788655451198309, 15.692238756550783 ], [ -90.788146402680752, 15.692633400683819 ], [ -90.7846464401904, 15.696107993737588 ], [ -90.782371360769631, 15.698639519382565 ], [ -90.778985772819723, 15.702137745744093 ], [ -90.778292696582795, 15.70261970838253 ], [ -90.777119771301059, 15.702895758386255 ], [ -90.776317169405289, 15.702887589073535 ], [ -90.775788954510247, 15.702948842996369 ], [ -90.775238009703173, 15.703009864089077 ], [ -90.774572240970059, 15.703069713898822 ], [ -90.773976790495524, 15.703042188984796 ], [ -90.773314407714665, 15.702790367314218 ], [ -90.772378351690392, 15.702403622796012 ], [ -90.771206624960683, 15.702568977213936 ], [ -90.770972490455478, 15.703033008272662 ], [ -90.770872764149544, 15.703787523902792 ], [ -90.770888483404278, 15.704432542500628 ], [ -90.771179805332451, 15.705035199365263 ], [ -90.772403668007698, 15.706402903721134 ], [ -90.774286724215671, 15.70826520112921 ], [ -90.77569751227324, 15.709279050955685 ], [ -90.777383434612517, 15.710295696610947 ], [ -90.778771030374415, 15.711354468401909 ], [ -90.77981064836851, 15.712786895980813 ], [ -90.781385760161854, 15.715534817709665 ], [ -90.782079090696996, 15.717186203321624 ], [ -90.783321744455023, 15.718931255554333 ], [ -90.785263791747738, 15.719617293681903 ], [ -90.786708484859389, 15.719610493675226 ], [ -90.788136459228383, 15.719046740637157 ], [ -90.789818251848928, 15.718353414185307 ], [ -90.791848276061742, 15.717262673042201 ], [ -90.793343558996156, 15.71683395700099 ], [ -90.794075774669011, 15.716996081596568 ], [ -90.794668733969786, 15.717313779510301 ], [ -90.795877891203489, 15.717903097243038 ], [ -90.796718373255629, 15.71862308381399 ], [ -90.796983231095638, 15.719581197286152 ], [ -90.796816717817592, 15.720156621876505 ], [ -90.796257592837307, 15.720973152186202 ], [ -90.795654333782693, 15.721610794255097 ], [ -90.794682489537522, 15.722423149312691 ], [ -90.793551902326385, 15.723033998432264 ], [ -90.792030246719818, 15.723795603633782 ], [ -90.790860541582219, 15.723762305033016 ], [ -90.789694311571296, 15.723461377018108 ], [ -90.789032791656723, 15.723121512221828 ], [ -90.788307296081001, 15.722336032886874 ], [ -90.787419331832297, 15.72174992766004 ], [ -90.786640349520979, 15.721652808557621 ], [ -90.785766954302801, 15.721822386496545 ], [ -90.784456210475, 15.722163697284932 ], [ -90.783879825296921, 15.722469547305716 ], [ -90.783114919475707, 15.723172139654702 ], [ -90.782674901384198, 15.723590047232797 ], [ -90.782006653284796, 15.723872366870619 ], [ -90.780925938499095, 15.724127905448567 ], [ -90.779615898044838, 15.724402561845045 ], [ -90.778855062241519, 15.724727974495625 ], [ -90.778433992185256, 15.725493905165994 ], [ -90.778415328823201, 15.726192781633795 ], [ -90.778556866559697, 15.726849246121255 ], [ -90.778895914185767, 15.727947040030134 ], [ -90.779222666164713, 15.728888858486055 ], [ -90.779502117768089, 15.729569313120541 ], [ -90.779849034885771, 15.730372426544742 ], [ -90.780520514970362, 15.731890333216231 ], [ -90.780710618469655, 15.732369984031791 ], [ -90.780979143901618, 15.732983696899293 ], [ -90.781325254544129, 15.733808255939746 ], [ -90.781594244594345, 15.734433267408278 ], [ -90.782166174754906, 15.735616998347643 ], [ -90.782401034187018, 15.736163735776193 ], [ -90.782691469469412, 15.736854465648362 ], [ -90.782947484401106, 15.737601314197448 ], [ -90.783143619901637, 15.738547447544375 ], [ -90.783325207273307, 15.739759958869021 ], [ -90.783336494048953, 15.740816019056121 ], [ -90.7834865591755, 15.741817021681154 ], [ -90.783867536856945, 15.742654359066313 ], [ -90.784526599480927, 15.743171525950867 ], [ -90.785270066575194, 15.743378979258393 ], [ -90.78629086627447, 15.743389351032322 ], [ -90.78693200844576, 15.743462495082113 ], [ -90.787583244827019, 15.743680296130204 ], [ -90.788198997718965, 15.744052459628982 ], [ -90.788926136817949, 15.744638066907831 ], [ -90.789562348709978, 15.74522162354743 ], [ -90.791029148424045, 15.746369243225899 ], [ -90.791655502545495, 15.746786678492274 ], [ -90.792419449168278, 15.747205506393566 ], [ -90.792910258078706, 15.747432962286792 ], [ -90.793973084005302, 15.74776559410514 ], [ -90.794694697771817, 15.747839531973836 ], [ -90.79522231227881, 15.747844871881036 ], [ -90.795957622064009, 15.747730338589568 ], [ -90.796970259632118, 15.747418714158247 ], [ -90.797386015073272, 15.747145092907427 ], [ -90.798242157977981, 15.74647613041472 ], [ -90.798682082575155, 15.746069487568171 ], [ -90.800064570494072, 15.74443909731386 ], [ -90.800890234518576, 15.743403898469328 ], [ -90.801482256673694, 15.742732254514447 ], [ -90.802235786377281, 15.741951557941775 ], [ -90.802826114151259, 15.741491082633104 ], [ -90.803807423967584, 15.740889985256645 ], [ -90.804485416136373, 15.74073531759041 ], [ -90.805014070046454, 15.740696595579408 ], [ -90.805598450002137, 15.740735231933648 ], [ -90.80629743298006, 15.740797606649283 ], [ -90.807419873689213, 15.740953461242924 ], [ -90.808140276098769, 15.741139146025004 ], [ -90.809626333077844, 15.741586633736773 ], [ -90.810756531476159, 15.742053126633243 ], [ -90.811658915485893, 15.742396481313628 ], [ -90.812435875223841, 15.742692271929016 ], [ -90.813098686592753, 15.742921410119258 ], [ -90.81373866160483, 15.743105141926957 ], [ -90.814355661658539, 15.743311230491866 ], [ -90.815291394902246, 15.743754291464494 ], [ -90.815803662717556, 15.744103885030114 ], [ -90.816325822065309, 15.744619595660433 ], [ -90.817210477755836, 15.745369329311215 ], [ -90.819375322211457, 15.746905496808214 ], [ -90.819761919895626, 15.74723123592336 ], [ -90.820101387053242, 15.74765701988764 ], [ -90.820196642821799, 15.74840223065298 ], [ -90.820051004615763, 15.749155196852508 ], [ -90.819712057300407, 15.749718751110285 ], [ -90.819364053121518, 15.750092479454024 ], [ -90.818854647039444, 15.750565105549917 ], [ -90.817501509738264, 15.751584931626123 ], [ -90.816703827305062, 15.752187927271901 ], [ -90.816000053645084, 15.752569377097924 ], [ -90.815400063083786, 15.752896524096407 ], [ -90.814939791767443, 15.753080512408207 ], [ -90.814410368628344, 15.753242347960933 ], [ -90.813053021876229, 15.753617227847856 ], [ -90.811301814713687, 15.754343890514978 ], [ -90.811022103377965, 15.754763464291626 ], [ -90.810910930817428, 15.755506600235554 ], [ -90.810892130982225, 15.756172739483619 ], [ -90.810663124755465, 15.758280098729498 ], [ -90.810514691704967, 15.759289391350228 ], [ -90.810244010209217, 15.760986368281273 ], [ -90.810009867581755, 15.762483812734938 ], [ -90.80951309535854, 15.766066814667257 ], [ -90.809443809840175, 15.76714353416663 ], [ -90.809261322638804, 15.768118600154873 ], [ -90.809061209362469, 15.76861689449084 ], [ -90.808826244688802, 15.769102416852135 ], [ -90.808207473372335, 15.770140849105374 ], [ -90.80772203926459, 15.770491707239605 ], [ -90.80686701255496, 15.77104890331891 ], [ -90.806173612545152, 15.771542223508336 ], [ -90.805217160649477, 15.77193237177551 ], [ -90.804458305402761, 15.772113319303601 ], [ -90.802827760369965, 15.772285462813613 ], [ -90.801334926465088, 15.772448819823703 ], [ -90.799314669675127, 15.772583117007523 ], [ -90.79781066189463, 15.772701163638612 ], [ -90.7970748945948, 15.772849566071864 ], [ -90.79644151340527, 15.773020460459096 ], [ -90.795703924793386, 15.773391325343347 ], [ -90.795134045002186, 15.774107209812771 ], [ -90.794952908480852, 15.774950132193277 ], [ -90.794921541667279, 15.775694059598967 ], [ -90.794888484914082, 15.77664803241851 ], [ -90.794830418897959, 15.778836135563056 ], [ -90.794713279485023, 15.780123545707944 ], [ -90.794589287285433, 15.780965917340705 ], [ -90.79430132789156, 15.782140913366877 ], [ -90.79367655720668, 15.782645044558143 ], [ -90.79318061717062, 15.782883952185525 ], [ -90.792259554559863, 15.783230349383391 ], [ -90.791488376124533, 15.783467588988145 ], [ -90.790737186723703, 15.783959129544568 ], [ -90.790649619652683, 15.784613266860726 ], [ -90.790391575771409, 15.785177579523806 ], [ -90.79008737112234, 15.785696247786127 ], [ -90.78973912873893, 15.786081205901718 ], [ -90.789344450125839, 15.786499569085167 ], [ -90.788789539280415, 15.786905009699939 ], [ -90.787970583297323, 15.787351807834723 ], [ -90.787185677758643, 15.787777489273408 ], [ -90.786150436416662, 15.788056062298972 ], [ -90.785414744001315, 15.788191995316122 ], [ -90.78466809991636, 15.788262313319764 ], [ -90.784071334532186, 15.788278816618076 ], [ -90.783412475431618, 15.788749813722003 ], [ -90.783313200241267, 15.78945916063017 ], [ -90.78333853747678, 15.790292878827382 ], [ -90.783432992089274, 15.791099067568885 ], [ -90.783439100234645, 15.791609596014117 ], [ -90.783430881725337, 15.7923650458588 ], [ -90.783203371757921, 15.793228933932539 ], [ -90.782737314995245, 15.793880331468662 ], [ -90.782146158222787, 15.794451393724858 ], [ -90.781417861678648, 15.794977010425379 ], [ -90.780818666332024, 15.795214830009604 ], [ -90.78034613637125, 15.795388441179073 ], [ -90.779852065013287, 15.795505362546489 ], [ -90.779368488488004, 15.795622389979112 ], [ -90.778675794252464, 15.796037685086915 ], [ -90.778085347251249, 15.796542112151959 ], [ -90.777690626838151, 15.796960448139018 ], [ -90.777307085095842, 15.797422943170467 ], [ -90.776898123997384, 15.79813024608616 ], [ -90.776755412737018, 15.798595203978486 ], [ -90.777024108740719, 15.799197635064044 ], [ -90.777477846027125, 15.799624652968012 ], [ -90.778445105363232, 15.800344903737818 ], [ -90.779653086707739, 15.801078905944724 ], [ -90.780771454737788, 15.801634680203728 ], [ -90.781203772412411, 15.801994841259091 ], [ -90.781744949910163, 15.802855282053667 ], [ -90.78187700075479, 15.803368224623751 ], [ -90.781856392575307, 15.804189049427738 ], [ -90.781828075322935, 15.804700354054717 ], [ -90.781704727984888, 15.805476083571026 ], [ -90.781330168779519, 15.806183745730877 ], [ -90.779451927357385, 15.809040985098321 ], [ -90.779365993390996, 15.809540407332864 ], [ -90.779335099751663, 15.812371356446008 ], [ -90.779328789654357, 15.812949513833535 ], [ -90.779180854757186, 15.813892131350972 ], [ -90.778806280176426, 15.814598656962417 ], [ -90.778120954670257, 15.815347172404097 ], [ -90.777441426923687, 15.815618032398367 ], [ -90.776764472876778, 15.815599804737138 ], [ -90.77594976631562, 15.815591457546724 ], [ -90.775112897081868, 15.815582880102205 ], [ -90.77453600689104, 15.815854784970902 ], [ -90.773980378141246, 15.816315503645606 ], [ -90.773597515543671, 15.816711361755431 ], [ -90.773141668890645, 15.817487058059488 ], [ -90.77305555016153, 15.818001153522649 ], [ -90.772945068457318, 15.81866294160254 ], [ -90.772636619864357, 15.820624823925968 ], [ -90.772337156553519, 15.821765769903907 ], [ -90.771905868339985, 15.822427650888512 ], [ -90.771253439834325, 15.823309738254839 ], [ -90.770903866160381, 15.823806442304171 ], [ -90.770588822614513, 15.824292206340349 ], [ -90.770062329474953, 15.825230919934265 ], [ -90.769816472121661, 15.825683516046357 ], [ -90.769616226730307, 15.826125286661336 ], [ -90.769404530212, 15.826600819102632 ], [ -90.769062468807007, 15.82747479439834 ], [ -90.768773902019618, 15.82868247202398 ], [ -90.768514415196549, 15.829313359133321 ], [ -90.768175914064045, 15.829809041775825 ], [ -90.767757871707644, 15.830271153739575 ], [ -90.766909619546865, 15.831240425519608 ], [ -90.765798236600347, 15.832161805523814 ], [ -90.760260171661912, 15.835997468499389 ], [ -90.759614357035375, 15.836323946046626 ], [ -90.758981575177486, 15.836473252263337 ], [ -90.758098832579947, 15.836386202464555 ], [ -90.757365884604226, 15.836256653923593 ], [ -90.756610191114135, 15.836126867622459 ], [ -90.756072143755659, 15.836043374317731 ], [ -90.755241005974796, 15.835456554304065 ], [ -90.754946810652058, 15.83505372727174 ], [ -90.754664276851031, 15.8346510207425 ], [ -90.75424529981413, 15.834191561779928 ], [ -90.753515922143237, 15.833740180170738 ], [ -90.752645721311083, 15.833575315353446 ], [ -90.751772451151083, 15.833688228448455 ], [ -90.751241555594902, 15.833960537979996 ], [ -90.750684351861352, 15.834554428360812 ], [ -90.750275743759275, 15.835161150545199 ], [ -90.75005303355799, 15.835625248958927 ], [ -90.749907886295446, 15.836301336917813 ], [ -90.749727102157138, 15.837087727321178 ], [ -90.749593774085056, 15.837697304774881 ], [ -90.749462000027137, 15.838218813457864 ], [ -90.749236987794248, 15.838837603724896 ], [ -90.748978650136266, 15.839357797510509 ], [ -90.748710483740837, 15.839764954022268 ], [ -90.748186425977622, 15.840470982802339 ], [ -90.747711064823832, 15.84088840974726 ], [ -90.747178399252775, 15.841370738792241 ], [ -90.746507978723116, 15.841808720182932 ], [ -90.745793334379059, 15.842079099535185 ], [ -90.745185478274166, 15.842082940903888 ], [ -90.744166543661393, 15.841862283559621 ], [ -90.743604798067821, 15.841811262048711 ], [ -90.742963007635183, 15.841771828034654 ], [ -90.74226249676812, 15.841819867085363 ], [ -90.741729223095973, 15.842303305562291 ], [ -90.741344403118831, 15.842865082554423 ], [ -90.741098572521196, 15.843307470299539 ], [ -90.740862716774046, 15.843849339727425 ], [ -90.74070855935507, 15.844335598343841 ], [ -90.740516050745569, 15.84512298185396 ], [ -90.740506914365483, 15.845943899335351 ], [ -90.740367779436411, 15.848119767261633 ], [ -90.73982772664958, 15.848214642485145 ], [ -90.739251822755605, 15.848385934775502 ], [ -90.73843610291577, 15.848510679841917 ], [ -90.737779580231944, 15.848692420151941 ], [ -90.737329611037183, 15.848921486598979 ], [ -90.736924610496246, 15.849250404418227 ], [ -90.736599153501018, 15.849612900601883 ], [ -90.736330315768754, 15.850076496713426 ], [ -90.736127854257191, 15.85070792460173 ], [ -90.735981286078783, 15.851505946198193 ], [ -90.735961647710226, 15.852272541530816 ], [ -90.735953471286848, 15.853005379859789 ], [ -90.735752997779841, 15.853458397654261 ], [ -90.735253597110017, 15.853986210280217 ], [ -90.733975963910183, 15.855405937966998 ], [ -90.732662459860251, 15.856902074840626 ], [ -90.731781383385993, 15.857703691784989 ], [ -90.730930989169693, 15.858838768152001 ], [ -90.730067793632216, 15.860074216504161 ], [ -90.729805624204843, 15.860981688568252 ], [ -90.729737310116903, 15.861925072235286 ], [ -90.72983990775279, 15.86302609228372 ], [ -90.730263904872928, 15.864130483065832 ], [ -90.730727086542387, 15.864757589642224 ], [ -90.731180689421706, 15.86525020525997 ], [ -90.731600360357348, 15.865699551378004 ], [ -90.732066290525623, 15.866081623587021 ], [ -90.732843035654241, 15.866422907220869 ], [ -90.733565632904586, 15.866441770047551 ], [ -90.734116406231664, 15.866436243798747 ], [ -90.734713261100865, 15.86643120091199 ], [ -90.735661588506403, 15.866819444091611 ], [ -90.736354162063847, 15.867437645189936 ], [ -90.736980607455507, 15.86786543170013 ], [ -90.73750479438327, 15.868204058845656 ], [ -90.737961635424526, 15.868408723991944 ], [ -90.738737187743837, 15.868806443030076 ], [ -90.738913376824129, 15.869485870144732 ], [ -90.738815611528267, 15.870039340143721 ], [ -90.73856701321759, 15.870725623892104 ], [ -90.738352954294271, 15.871400971940092 ], [ -90.737968550895999, 15.871918693945751 ], [ -90.737619706112042, 15.872282073410794 ], [ -90.737086422733171, 15.872809530182822 ], [ -90.736734817020363, 15.873472145310396 ], [ -90.736691758648732, 15.875237935579319 ], [ -90.736584796501006, 15.87661344458995 ], [ -90.736544962214012, 15.878090164454008 ], [ -90.736530061417056, 15.879423723206187 ], [ -90.736601137097097, 15.880268061087389 ], [ -90.736664635772684, 15.88074642393112 ], [ -90.736898483083394, 15.881382414126927 ], [ -90.738123237494321, 15.882727816438173 ], [ -90.740486348638299, 15.88485191476396 ], [ -90.74115882279844, 15.885395365861385 ], [ -90.742470466462862, 15.886016638079017 ], [ -90.743020314242941, 15.886099172210674 ], [ -90.743524932209951, 15.886104440276029 ], [ -90.744317644484696, 15.886068671531973 ], [ -90.745225596757905, 15.885900839808963 ], [ -90.745744692683374, 15.885706366436708 ], [ -90.746493825259719, 15.885392321521973 ], [ -90.748339518547652, 15.884528426936111 ], [ -90.749031817216107, 15.884235239389493 ], [ -90.749642649855204, 15.883975078370101 ], [ -90.75033361075171, 15.883749630989071 ], [ -90.75114098625437, 15.883391000905831 ], [ -90.751844236494875, 15.883109208809389 ], [ -90.753007448672875, 15.882755401890153 ], [ -90.753524594167573, 15.882682854061523 ], [ -90.754156788066936, 15.882600203674444 ], [ -90.754948417576259, 15.882608425086259 ], [ -90.75586540040338, 15.882729748438342 ], [ -90.75651850511214, 15.882813319495098 ], [ -90.75702200652411, 15.882919053288671 ], [ -90.757502393947519, 15.883057297062226 ], [ -90.758183980378689, 15.88373066668416 ], [ -90.758382255239496, 15.88447694580333 ], [ -90.758487998305654, 15.885255016296282 ], [ -90.7585731586896, 15.885889452133013 ], [ -90.75863215999577, 15.886778839428288 ], [ -90.758694361498399, 15.887379155283337 ], [ -90.758696344833083, 15.888201323349373 ], [ -90.758613364817322, 15.88947772877002 ], [ -90.758409046901818, 15.890330507823917 ], [ -90.754395350295439, 15.898330725547027 ], [ -90.753649122693147, 15.899377752362282 ], [ -90.752645950686329, 15.900810586361043 ], [ -90.752132772232756, 15.901572053537283 ], [ -90.751870890184051, 15.902402762601966 ], [ -90.751651334067589, 15.904621845464373 ], [ -90.751595862362493, 15.90546486762652 ], [ -90.751551326636218, 15.90632155479539 ], [ -90.751626183112279, 15.907880792999112 ], [ -90.75178217741194, 15.910381594097451 ], [ -90.751878778286851, 15.910982267526682 ], [ -90.751988154369599, 15.911483695763643 ], [ -90.752251436319824, 15.912575097860429 ], [ -90.752575923722986, 15.914354893825855 ], [ -90.752676775767341, 15.915623037604446 ], [ -90.75257842317572, 15.916176507562959 ], [ -90.752252330688677, 15.916639518658123 ], [ -90.751727714949581, 15.917322936018991 ], [ -90.751479819561084, 15.917942605430129 ], [ -90.751125192542631, 15.9188717261144 ], [ -90.750703195165485, 15.919666881268197 ], [ -90.75038780063943, 15.920163881431366 ], [ -90.749851591982079, 15.920891213396137 ], [ -90.749386459292325, 15.92141939794309 ], [ -90.74889831612208, 15.921969928823994 ], [ -90.748467945343009, 15.922519930172012 ], [ -90.748084844690908, 15.922860371718938 ], [ -90.747021896320533, 15.923515567837104 ], [ -90.745474282137167, 15.924355416523888 ], [ -90.74443469305254, 15.92495550623973 ], [ -90.743254829191898, 15.925731423539634 ], [ -90.742584172751251, 15.926162576330942 ], [ -90.741362384120578, 15.926616189085575 ], [ -90.739699996555501, 15.927487538761365 ], [ -90.737827835269513, 15.92859044044418 ], [ -90.737155969582744, 15.929127715012891 ], [ -90.736810024319894, 15.929742945013388 ], [ -90.735809954591758, 15.931445600583457 ], [ -90.735587330025382, 15.931887079737521 ], [ -90.735189240215433, 15.932571773390526 ], [ -90.734810911640096, 15.933523190336063 ], [ -90.734627561264958, 15.934520696727054 ], [ -90.734549352571847, 15.935353301455674 ], [ -90.734459815279806, 15.936207243444159 ], [ -90.734407734317401, 15.936739726934618 ], [ -90.734210591292097, 15.938964640115158 ], [ -90.734087407249916, 15.939696260712655 ], [ -90.73403315542302, 15.940473780941495 ], [ -90.734047682356035, 15.941206849230031 ], [ -90.734129820424215, 15.942051303935949 ], [ -90.73425904931851, 15.94280816581395 ], [ -90.734662209781206, 15.943701163695634 ], [ -90.735321291941204, 15.944307751978297 ], [ -90.735958369761548, 15.944847478281609 ], [ -90.736642461362862, 15.945254440976028 ], [ -90.737122717641213, 15.945415329256434 ], [ -90.737626568894299, 15.945553879155133 ], [ -90.738222291454861, 15.945670804883502 ], [ -90.738818179892505, 15.945721103895565 ], [ -90.739438487737203, 15.945727613397288 ], [ -90.740265277844742, 15.945692242806373 ], [ -90.741184684554341, 15.945568625458115 ], [ -90.742128179780337, 15.945378629469545 ], [ -90.742820073749868, 15.945141946764883 ], [ -90.74369612193496, 15.944772805003863 ], [ -90.744551467883113, 15.944271314600678 ], [ -90.745243024100915, 15.944012034482565 ], [ -90.74600502065654, 15.943664273945927 ], [ -90.746579875238155, 15.943559615121361 ], [ -90.74712801550146, 15.943809277712662 ], [ -90.747375352464687, 15.944289562493628 ], [ -90.747799607832647, 15.945337481736637 ], [ -90.74842183786167, 15.947210737166101 ], [ -90.748855541089711, 15.948458640798895 ], [ -90.7491567241875, 15.949239885089471 ], [ -90.749573500779931, 15.949965870045689 ], [ -90.750109347934398, 15.950795864552315 ], [ -90.750402928490047, 15.951265336643106 ], [ -90.750719269998825, 15.951735046185551 ], [ -90.751171594479985, 15.952362022568032 ], [ -90.751714560657149, 15.953078028621908 ], [ -90.752329683970061, 15.953551984190547 ], [ -90.752899873617523, 15.953868495844221 ], [ -90.753586008307821, 15.954098131614103 ], [ -90.75443297452631, 15.954350896876116 ], [ -90.755646760618731, 15.954630067897028 ], [ -90.756700319843219, 15.954884977911696 ], [ -90.757318345147141, 15.955047260744683 ], [ -90.75795839072012, 15.955276403569563 ], [ -90.758530665049008, 15.955616637656187 ], [ -90.758654307577856, 15.956726915865172 ], [ -90.758789465328462, 15.960055291186368 ], [ -90.758735699585031, 15.960743614298929 ], [ -90.758547170051401, 15.962213151661963 ], [ -90.758196788485193, 15.96275383145956 ], [ -90.757548061790928, 15.963302698590484 ], [ -90.756625523778965, 15.96364768876705 ], [ -90.756141368075859, 15.96383123751027 ], [ -90.755542604244738, 15.963980839321042 ], [ -90.754722856719383, 15.964372067981243 ], [ -90.753647498715779, 15.965073443716975 ], [ -90.751918235793397, 15.966732413568142 ], [ -90.751037557921492, 15.967456135221976 ], [ -90.75036768195686, 15.967804866468221 ], [ -90.749768140708284, 15.968075278787206 ], [ -90.749111333473621, 15.968246838837549 ], [ -90.748214214354093, 15.968403461901268 ], [ -90.747446504264516, 15.968262167401928 ], [ -90.746886011526598, 15.968067704508744 ], [ -90.746135357731191, 15.967393550922974 ], [ -90.74567093362333, 15.96685565285744 ], [ -90.744984552060203, 15.966593237397282 ], [ -90.744342380298292, 15.966552628086903 ], [ -90.74380192505285, 15.966602300331942 ], [ -90.743159250344704, 15.966606852640641 ], [ -90.742321064567037, 15.966609354319925 ], [ -90.741585925738107, 15.966635519391737 ], [ -90.740965643202941, 15.966673050415931 ], [ -90.740160032266445, 15.966841894318875 ], [ -90.739538127093738, 15.967023956248456 ], [ -90.7387729996221, 15.967693498197018 ], [ -90.737692390653507, 15.968804667419251 ], [ -90.736748967946212, 15.970016649724215 ], [ -90.736166541379689, 15.970787480908774 ], [ -90.735765485747677, 15.971727355809911 ], [ -90.735573898669969, 15.972414212171214 ], [ -90.735520553245451, 15.973057353285286 ], [ -90.735579424580749, 15.973946732851939 ], [ -90.735916893194769, 15.97456123529166 ], [ -90.736252697900952, 15.975375609386267 ], [ -90.736509260236105, 15.976022009976223 ], [ -90.73673188349963, 15.976624011728532 ], [ -90.736887086753811, 15.977148512193336 ], [ -90.737004911045204, 15.977882666734036 ], [ -90.737112649917819, 15.97852750339327 ], [ -90.737105158292195, 15.979193712601045 ], [ -90.737009619909387, 15.980526411777886 ], [ -90.736803696427316, 15.981501087503259 ], [ -90.736370302816155, 15.982252029310571 ], [ -90.735743847354641, 15.982833797494088 ], [ -90.735131350537529, 15.983160488402779 ], [ -90.734229589311667, 15.983463803606472 ], [ -90.733345923698508, 15.983663409488793 ], [ -90.731692019477606, 15.983735179492964 ], [ -90.730751087157842, 15.983681205939146 ], [ -90.729501629563728, 15.983500877778356 ], [ -90.728882546363678, 15.983427712439529 ], [ -90.727437682900458, 15.983235143300451 ], [ -90.726854544173079, 15.98302909500128 ], [ -90.725962997012658, 15.982686523846276 ], [ -90.72527919790133, 15.982245642643024 ], [ -90.724447993312992, 15.981625898914976 ], [ -90.723345906787173, 15.98059787037927 ], [ -90.722560610759331, 15.979945859321536 ], [ -90.72199041169408, 15.979629264530795 ], [ -90.721373737059537, 15.979344923454615 ], [ -90.720756565525718, 15.979104621453043 ], [ -90.719886797778088, 15.978851472323019 ], [ -90.718889759359769, 15.978652309426543 ], [ -90.718078800955723, 15.978309435489811 ], [ -90.717107507615168, 15.977899359620638 ], [ -90.716525653685537, 15.977582628252229 ], [ -90.716116480837456, 15.977222557354589 ], [ -90.715787640270804, 15.976830589274593 ], [ -90.715483285588022, 15.976338376694283 ], [ -90.715118551054474, 15.975869235862032 ], [ -90.714623244473245, 15.9752304438442 ], [ -90.713601911491793, 15.974191939296833 ], [ -90.712220351130483, 15.973522264643574 ], [ -90.711307559561092, 15.973000988751894 ], [ -90.708973611808787, 15.972265823596176 ], [ -90.707678609687164, 15.972096187488127 ], [ -90.706989371038446, 15.972088841968519 ], [ -90.705770644892738, 15.972242981982921 ], [ -90.704918717726329, 15.972477818802989 ], [ -90.703846109818826, 15.972921473367458 ], [ -90.703383513806216, 15.973205628268747 ], [ -90.702440948614097, 15.974272894837691 ], [ -90.701770990201467, 15.975643457826626 ], [ -90.701650825333687, 15.977119268495457 ], [ -90.70168729822916, 15.977963228299028 ], [ -90.701876902480123, 15.978431645739283 ], [ -90.702396958553976, 15.979148648739905 ], [ -90.702736104008693, 15.979607369975367 ], [ -90.703551113488587, 15.98061548630792 ], [ -90.704084258519458, 15.981209535729496 ], [ -90.704936125427224, 15.982006867448845 ], [ -90.705730159299009, 15.982860042284015 ], [ -90.706534997983169, 15.983790122913662 ], [ -90.706792339657312, 15.984359766497446 ], [ -90.707477938718782, 15.986687750102638 ], [ -90.707765193151928, 15.988679476683934 ], [ -90.707973898995988, 15.991519583380818 ], [ -90.707919229801547, 15.993037882157221 ], [ -90.70788953275364, 15.993850647552927 ], [ -90.707882438870413, 15.994472806849084 ], [ -90.707737597096951, 15.995093494088829 ], [ -90.707376062370571, 15.995622656348038 ], [ -90.706862729271606, 15.99600000289214 ], [ -90.70553463532319, 15.996364130698133 ], [ -90.704809264593564, 15.996497542880954 ], [ -90.703840812834329, 15.996652067753283 ], [ -90.702740463171139, 15.996804049017999 ], [ -90.701894589235167, 15.9968571125799 ], [ -90.701029123280776, 15.996785741871546 ], [ -90.700269756185861, 15.996675979952416 ], [ -90.699511740384608, 15.996550419517453 ], [ -90.698619885759015, 15.996184016942347 ], [ -90.69513562856315, 15.994646992660037 ], [ -90.694693062163708, 15.995163966875586 ], [ -90.694745238713665, 15.995653502191404 ], [ -90.694795043739134, 15.996298848721379 ], [ -90.69501610635136, 15.99804481625868 ], [ -90.695347542630884, 16.002179246981026 ], [ -90.695085253282954, 16.003568823144253 ], [ -90.694956845348045, 16.00478818631186 ], [ -90.694946648542853, 16.005676810631098 ], [ -90.695161012058605, 16.006989067276166 ], [ -90.696086412238799, 16.008352993526149 ], [ -90.697040004014895, 16.009296004700964 ], [ -90.698220205233042, 16.010485362663001 ], [ -90.69951108157548, 16.012054210278478 ], [ -90.700322886589916, 16.013350281422639 ], [ -90.701737502333316, 16.016097147795577 ], [ -90.70186928893672, 16.01662028292569 ], [ -90.701922656670831, 16.017975983281044 ], [ -90.701629341339512, 16.019526723771072 ], [ -90.700864774499664, 16.020118176310906 ], [ -90.700175273271284, 16.020221454154317 ], [ -90.699398043222942, 16.019879986927311 ], [ -90.698920273996947, 16.019541726704766 ], [ -90.697985319499097, 16.018954641043869 ], [ -90.697002296179889, 16.018588371224396 ], [ -90.696039492357173, 16.018444780539685 ], [ -90.695098755255984, 16.018413221237658 ], [ -90.694225563129081, 16.018447882213117 ], [ -90.692937880573893, 16.01863391950754 ], [ -90.691739802823207, 16.018998209447471 ], [ -90.690173004843643, 16.019492905510312 ], [ -90.687083660538704, 16.020592275760919 ], [ -90.684432401129868, 16.021517904211002 ], [ -90.683761186840655, 16.021806523460356 ], [ -90.683071198125617, 16.022102842696373 ], [ -90.682330113498537, 16.022627850509647 ], [ -90.681813630018979, 16.023621664164075 ], [ -90.68131965729782, 16.024637174877032 ], [ -90.680737871891722, 16.025319732417771 ], [ -90.677406394429866, 16.027503802761526 ], [ -90.676086547397148, 16.028444853043634 ], [ -90.675205671377427, 16.029189648016576 ], [ -90.674138062329291, 16.030177460282964 ], [ -90.673276323318987, 16.031234126228611 ], [ -90.672760469367702, 16.032117250196496 ], [ -90.672124078641374, 16.033576112594719 ], [ -90.671542838033886, 16.03616707945142 ], [ -90.670694532674943, 16.03802338640449 ], [ -90.670087518748275, 16.038860338599626 ], [ -90.669437024183381, 16.039519521543014 ], [ -90.668757027922837, 16.039803473468265 ], [ -90.668009876794983, 16.039837126990459 ], [ -90.667252635258137, 16.039784843850793 ], [ -90.66624656238379, 16.039440763269717 ], [ -90.665104989548027, 16.038850154158851 ], [ -90.663805009933824, 16.038125692510715 ], [ -90.66250445829516, 16.037401215426268 ], [ -90.661841210236972, 16.037150064622324 ], [ -90.660882060625411, 16.036739847616865 ], [ -90.66001164886265, 16.036530470131105 ], [ -90.659255728538682, 16.036366381316807 ], [ -90.658544110075908, 16.036358609074007 ], [ -90.6580336981268, 16.036819409664567 ], [ -90.657637702898526, 16.037281461549657 ], [ -90.657308840732497, 16.037944118116361 ], [ -90.656980436612741, 16.038517571833395 ], [ -90.656417150569609, 16.039554832611643 ], [ -90.655996360770985, 16.040239067058618 ], [ -90.655438770469317, 16.040788552695044 ], [ -90.654418630236123, 16.041598347035862 ], [ -90.653496434156438, 16.041921375148419 ], [ -90.652669790436747, 16.041912321353163 ], [ -90.6519631035804, 16.041482245517834 ], [ -90.651626464406348, 16.040813434486854 ], [ -90.651303373973221, 16.038988433922871 ], [ -90.650963365839957, 16.038607541985897 ], [ -90.650462819533729, 16.038224889820818 ], [ -90.649274467650599, 16.037745485076016 ], [ -90.648404403491242, 16.037557522711293 ], [ -90.647443391598642, 16.037259020839205 ] ] ] ] } },
{ "type": "Feature", "properties": { "codigo_departamento": 13, "departamento": "Huehuetenango", "codigo_municipio_shape": 1322, "municipio": "Concepción Huista", "riesgos": 9.5, "pobreza": 11.1, "indice_san": 15.0, "politicas": 16.7, "ponderacion": 52.224, "ranking": 50, "riesgos_prom_depto": 13.2, "pobreza_prom_depto": 12.49, "indice_san_prom_depto": 13.11, "politicas_prom_depto": 11.36, "ponderacion_prom_depto": 50.13, "riesgos_prom_nacional": 13.19, "pobreza_prom_nacional": 9.78, "indice_san_prom_nacional": 7.92, "politicas_prom_nacional": 7.21, "ponderacion_prom_nacional": 38.07 }, "geometry": { "type": "MultiPolygon", "coordinates": [ [ [ [ -91.55602519132205, 15.669573199016662 ], [ -91.552189987016646, 15.669311741657857 ], [ -91.548999350878972, 15.669752696623025 ], [ -91.539524563614378, 15.669625292183492 ], [ -91.535506098775812, 15.670785833105841 ], [ -91.531734418765538, 15.671104011983356 ], [ -91.530622122142404, 15.671896424565153 ], [ -91.532112275508055, 15.657708631741876 ], [ -91.532363103717728, 15.649109386064437 ], [ -91.532867278847831, 15.648388580186776 ], [ -91.532976977234441, 15.646576033016029 ], [ -91.53429241773641, 15.643022664210466 ], [ -91.534602696740265, 15.641200163698866 ], [ -91.53617648970301, 15.638770368206277 ], [ -91.538841548926641, 15.639295404361953 ], [ -91.544664296230678, 15.641834321307634 ], [ -91.547870074099677, 15.643978425217847 ], [ -91.551453020739061, 15.644811046233132 ], [ -91.558883955060807, 15.643853393014842 ], [ -91.563086380571107, 15.64389340688634 ], [ -91.567597252889087, 15.643337692190707 ], [ -91.58570512175686, 15.643264316159629 ], [ -91.597682577988166, 15.641201418785004 ], [ -91.599286894454636, 15.641464750336032 ], [ -91.605120975137169, 15.64109069083279 ], [ -91.613499966315302, 15.641552818210187 ], [ -91.623917427530003, 15.640401647498848 ], [ -91.62795303912101, 15.640457441449241 ], [ -91.64063564141091, 15.636859071039019 ], [ -91.647339079191951, 15.633662839842899 ], [ -91.652165972678546, 15.627966517450277 ], [ -91.660688840807268, 15.620444080867449 ], [ -91.666787837295473, 15.614888712624817 ], [ -91.671564447728983, 15.610457814846608 ], [ -91.676138529513139, 15.603406296775589 ], [ -91.67892311554489, 15.599336091964156 ], [ -91.680030221272929, 15.597476257286859 ], [ -91.691736884021452, 15.589654678498519 ], [ -91.691611112770246, 15.589861111966476 ], [ -91.691583335257505, 15.603194445023941 ], [ -91.702805555106067, 15.619333336261304 ], [ -91.698555555871394, 15.624333332186772 ], [ -91.736972327127319, 15.637104678213309 ], [ -91.736936213876248, 15.637223322226902 ], [ -91.737339667979782, 15.641404961144056 ], [ -91.739982752961595, 15.646019805518446 ], [ -91.743211246114186, 15.649599642667422 ], [ -91.747318641212985, 15.655354916019435 ], [ -91.748713663098968, 15.658266609432243 ], [ -91.750268686194516, 15.661527216832837 ], [ -91.750481664506395, 15.663610750277003 ], [ -91.74935846368659, 15.667573518670473 ], [ -91.745638306757115, 15.670548612523469 ], [ -91.738486281349182, 15.671470138181784 ], [ -91.736695179422014, 15.672391934398574 ], [ -91.73525206376371, 15.670964513244169 ], [ -91.732993348631339, 15.66951654696835 ], [ -91.730241922766467, 15.668641925873526 ], [ -91.728922881864975, 15.667621919641185 ], [ -91.722492529642906, 15.664643517705109 ], [ -91.717525189261679, 15.663081280193735 ], [ -91.713126184330051, 15.66285888510348 ], [ -91.709289668882334, 15.663780856215565 ], [ -91.705258363153959, 15.664151367695471 ], [ -91.701327862285709, 15.665543778190811 ], [ -91.698298779371967, 15.667205861653782 ], [ -91.689704179703284, 15.676002301620862 ], [ -91.683932602991604, 15.680568336932376 ], [ -91.679726880937793, 15.683250057544303 ], [ -91.678057405856279, 15.684882739452057 ], [ -91.666645951772082, 15.68889663599051 ], [ -91.657725952309789, 15.689593395764986 ], [ -91.643844206447469, 15.693184160384499 ], [ -91.633130440641693, 15.6939455996745 ], [ -91.628395373395449, 15.694034558838579 ], [ -91.625842817343383, 15.693451369626178 ], [ -91.620984694919912, 15.691635692132399 ], [ -91.618337570702579, 15.689777400095551 ], [ -91.615178721766114, 15.6884073062892 ], [ -91.607397934701524, 15.68621353434845 ], [ -91.596513562416987, 15.680767277896505 ], [ -91.590580102749641, 15.679568839275985 ], [ -91.582717213892664, 15.676272165069712 ], [ -91.576781017476776, 15.675081244403415 ], [ -91.573345218040103, 15.673704273823569 ], [ -91.562507898048096, 15.671524055750917 ], [ -91.55602519132205, 15.669573199016662 ] ] ] ] } }
]
}
